time,frequency,confidence
0.000,965.946,0.010852
0.010,1049.038,0.014797
0.020,1047.748,0.027228
0.030,1055.768,0.029592
0.040,553.119,0.016858
0.050,976.546,0.153311
0.060,975.237,0.802251
0.070,975.891,0.918171
0.080,977.559,0.947914
0.090,980.716,0.949174
0.100,984.760,0.939835
0.110,986.020,0.953527
0.120,985.703,0.952532
0.130,985.898,0.949504
0.140,985.605,0.949395
0.150,984.702,0.942245
0.160,984.222,0.940602
0.170,984.519,0.936946
0.180,983.794,0.939433
0.190,983.860,0.936098
0.200,984.067,0.936483
0.210,984.691,0.934500
0.220,983.842,0.935676
0.230,984.343,0.933744
0.240,984.161,0.936091
0.250,983.341,0.938505
0.260,982.850,0.941567
0.270,983.802,0.936645
0.280,984.046,0.932144
0.290,984.038,0.930523
0.300,985.541,0.935058
0.310,986.426,0.947514
0.320,986.416,0.946363
0.330,985.919,0.947709
0.340,986.079,0.950206
0.350,985.641,0.945181
0.360,984.143,0.929688
0.370,983.918,0.935277
0.380,983.266,0.936093
0.390,982.124,0.937668
0.400,981.857,0.950374
0.410,980.858,0.951969
0.420,978.657,0.948193
0.430,977.149,0.941702
0.440,975.953,0.936190
0.450,975.672,0.940304
0.460,975.744,0.943072
0.470,975.400,0.939758
0.480,974.887,0.929977
0.490,975.785,0.941012
0.500,977.630,0.939183
0.510,979.181,0.943990
0.520,981.535,0.944986
0.530,982.484,0.938902
0.540,983.498,0.934709
0.550,984.966,0.937460
0.560,983.812,0.919600
0.570,982.841,0.926859
0.580,981.747,0.937621
0.590,979.830,0.938299
0.600,979.462,0.949466
0.610,978.693,0.950490
0.620,976.774,0.946960
0.630,976.041,0.938829
0.640,976.057,0.944135
0.650,977.351,0.945773
0.660,977.278,0.945944
0.670,977.618,0.943455
0.680,976.404,0.933497
0.690,975.558,0.931100
0.700,974.826,0.918773
0.710,974.243,0.919704
0.720,975.406,0.919579
0.730,977.243,0.935110
0.740,978.925,0.934465
0.750,980.279,0.930214
0.760,982.383,0.936483
0.770,984.281,0.927046
0.780,985.345,0.932875
0.790,986.613,0.941285
0.800,986.409,0.942221
0.810,985.491,0.933292
0.820,984.910,0.936513
0.830,984.541,0.938016
0.840,983.037,0.928365
0.850,981.266,0.937887
0.860,980.541,0.947185
0.870,977.955,0.948170
0.880,976.086,0.943931
0.890,974.602,0.929455
0.900,974.297,0.925648
0.910,975.387,0.933449
0.920,976.169,0.938700
0.930,975.983,0.935964
0.940,976.574,0.938293
0.950,977.396,0.928653
0.960,978.841,0.932917
0.970,981.371,0.938768
0.980,982.799,0.935386
0.990,984.851,0.925367
1.000,986.103,0.942905
1.010,986.113,0.939145
1.020,985.492,0.938332
1.030,985.238,0.940226
1.040,985.036,0.938250
1.050,983.423,0.922633
1.060,983.355,0.926078
1.070,983.053,0.928619
1.080,981.453,0.927355
1.090,981.275,0.930533
1.100,980.949,0.935905
1.110,979.573,0.928040
1.120,980.398,0.938940
1.130,980.509,0.941170
1.140,981.721,0.941690
1.150,982.818,0.903965
1.160,997.245,0.663932
1.170,1037.815,0.812329
1.180,1040.687,0.907459
1.190,1039.635,0.924482
1.200,1038.830,0.920325
1.210,1037.523,0.925632
1.220,1039.067,0.935524
1.230,1038.287,0.940955
1.240,1036.587,0.937432
1.250,1035.000,0.922877
1.260,1034.578,0.922507
1.270,1033.726,0.933454
1.280,1034.357,0.935464
1.290,1033.948,0.935174
1.300,1033.981,0.928284
1.310,1034.239,0.930273
1.320,1034.953,0.932074
1.330,1035.547,0.936021
1.340,1036.280,0.939716
1.350,1036.716,0.944652
1.360,1037.190,0.943581
1.370,1037.515,0.941165
1.380,1037.562,0.941113
1.390,1037.135,0.939753
1.400,1037.076,0.941238
1.410,1036.859,0.946226
1.420,1036.044,0.948205
1.430,1035.041,0.947798
1.440,1034.238,0.936830
1.450,1031.862,0.910568
1.460,1030.039,0.894676
1.470,1029.374,0.921211
1.480,1028.209,0.927982
1.490,1029.303,0.930353
1.500,1030.758,0.927716
1.510,1033.379,0.937439
1.520,1035.207,0.949647
1.530,1037.445,0.954377
1.540,1039.415,0.953118
1.550,1040.465,0.949513
1.560,1041.335,0.950903
1.570,1040.943,0.956833
1.580,1039.911,0.957016
1.590,1040.018,0.949416
1.600,1040.230,0.929107
1.610,1039.653,0.914033
1.620,1037.815,0.904718
1.630,1035.722,0.905028
1.640,1033.876,0.894831
1.650,1035.045,0.887282
1.660,1039.349,0.834220
1.670,1043.995,0.830676
1.680,1047.461,0.853942
1.690,1047.362,0.893630
1.700,1045.859,0.940063
1.710,1044.438,0.956052
1.720,1045.634,0.952644
1.730,1048.282,0.833106
1.740,1173.433,0.832365
1.750,1176.142,0.925701
1.760,1177.190,0.935947
1.770,1176.438,0.940479
1.780,1175.684,0.936774
1.790,1175.534,0.939534
1.800,1175.862,0.949833
1.810,1175.525,0.954782
1.820,1175.529,0.957103
1.830,1175.905,0.960132
1.840,1176.569,0.961224
1.850,1176.863,0.958743
1.860,1178.088,0.955974
1.870,1178.700,0.952878
1.880,1179.180,0.950067
1.890,1179.305,0.947580
1.900,1179.510,0.946180
1.910,1179.885,0.942293
1.920,1179.680,0.939972
1.930,1179.418,0.944217
1.940,1178.719,0.950152
1.950,1177.678,0.956795
1.960,1176.627,0.961478
1.970,1176.019,0.967254
1.980,1175.489,0.969139
1.990,1175.257,0.967024
2.000,1175.034,0.962403
2.010,1175.193,0.958801
2.020,1175.568,0.961433
2.030,1176.428,0.962497
2.040,1176.880,0.959066
2.050,1177.969,0.955136
2.060,1178.496,0.953987
2.070,1179.100,0.952120
2.080,1179.406,0.949917
2.090,1179.723,0.945666
2.100,1179.855,0.939553
2.110,1179.729,0.936329
2.120,1179.603,0.930760
2.130,1179.186,0.928467
2.140,1178.860,0.926849
2.150,1178.691,0.925982
2.160,1177.950,0.928678
2.170,1177.476,0.936444
2.180,1176.629,0.949602
2.190,1175.051,0.964016
2.200,1174.356,0.969540
2.210,1176.008,0.963431
2.220,1179.227,0.948540
2.230,1181.499,0.934065
2.240,1180.520,0.933581
2.250,1179.769,0.934096
2.260,1179.418,0.937192
2.270,1179.873,0.935892
2.280,1179.253,0.933219
2.290,1178.761,0.936462
2.300,1177.782,0.946018
2.310,1177.069,0.955465
2.320,1175.933,0.962733
2.330,1174.327,0.962951
2.340,1173.460,0.959378
2.350,1173.460,0.953566
2.360,1173.536,0.952871
2.370,1173.339,0.950446
2.380,1174.061,0.953238
2.390,1175.725,0.957223
2.400,1178.184,0.959246
2.410,1180.416,0.952904
2.420,1182.190,0.943761
2.430,1183.967,0.932578
2.440,1184.827,0.924137
2.450,1183.905,0.928981
2.460,1182.010,0.930910
2.470,1179.876,0.938817
2.480,1178.946,0.945883
2.490,1177.832,0.945899
2.500,1176.779,0.950846
2.510,1176.047,0.953276
2.520,1175.231,0.961116
2.530,1174.482,0.960328
2.540,1173.780,0.950696
2.550,1172.883,0.937566
2.560,1173.211,0.941714
2.570,1174.061,0.943498
2.580,1175.468,0.952691
2.590,1176.327,0.958685
2.600,1177.982,0.957289
2.610,1179.500,0.953108
2.620,1181.093,0.953183
2.630,1181.698,0.952775
2.640,1182.113,0.946068
2.650,1181.025,0.946985
2.660,1178.983,0.950409
2.670,1177.085,0.956445
2.680,1175.480,0.960835
2.690,1174.886,0.954857
2.700,1177.231,0.951834
2.710,1183.783,0.907917
2.720,1192.266,0.692353
2.730,1052.231,0.578514
2.740,1054.203,0.850542
2.750,1049.578,0.860610
2.760,1047.333,0.917252
2.770,1048.914,0.938318
2.780,1050.331,0.936058
2.790,1052.595,0.926874
2.800,1053.837,0.909083
2.810,1052.623,0.911409
2.820,1050.021,0.928413
2.830,1048.135,0.947955
2.840,1045.850,0.953063
2.850,1044.551,0.938313
2.860,1043.293,0.885731
2.870,1044.741,0.871533
2.880,1045.771,0.894212
2.890,1046.792,0.928691
2.900,1047.165,0.939822
2.910,1048.911,0.943199
2.920,1050.951,0.937322
2.930,1052.728,0.931409
2.940,1054.057,0.926603
2.950,1056.278,0.903142
2.960,1057.619,0.892616
2.970,1058.907,0.882634
2.980,1059.498,0.861430
2.990,1059.279,0.867658
3.000,1056.575,0.869501
3.010,1052.722,0.914712
3.020,1048.429,0.942407
3.030,1047.036,0.957111
3.040,1048.625,0.956643
3.050,1049.660,0.952969
3.060,1047.344,0.959133
3.070,1044.956,0.960998
3.080,1045.330,0.960546
3.090,1048.117,0.951682
3.100,1051.469,0.939314
3.110,1052.873,0.929558
3.120,1053.405,0.929841
3.130,1054.210,0.933219
3.140,1055.222,0.918939
3.150,1055.364,0.901968
3.160,1054.537,0.899625
3.170,1053.592,0.894188
3.180,1053.382,0.882345
3.190,1053.105,0.899638
3.200,1051.992,0.919619
3.210,1050.572,0.937779
3.220,1050.649,0.937450
3.230,1051.763,0.940604
3.240,1053.274,0.922408
3.250,1053.636,0.895145
3.260,1052.609,0.805104
3.270,1052.989,0.546085
3.280,1041.500,0.259291
3.290,985.136,0.685705
3.300,983.887,0.894245
3.310,983.186,0.933594
3.320,984.064,0.933358
3.330,985.581,0.946840
3.340,986.250,0.954307
3.350,985.951,0.954352
3.360,986.553,0.957101
3.370,986.962,0.957763
3.380,985.325,0.947485
3.390,983.782,0.941246
3.400,983.725,0.942505
3.410,983.609,0.938478
3.420,982.454,0.946761
3.430,983.155,0.945099
3.440,982.504,0.943151
3.450,981.596,0.942928
3.460,982.070,0.939602
3.470,982.889,0.928865
3.480,982.921,0.924177
3.490,984.016,0.915342
3.500,985.021,0.916123
3.510,985.203,0.920222
3.520,985.764,0.925569
3.530,986.181,0.934735
3.540,986.570,0.940271
3.550,986.189,0.943872
3.560,986.316,0.945635
3.570,986.038,0.948179
3.580,985.044,0.934886
3.590,983.022,0.930531
3.600,981.521,0.944878
3.610,979.176,0.938827
3.620,976.101,0.912134
3.630,973.415,0.903143
3.640,972.819,0.918640
3.650,975.012,0.904070
3.660,977.861,0.932924
3.670,979.899,0.939111
3.680,981.361,0.930254
3.690,983.810,0.923430
3.700,986.358,0.943217
3.710,987.444,0.953593
3.720,988.127,0.958322
3.730,988.873,0.959992
3.740,989.067,0.959719
3.750,988.798,0.960742
3.760,987.827,0.959989
3.770,986.287,0.952732
3.780,985.235,0.945326
3.790,984.045,0.925088
3.800,981.540,0.937221
3.810,980.266,0.940498
3.820,977.742,0.871127
3.830,888.567,0.687922
3.840,885.737,0.887477
3.850,883.280,0.904738
3.860,883.039,0.923357
3.870,882.798,0.927987
3.880,882.796,0.929399
3.890,882.741,0.926315
3.900,882.971,0.917139
3.910,883.230,0.908915
3.920,883.496,0.904179
3.930,883.209,0.898762
3.940,883.015,0.892027
3.950,882.794,0.893798
3.960,882.564,0.898017
3.970,882.235,0.912167
3.980,882.030,0.929749
3.990,881.781,0.941032
4.000,881.423,0.943625
4.010,881.395,0.943359
4.020,881.813,0.940814
4.030,882.055,0.940148
4.040,882.667,0.931077
4.050,883.156,0.918900
4.060,883.471,0.913040
4.070,883.398,0.912351
4.080,883.520,0.911395
4.090,883.482,0.906308
4.100,883.366,0.900632
4.110,883.318,0.901742
4.120,883.016,0.899782
4.130,882.800,0.900122
4.140,882.662,0.894372
4.150,882.408,0.894480
4.160,882.302,0.884527
4.170,882.184,0.878895
4.180,882.195,0.866399
4.190,882.303,0.865873
4.200,882.125,0.868025
4.210,882.311,0.871309
4.220,882.302,0.884722
4.230,882.157,0.894297
4.240,882.004,0.914559
4.250,882.059,0.923724
4.260,881.716,0.935733
4.270,881.655,0.939477
4.280,881.477,0.954773
4.290,881.272,0.961486
4.300,880.357,0.962885
4.310,880.119,0.961577
4.320,880.747,0.958112
4.330,882.271,0.954883
4.340,883.075,0.948223
4.350,881.676,0.942711
4.360,881.023,0.926110
4.370,879.840,0.853379
4.380,880.280,0.804530
4.390,879.393,0.357525
4.400,780.141,0.841742
4.410,779.763,0.934075
4.420,780.648,0.946632
4.430,782.016,0.953049
4.440,782.725,0.961699
4.450,783.173,0.961036
4.460,783.562,0.960237
4.470,783.246,0.958534
4.480,782.717,0.956752
4.490,782.645,0.956215
4.500,782.324,0.955808
4.510,782.094,0.954371
4.520,781.738,0.952996
4.530,781.425,0.952076
4.540,781.350,0.954019
4.550,781.347,0.954006
4.560,781.246,0.951297
4.570,781.586,0.955730
4.580,781.958,0.956038
4.590,782.523,0.961242
4.600,783.213,0.964127
4.610,783.079,0.964072
4.620,782.450,0.959745
4.630,782.577,0.962494
4.640,782.591,0.963690
4.650,782.297,0.961787
4.660,782.097,0.962304
4.670,781.895,0.961741
4.680,782.143,0.961389
4.690,782.557,0.963227
4.700,782.847,0.963211
4.710,782.756,0.960411
4.720,782.990,0.956992
4.730,782.938,0.957025
4.740,783.106,0.948170
4.750,783.473,0.948700
4.760,783.253,0.948850
4.770,783.457,0.961229
4.780,784.138,0.960489
4.790,784.568,0.951611
4.800,783.005,0.944140
4.810,782.663,0.954661
4.820,782.522,0.956226
4.830,782.673,0.959751
4.840,783.600,0.949946
4.850,783.569,0.947708
4.860,784.304,0.949229
4.870,785.740,0.924704
4.880,787.035,0.813406
4.890,786.646,0.281687
4.900,1574.750,0.135952
4.910,1583.464,0.238949
4.920,785.258,0.670109
4.930,789.155,0.851817
4.940,791.147,0.879151
4.950,791.248,0.899353
4.960,790.539,0.924185
4.970,789.454,0.938507
4.980,788.495,0.944394
4.990,787.437,0.946939
5.000,786.600,0.947259
5.010,785.306,0.951701
5.020,783.740,0.953809
5.030,782.895,0.954492
5.040,782.507,0.955715
5.050,782.334,0.954140
5.060,782.570,0.952026
5.070,782.825,0.948765
5.080,782.948,0.942009
5.090,783.162,0.938891
5.100,783.288,0.937396
5.110,783.622,0.933313
5.120,784.173,0.929964
5.130,784.490,0.932184
5.140,784.631,0.939643
5.150,784.653,0.947328
5.160,784.657,0.952656
5.170,784.201,0.955049
5.180,783.662,0.954835
5.190,782.811,0.952494
5.200,781.957,0.950293
5.210,781.599,0.951598
5.220,781.740,0.955876
5.230,781.841,0.956986
5.240,781.523,0.949455
5.250,780.877,0.946395
5.260,780.292,0.948696
5.270,780.685,0.944038
5.280,781.317,0.929109
5.290,781.775,0.925822
5.300,782.833,0.932105
5.310,783.886,0.935698
5.320,784.883,0.936874
5.330,785.479,0.941360
5.340,785.749,0.945624
5.350,786.363,0.945540
5.360,787.152,0.944651
5.370,787.502,0.942339
5.380,786.791,0.944362
5.390,785.612,0.945931
5.400,784.578,0.949051
5.410,783.624,0.953306
5.420,782.724,0.955989
5.430,782.147,0.956290
5.440,781.774,0.956118
5.450,781.968,0.957783
5.460,782.419,0.959620
5.470,783.094,0.955046
5.480,784.755,0.945719
5.490,787.878,0.896796
5.500,878.124,0.574039
5.510,883.153,0.918059
5.520,884.191,0.942860
5.530,883.213,0.936144
5.540,883.368,0.894829
5.550,883.043,0.851166
5.560,882.782,0.825059
5.570,883.249,0.797446
5.580,883.466,0.790877
5.590,883.883,0.836025
5.600,883.817,0.883335
5.610,883.642,0.915216
5.620,883.586,0.939586
5.630,883.914,0.950708
5.640,883.591,0.953410
5.650,883.165,0.954316
5.660,883.019,0.956230
5.670,883.262,0.957660
5.680,883.181,0.955555
5.690,883.202,0.958432
5.700,883.228,0.959355
5.710,883.121,0.960138
5.720,883.189,0.963940
5.730,883.349,0.964985
5.740,883.618,0.961780
5.750,883.651,0.956984
5.760,883.543,0.949722
5.770,883.694,0.946272
5.780,884.070,0.933386
5.790,883.443,0.936877
5.800,882.732,0.942615
5.810,882.110,0.948301
5.820,881.977,0.946286
5.830,882.109,0.944904
5.840,882.311,0.949966
5.850,882.394,0.951793
5.860,882.190,0.949961
5.870,881.846,0.947321
5.880,881.712,0.945552
5.890,881.877,0.948988
5.900,881.742,0.951884
5.910,881.741,0.955238
5.920,881.753,0.958874
5.930,881.909,0.957776
5.940,882.026,0.956403
5.950,882.211,0.950629
5.960,882.157,0.945053
5.970,882.226,0.939304
5.980,882.086,0.938584
5.990,882.107,0.933099
6.000,882.351,0.930970
6.010,882.150,0.940734
6.020,881.165,0.945609
6.030,880.624,0.940278
6.040,880.829,0.916582
6.050,881.496,0.878422
6.060,882.539,0.787787
6.070,883.167,0.648235
6.080,885.267,0.527896
6.090,981.647,0.510643
6.100,984.091,0.677727
6.110,986.406,0.796121
6.120,985.395,0.887637
6.130,984.571,0.909538
6.140,982.765,0.923469
6.150,982.457,0.934912
6.160,982.283,0.942207
6.170,981.818,0.941486
6.180,982.559,0.931366
6.190,983.624,0.919334
6.200,984.275,0.917533
6.210,984.933,0.913053
6.220,985.978,0.918284
6.230,986.890,0.935978
6.240,986.796,0.941569
6.250,986.332,0.945126
6.260,986.754,0.951517
6.270,986.856,0.956150
6.280,985.943,0.947464
6.290,984.538,0.937649
6.300,984.325,0.940605
6.310,983.332,0.925867
6.320,982.179,0.933605
6.330,982.059,0.947261
6.340,981.176,0.946011
6.350,980.424,0.950944
6.360,981.376,0.945553
6.370,980.836,0.938487
6.380,981.245,0.936774
6.390,982.944,0.934400
6.400,983.151,0.934771
6.410,983.142,0.938383
6.420,983.723,0.940521
6.430,983.474,0.939006
6.440,982.843,0.945093
6.450,983.308,0.944057
6.460,982.653,0.937942
6.470,981.244,0.950657
6.480,981.786,0.948441
6.490,981.644,0.944585
6.500,981.921,0.949921
6.510,982.128,0.943699
6.520,982.078,0.944550
6.530,983.744,0.941849
6.540,986.763,0.938795
6.550,988.780,0.917085
6.560,987.235,0.870695
6.570,984.810,0.883779
6.580,987.258,0.913998
6.590,988.497,0.941145
6.600,987.867,0.952888
6.610,986.321,0.940203
6.620,983.519,0.923139
6.630,983.112,0.935189
6.640,982.079,0.938993
6.650,980.521,0.947797
6.660,979.046,0.950152
6.670,977.524,0.944229
6.680,976.833,0.940115
6.690,976.844,0.937326
6.700,977.606,0.940595
6.710,978.409,0.936578
6.720,979.945,0.940885
6.730,981.929,0.938292
6.740,982.624,0.928629
6.750,983.771,0.912521
6.760,985.472,0.917196
6.770,986.233,0.919940
6.780,986.512,0.927756
6.790,987.385,0.936615
6.800,987.727,0.942161
6.810,987.775,0.943604
6.820,987.127,0.944063
6.830,986.325,0.939740
6.840,985.024,0.939647
6.850,983.059,0.922222
6.860,980.880,0.931470
6.870,980.012,0.940995
6.880,977.709,0.945011
6.890,975.372,0.939735
6.900,972.165,0.926501
6.910,971.972,0.921441
6.920,972.603,0.932649
6.930,973.840,0.914048
6.940,974.527,0.904569
6.950,976.750,0.908395
6.960,978.721,0.915787
6.970,981.317,0.921385
6.980,982.680,0.925096
6.990,983.912,0.913520
7.000,984.674,0.917682
7.010,984.989,0.915760
7.020,984.779,0.914280
7.030,984.690,0.916035
7.040,984.412,0.916293
7.050,982.648,0.920448
7.060,982.088,0.928414
7.070,980.758,0.935215
7.080,978.898,0.926556
7.090,978.984,0.934720
7.100,977.759,0.926552
7.110,977.296,0.933592
7.120,977.570,0.936692
7.130,977.976,0.940260
7.140,979.748,0.946593
7.150,979.791,0.938848
7.160,980.341,0.920974
7.170,981.575,0.907277
7.180,981.970,0.888650
7.190,982.760,0.885459
7.200,983.583,0.896360
7.210,983.503,0.909145
7.220,983.885,0.915949
7.230,983.567,0.926850
7.240,982.411,0.931212
7.250,982.059,0.943993
7.260,981.249,0.944805
7.270,979.501,0.945074
7.280,979.106,0.940816
7.290,977.824,0.919154
7.300,977.329,0.918151
7.310,977.987,0.914057
7.320,979.504,0.922246
7.330,981.045,0.924308
7.340,981.941,0.922760
7.350,983.595,0.923681
7.360,981.829,0.878965
7.370,975.921,0.751701
7.380,885.399,0.781549
7.390,886.657,0.914963
7.400,885.817,0.938736
7.410,884.731,0.945023
7.420,883.541,0.949902
7.430,883.259,0.956585
7.440,883.424,0.958657
7.450,883.751,0.958826
7.460,884.037,0.959471
7.470,884.169,0.959828
7.480,884.221,0.962319
7.490,883.834,0.963374
7.500,883.700,0.965095
7.510,883.730,0.963096
7.520,883.508,0.962218
7.530,883.191,0.960303
7.540,883.000,0.960517
7.550,883.123,0.957362
7.560,883.012,0.952072
7.570,882.779,0.949027
7.580,882.773,0.946249
7.590,882.867,0.942724
7.600,882.696,0.941039
7.610,882.788,0.933368
7.620,882.188,0.948539
7.630,881.146,0.954317
7.640,880.676,0.957165
7.650,881.205,0.957303
7.660,881.612,0.950019
7.670,881.037,0.930632
7.680,879.270,0.905709
7.690,877.722,0.871943
7.700,876.973,0.860067
7.710,877.696,0.907560
7.720,879.407,0.945559
7.730,880.606,0.955533
7.740,881.125,0.960155
7.750,881.401,0.963942
7.760,881.682,0.967245
7.770,881.883,0.965911
7.780,881.766,0.965051
7.790,881.814,0.964478
7.800,881.824,0.962886
7.810,881.658,0.959615
7.820,881.252,0.959579
7.830,880.799,0.961285
7.840,880.566,0.962626
7.850,880.609,0.961568
7.860,880.843,0.958069
7.870,880.979,0.957392
7.880,881.165,0.961202
7.890,881.427,0.965342
7.900,881.809,0.966434
7.910,882.297,0.967531
7.920,882.652,0.967962
7.930,883.288,0.965710
7.940,884.252,0.956182
7.950,884.676,0.945703
7.960,885.215,0.929713
7.970,885.466,0.902239
7.980,885.486,0.872419
7.990,884.806,0.862135
8.000,883.722,0.882410
8.010,882.438,0.917167
8.020,881.516,0.943632
8.030,880.938,0.944190
8.040,880.937,0.949088
8.050,881.512,0.943373
8.060,881.682,0.948756
8.070,881.403,0.943150
8.080,881.164,0.949312
8.090,881.224,0.961036
8.100,881.327,0.968291
8.110,881.349,0.971050
8.120,881.961,0.971138
8.130,882.706,0.970026
8.140,883.107,0.967361
8.150,883.133,0.963380
8.160,882.798,0.962443
8.170,882.345,0.958766
8.180,881.883,0.949714
8.190,882.027,0.938223
8.200,882.366,0.937792
8.210,882.365,0.939547
8.220,882.022,0.942083
8.230,881.594,0.940839
8.240,881.515,0.940852
8.250,881.067,0.948880
8.260,881.099,0.955336
8.270,881.123,0.961869
8.280,881.008,0.963373
8.290,880.992,0.965997
8.300,881.298,0.964495
8.310,881.556,0.962320
8.320,882.045,0.951102
8.330,881.990,0.945718
8.340,882.061,0.940823
8.350,881.686,0.945405
8.360,881.590,0.942225
8.370,881.815,0.929799
8.380,881.273,0.922082
8.390,881.427,0.928859
8.400,881.169,0.942293
8.410,881.177,0.939180
8.420,881.313,0.936395
8.430,881.588,0.939620
8.440,881.838,0.931915
8.450,881.446,0.938981
8.460,881.223,0.952425
8.470,881.059,0.957716
8.480,880.952,0.963182
8.490,880.393,0.969072
8.500,880.544,0.961167
8.510,881.644,0.941996
8.520,882.538,0.931276
8.530,881.948,0.922471
8.540,881.481,0.932687
8.550,882.680,0.923900
8.560,882.366,0.879809
8.570,881.643,0.828284
8.580,879.734,0.844216
8.590,878.869,0.920781
8.600,879.697,0.929903
8.610,880.639,0.777618
8.620,882.401,0.612139
8.630,878.609,0.673121
8.640,876.249,0.778090
8.650,880.311,0.518892
8.660,595.992,0.359840
8.670,597.908,0.355035
8.680,598.903,0.228314
8.690,881.383,0.631656
8.700,881.558,0.732944
8.710,880.141,0.681979
8.720,880.690,0.705557
8.730,1756.002,0.363643
8.740,875.844,0.339961
8.750,879.559,0.123701
8.760,599.332,0.087120
8.770,873.984,0.118735
8.780,873.978,0.149767
8.790,883.139,0.057255
8.800,883.039,0.018051
8.810,1169.078,0.014447
8.820,982.063,0.562193
8.830,988.402,0.848287
8.840,987.241,0.919679
8.850,987.051,0.937913
8.860,986.816,0.946195
8.870,986.982,0.953368
8.880,985.973,0.945786
8.890,983.925,0.936935
8.900,984.085,0.931421
8.910,984.280,0.929996
8.920,983.546,0.934640
8.930,983.112,0.941240
8.940,984.288,0.934548
8.950,984.265,0.934868
8.960,984.230,0.931657
8.970,985.137,0.935496
8.980,985.620,0.941864
8.990,984.205,0.933460
9.000,983.570,0.938255
9.010,983.726,0.938540
9.020,983.802,0.936930
9.030,982.750,0.944554
9.040,983.468,0.943916
9.050,983.870,0.939973
9.060,983.537,0.939314
9.070,983.200,0.943931
9.080,983.144,0.938609
9.090,981.967,0.945342
9.100,981.553,0.949891
9.110,981.028,0.946886
9.120,980.317,0.948869
9.130,980.016,0.947014
9.140,979.091,0.942709
9.150,978.626,0.945712
9.160,978.602,0.939966
9.170,978.198,0.947681
9.180,978.965,0.945721
9.190,979.164,0.945284
9.200,980.347,0.949986
9.210,980.362,0.946891
9.220,980.662,0.948667
9.230,981.368,0.949109
9.240,980.952,0.942744
9.250,981.990,0.944200
9.260,983.093,0.941985
9.270,982.685,0.942897
9.280,983.632,0.939108
9.290,984.706,0.938112
9.300,983.268,0.933661
9.310,982.480,0.945403
9.320,981.650,0.950085
9.330,979.297,0.951903
9.340,977.390,0.945981
9.350,974.440,0.925735
9.360,972.663,0.933073
9.370,972.522,0.945128
9.380,974.052,0.937581
9.390,974.458,0.940157
9.400,974.817,0.932430
9.410,973.849,0.933903
9.420,975.023,0.927896
9.430,977.304,0.940037
9.440,979.608,0.941826
9.450,981.219,0.938200
9.460,982.418,0.936215
9.470,984.248,0.930017
9.480,984.971,0.933102
9.490,985.453,0.934404
9.500,985.739,0.933857
9.510,984.696,0.924196
9.520,982.789,0.918946
9.530,982.131,0.932902
9.540,980.701,0.941352
9.550,978.223,0.942163
9.560,976.050,0.927220
9.570,973.334,0.912640
9.580,973.223,0.913209
9.590,973.706,0.929647
9.600,974.527,0.923814
9.610,974.167,0.937022
9.620,974.674,0.922799
9.630,973.990,0.929139
9.640,975.838,0.917687
9.650,978.105,0.921631
9.660,980.832,0.923401
9.670,982.497,0.918393
9.680,984.561,0.901856
9.690,986.144,0.929208
9.700,986.872,0.941854
9.710,986.716,0.943663
9.720,986.436,0.942381
9.730,985.783,0.947412
9.740,984.489,0.926419
9.750,981.936,0.927385
9.760,980.402,0.944598
9.770,977.793,0.938528
9.780,973.905,0.886897
9.790,971.338,0.915775
9.800,974.088,0.913539
9.810,976.431,0.935450
9.820,977.977,0.943997
9.830,977.347,0.935199
9.840,978.047,0.926098
9.850,978.476,0.923050
9.860,979.790,0.929263
9.870,982.263,0.942531
9.880,983.793,0.902256
9.890,998.908,0.552024
9.900,1049.039,0.881338
9.910,1048.465,0.935634
9.920,1045.900,0.952685
9.930,1044.941,0.953599
9.940,1044.506,0.958356
9.950,1043.631,0.954900
9.960,1042.685,0.947556
9.970,1042.455,0.944421
9.980,1042.215,0.946949
9.990,1042.133,0.944939
10.000,1040.802,0.947798
10.010,1039.354,0.947918
10.020,1038.618,0.952109
10.030,1038.881,0.949026
10.040,1039.610,0.945823
10.050,1039.787,0.942254
10.060,1039.814,0.943550
10.070,1039.785,0.950895
10.080,1040.031,0.950548
10.090,1040.164,0.950302
10.100,1040.390,0.950326
10.110,1040.356,0.953305
10.120,1040.677,0.953895
10.130,1041.155,0.953765
10.140,1040.653,0.952681
10.150,1040.626,0.953829
10.160,1040.400,0.953079
10.170,1040.900,0.954770
10.180,1040.738,0.955916
10.190,1040.458,0.955593
10.200,1039.726,0.955999
10.210,1039.144,0.954149
10.220,1037.979,0.955770
10.230,1037.194,0.954958
10.240,1037.032,0.951147
10.250,1037.021,0.947001
10.260,1037.782,0.946676
10.270,1038.288,0.948578
10.280,1038.662,0.952081
10.290,1039.426,0.952701
10.300,1038.914,0.952989
10.310,1038.509,0.953978
10.320,1037.348,0.952102
10.330,1036.582,0.952708
10.340,1035.107,0.946753
10.350,1034.031,0.941568
10.360,1033.522,0.931362
10.370,1032.382,0.909977
10.380,1032.025,0.903169
10.390,1031.927,0.898534
10.400,1036.153,0.893412
10.410,1048.931,0.873590
10.420,1053.502,0.867856
10.430,1050.187,0.900127
10.440,1046.614,0.901338
10.450,1046.885,0.856013
10.460,1051.808,0.619701
10.470,1176.350,0.853047
10.480,1177.402,0.920458
10.490,1177.569,0.949946
10.500,1177.443,0.960206
10.510,1177.753,0.959926
10.520,1177.776,0.959697
10.530,1177.550,0.956308
10.540,1176.720,0.958806
10.550,1176.386,0.963306
10.560,1175.604,0.967535
10.570,1174.506,0.968939
10.580,1174.227,0.967430
10.590,1174.498,0.965787
10.600,1175.024,0.962847
10.610,1176.101,0.962780
10.620,1177.557,0.961702
10.630,1178.700,0.961241
10.640,1179.175,0.959835
10.650,1179.703,0.957911
10.660,1179.889,0.958958
10.670,1180.164,0.957260
10.680,1179.833,0.957379
10.690,1179.210,0.960017
10.700,1178.026,0.957987
10.710,1177.465,0.951662
10.720,1176.751,0.940885
10.730,1176.754,0.940775
10.740,1175.526,0.950461
10.750,1174.043,0.965168
10.760,1172.712,0.972041
10.770,1172.457,0.966949
10.780,1171.810,0.946573
10.790,1172.064,0.937335
10.800,1172.861,0.947686
10.810,1174.110,0.958630
10.820,1175.477,0.959774
10.830,1176.830,0.953449
10.840,1176.717,0.937967
10.850,1176.913,0.931013
10.860,1176.161,0.914175
10.870,1175.864,0.930634
10.880,1176.622,0.926003
10.890,1177.526,0.818057
10.900,1181.427,0.905011
10.910,1182.915,0.918728
10.920,1182.765,0.893461
10.930,1179.956,0.889488
10.940,1177.356,0.895186
10.950,1177.860,0.909784
10.960,1177.513,0.936955
10.970,1177.994,0.947627
10.980,1177.990,0.951456
10.990,1178.015,0.953571
11.000,1177.610,0.959809
11.010,1178.127,0.960470
11.020,1178.346,0.960104
11.030,1178.036,0.961554
11.040,1177.487,0.961699
11.050,1176.833,0.963404
11.060,1176.461,0.963999
11.070,1176.192,0.966321
11.080,1175.740,0.966207
11.090,1175.309,0.966603
11.100,1175.428,0.965665
11.110,1175.475,0.966712
11.120,1175.225,0.966039
11.130,1175.493,0.964898
11.140,1175.910,0.963852
11.150,1176.292,0.962054
11.160,1176.423,0.961434
11.170,1176.695,0.960105
11.180,1176.702,0.959423
11.190,1177.276,0.957482
11.200,1177.859,0.956739
11.210,1177.901,0.957964
11.220,1177.932,0.960747
11.230,1177.785,0.964075
11.240,1177.759,0.964777
11.250,1177.658,0.965546
11.260,1177.336,0.962384
11.270,1176.603,0.960587
11.280,1175.992,0.959421
11.290,1175.648,0.959591
11.300,1174.953,0.963601
11.310,1174.225,0.967634
11.320,1173.532,0.969601
11.330,1173.677,0.970841
11.340,1173.649,0.967596
11.350,1174.173,0.963290
11.360,1174.998,0.961491
11.370,1176.447,0.960643
11.380,1176.533,0.960535
11.390,1176.932,0.960770
11.400,1177.360,0.961793
11.410,1178.048,0.964715
11.420,1179.180,0.957373
11.430,1181.615,0.936339
11.440,1189.823,0.771389
11.450,1181.579,0.268051
11.460,1070.244,0.295638
11.470,1065.076,0.475796
11.480,1181.572,0.545880
11.490,1175.462,0.596076
11.500,1170.709,0.534717
11.510,1055.157,0.565755
11.520,1171.193,0.611427
11.530,1172.302,0.620268
11.540,1175.938,0.650815
11.550,1177.824,0.469573
11.560,1052.656,0.662491
11.570,1051.793,0.853147
11.580,1052.957,0.912652
11.590,1053.939,0.923658
11.600,1053.830,0.932865
11.610,1054.061,0.936546
11.620,1054.022,0.933347
11.630,1053.727,0.933896
11.640,1052.866,0.938357
11.650,1051.526,0.943364
11.660,1051.008,0.950029
11.670,1050.588,0.953098
11.680,1049.837,0.953857
11.690,1049.465,0.952669
11.700,1049.430,0.952136
11.710,1048.843,0.959655
11.720,1047.290,0.960243
11.730,1047.464,0.961420
11.740,1048.607,0.953978
11.750,1047.735,0.957358
11.760,1046.516,0.958598
11.770,1045.737,0.941397
11.780,1045.751,0.926265
11.790,1045.972,0.930658
11.800,1045.671,0.936798
11.810,1045.186,0.956025
11.820,1045.713,0.965638
11.830,1045.962,0.966217
11.840,1046.184,0.962235
11.850,1045.985,0.962712
11.860,1044.550,0.955289
11.870,1042.827,0.947449
11.880,1042.773,0.947504
11.890,1042.640,0.947062
11.900,1041.500,0.957136
11.910,1039.569,0.960127
11.920,1039.795,0.953941
11.930,1040.777,0.947200
11.940,1040.222,0.955440
11.950,1039.169,0.962803
11.960,1038.962,0.952311
11.970,1040.403,0.921299
11.980,1042.594,0.869735
11.990,1039.183,0.769960
12.000,1003.445,0.526878
12.010,989.688,0.870812
12.020,987.062,0.931343
12.030,986.414,0.944695
12.040,986.806,0.949867
12.050,987.080,0.950840
12.060,986.636,0.945146
12.070,985.243,0.937789
12.080,983.490,0.930224
12.090,982.139,0.933644
12.100,980.137,0.935479
12.110,980.247,0.942847
12.120,979.037,0.929553
12.130,979.109,0.904939
12.140,978.841,0.897628
12.150,978.951,0.903260
12.160,980.033,0.926636
12.170,980.965,0.928136
12.180,982.790,0.920811
12.190,984.442,0.904615
12.200,986.450,0.907616
12.210,988.417,0.924437
12.220,990.738,0.941966
12.230,991.306,0.945874
12.240,990.686,0.945762
12.250,989.328,0.947073
12.260,988.018,0.948524
12.270,985.361,0.934662
12.280,982.225,0.938275
12.290,979.098,0.939661
12.300,976.435,0.928789
12.310,974.947,0.915852
12.320,972.375,0.903781
12.330,973.482,0.897880
12.340,976.008,0.933320
12.350,977.104,0.938628
12.360,977.757,0.942260
12.370,977.651,0.935404
12.380,977.498,0.922277
12.390,979.706,0.920667
12.400,981.878,0.918524
12.410,984.214,0.904454
12.420,986.453,0.922762
12.430,987.268,0.933940
12.440,986.589,0.933690
12.450,985.213,0.929151
12.460,983.482,0.923714
12.470,981.059,0.927702
12.480,980.011,0.941761
12.490,978.946,0.939569
12.500,977.020,0.923572
12.510,975.634,0.914841
12.520,975.656,0.909620
12.530,976.945,0.914621
12.540,977.869,0.916247
12.550,976.715,0.870104
12.560,975.676,0.605635
12.570,884.740,0.886187
12.580,883.300,0.868895
12.590,883.955,0.871145
12.600,884.177,0.860739
12.610,884.138,0.869420
12.620,883.957,0.874183
12.630,883.408,0.880017
12.640,883.079,0.880746
12.650,882.789,0.885993
12.660,882.673,0.881540
12.670,882.460,0.886415
12.680,882.459,0.873758
12.690,882.373,0.875013
12.700,882.294,0.866098
12.710,882.121,0.882600
12.720,881.820,0.906840
12.730,881.577,0.939276
12.740,881.196,0.956125
12.750,880.940,0.962871
12.760,881.011,0.961078
12.770,881.912,0.959367
12.780,883.016,0.950643
12.790,883.141,0.942298
12.800,883.189,0.934055
12.810,883.244,0.925713
12.820,882.667,0.931347
12.830,882.222,0.936801
12.840,881.858,0.944645
12.850,881.515,0.947537
12.860,881.542,0.949731
12.870,881.607,0.955959
12.880,881.263,0.960566
12.890,880.835,0.963301
12.900,881.051,0.963527
12.910,881.230,0.961667
12.920,881.492,0.962370
12.930,881.469,0.960805
12.940,881.082,0.964873
12.950,881.185,0.966421
12.960,881.114,0.965074
12.970,881.563,0.963782
12.980,881.708,0.961070
12.990,881.795,0.956561
13.000,882.113,0.957893
13.010,882.057,0.961670
13.020,881.854,0.964788
13.030,881.493,0.966889
13.040,881.605,0.961241
13.050,881.910,0.957775
13.060,882.080,0.949692
13.070,881.796,0.954155
13.080,880.106,0.939140
13.090,878.950,0.895788
13.100,877.252,0.739592
13.110,877.259,0.421287
13.120,874.679,0.239097
13.130,786.600,0.451193
13.140,781.841,0.859928
13.150,781.626,0.929256
13.160,782.307,0.942240
13.170,782.954,0.957234
13.180,783.186,0.962985
13.190,783.494,0.964937
13.200,783.372,0.966449
13.210,783.167,0.966036
13.220,783.373,0.965768
13.230,783.341,0.967130
13.240,782.942,0.966740
13.250,782.809,0.965802
13.260,782.800,0.963060
13.270,782.831,0.960768
13.280,782.880,0.960587
13.290,783.062,0.961232
13.300,783.076,0.961427
13.310,783.196,0.962773
13.320,783.619,0.966325
13.330,783.985,0.967380
13.340,784.127,0.966570
13.350,784.740,0.965935
13.360,785.251,0.965175
13.370,785.259,0.966918
13.380,784.867,0.964189
13.390,784.599,0.963324
13.400,784.061,0.963659
13.410,784.005,0.964358
13.420,783.929,0.963925
13.430,783.777,0.963782
13.440,783.521,0.964990
13.450,783.790,0.965945
13.460,784.155,0.966967
13.470,784.315,0.967266
13.480,783.930,0.966496
13.490,783.657,0.964601
13.500,783.126,0.964572
13.510,782.439,0.964449
13.520,781.442,0.954164
13.530,781.408,0.949278
13.540,781.268,0.939300
13.550,781.676,0.939409
13.560,782.166,0.957831
13.570,782.288,0.959157
13.580,782.090,0.957591
13.590,781.971,0.948616
13.600,782.873,0.950832
13.610,784.591,0.933951
13.620,785.371,0.921954
13.630,786.347,0.818570
13.640,787.288,0.740096
13.650,788.500,0.727923
13.660,787.008,0.852311
13.670,787.692,0.902429
13.680,789.160,0.927748
13.690,790.494,0.925004
13.700,791.018,0.920282
13.710,791.144,0.917590
13.720,790.713,0.921409
13.730,789.627,0.932286
13.740,788.447,0.943774
13.750,787.156,0.951867
13.760,786.314,0.953347
13.770,785.534,0.952291
13.780,784.646,0.951677
13.790,784.168,0.950268
13.800,783.869,0.952000
13.810,783.441,0.953671
13.820,783.253,0.955417
13.830,783.009,0.956922
13.840,782.928,0.957009
13.850,783.512,0.957509
13.860,784.206,0.957699
13.870,784.620,0.955856
13.880,784.916,0.950830
13.890,784.888,0.946629
13.900,784.993,0.945498
13.910,785.156,0.946807
13.920,785.372,0.947414
13.930,785.196,0.949573
13.940,785.002,0.951839
13.950,784.697,0.950480
13.960,784.360,0.948148
13.970,783.931,0.945216
13.980,783.529,0.943545
13.990,783.169,0.944072
14.000,782.627,0.946933
14.010,782.382,0.949097
14.020,782.445,0.953781
14.030,782.592,0.957153
14.040,782.923,0.958199
14.050,783.616,0.956404
14.060,784.043,0.955275
14.070,784.316,0.952721
14.080,784.201,0.950983
14.090,784.319,0.953350
14.100,784.261,0.954246
14.110,784.402,0.956386
14.120,784.240,0.959120
14.130,784.035,0.960433
14.140,783.770,0.956937
14.150,783.483,0.952467
14.160,783.297,0.950289
14.170,783.132,0.952018
14.180,783.003,0.955719
14.190,782.878,0.956908
14.200,783.900,0.950056
14.210,785.672,0.902689
14.220,788.146,0.715779
14.230,789.285,0.618402
14.240,878.101,0.820592
14.250,879.326,0.912938
14.260,879.802,0.948093
14.270,880.307,0.967268
14.280,880.530,0.970726
14.290,880.554,0.972394
14.300,880.287,0.970203
14.310,880.511,0.968734
14.320,880.438,0.966224
14.330,880.303,0.968402
14.340,880.580,0.970335
14.350,881.080,0.969562
14.360,881.307,0.969036
14.370,880.957,0.966688
14.380,880.534,0.964655
14.390,880.381,0.966213
14.400,880.521,0.963485
14.410,880.877,0.965434
14.420,881.184,0.964008
14.430,881.210,0.963664
14.440,881.258,0.959475
14.450,881.586,0.957855
14.460,882.182,0.952193
14.470,883.065,0.941605
14.480,883.972,0.920339
14.490,884.348,0.903370
14.500,884.553,0.885696
14.510,884.417,0.885538
14.520,884.301,0.876681
14.530,884.185,0.864346
14.540,884.173,0.843678
14.550,884.344,0.847560
14.560,884.484,0.841903
14.570,884.228,0.864118
14.580,883.621,0.883000
14.590,882.779,0.901848
14.600,881.807,0.913441
14.610,880.944,0.931335
14.620,880.348,0.937073
14.630,880.119,0.934541
14.640,880.255,0.929637
14.650,880.264,0.934497
14.660,880.504,0.943884
14.670,880.626,0.947534
14.680,880.883,0.951163
14.690,881.777,0.946930
14.700,882.874,0.933451
14.710,884.246,0.898021
14.720,885.074,0.874989
14.730,884.898,0.891306
14.740,884.803,0.835887
14.750,885.384,0.691049
14.760,887.286,0.504350
14.770,999.744,0.672360
14.780,1002.001,0.883633
14.790,1003.917,0.919185
14.800,1006.299,0.913538
14.810,1006.880,0.907094
14.820,1006.395,0.901642
14.830,1004.989,0.862326
14.840,1003.971,0.843720
14.850,1001.588,0.873091
14.860,998.763,0.886964
14.870,995.911,0.893109
14.880,992.847,0.920314
14.890,988.551,0.930426
14.900,984.792,0.911040
14.910,983.880,0.909011
14.920,984.220,0.905072
14.930,984.427,0.901300
14.940,985.622,0.894989
14.950,988.035,0.907694
14.960,991.221,0.921115
14.970,993.248,0.920841
14.980,995.898,0.902317
14.990,999.088,0.896619
15.000,1003.037,0.904036
15.010,1005.915,0.896339
15.020,1007.277,0.880735
15.030,1006.867,0.874578
15.040,1006.305,0.879768
15.050,1005.730,0.884592
15.060,1004.670,0.880582
15.070,1001.122,0.868950
15.080,995.217,0.911313
15.090,989.746,0.947751
15.100,986.377,0.943818
15.110,985.351,0.933654
15.120,985.974,0.928649
15.130,986.371,0.914869
15.140,986.991,0.910877
15.150,988.428,0.928977
15.160,989.777,0.940429
15.170,990.884,0.947345
15.180,991.104,0.951164
15.190,991.130,0.949649
15.200,991.629,0.940416
15.210,993.504,0.917064
15.220,995.702,0.877452
15.230,998.363,0.870806
15.240,998.484,0.866051
15.250,996.473,0.859327
15.260,996.058,0.836091
15.270,992.531,0.817604
15.280,984.365,0.720789
15.290,982.101,0.669448
15.300,987.217,0.501486
15.310,887.324,0.785738
15.320,887.849,0.822056
15.330,887.572,0.821214
15.340,886.960,0.809256
15.350,886.570,0.807080
15.360,886.502,0.811740
15.370,886.479,0.824820
15.380,886.298,0.826929
15.390,886.289,0.816410
15.400,885.755,0.823757
15.410,885.142,0.836152
15.420,884.484,0.855073
15.430,883.985,0.882263
15.440,883.450,0.892007
15.450,883.041,0.895146
15.460,882.929,0.894004
15.470,882.998,0.887187
15.480,882.921,0.890697
15.490,882.599,0.893170
15.500,882.292,0.899635
15.510,881.978,0.901435
15.520,881.998,0.895026
15.530,881.949,0.899961
15.540,881.744,0.901461
15.550,881.470,0.916610
15.560,881.294,0.923814
15.570,881.362,0.925711
15.580,881.802,0.922706
15.590,882.668,0.910228
15.600,883.575,0.894633
15.610,884.348,0.885855
15.620,884.881,0.887827
15.630,885.088,0.885744
15.640,885.231,0.874444
15.650,884.824,0.879987
15.660,884.507,0.891204
15.670,883.821,0.899033
15.680,883.411,0.900350
15.690,882.802,0.905401
15.700,881.987,0.904844
15.710,881.198,0.915191
15.720,880.445,0.931231
15.730,879.953,0.932440
15.740,879.989,0.934235
15.750,880.514,0.931589
15.760,880.968,0.944230
15.770,881.222,0.947015
15.780,881.075,0.946092
15.790,880.973,0.946454
15.800,881.200,0.941225
15.810,881.554,0.930080
15.820,881.994,0.919748
15.830,882.321,0.915333
15.840,882.357,0.914704
15.850,882.555,0.904640
15.860,882.544,0.886899
15.870,882.366,0.875175
15.880,882.245,0.874410
15.890,881.636,0.877596
15.900,881.323,0.874794
15.910,880.666,0.903752
15.920,880.620,0.916667
15.930,880.370,0.932849
15.940,880.248,0.933574
15.950,880.360,0.930186
15.960,881.008,0.927859
15.970,881.581,0.929068
15.980,881.726,0.929782
15.990,881.966,0.922353
16.000,882.320,0.913969
16.010,882.250,0.899157
16.020,882.171,0.894017
16.030,882.049,0.883411
16.040,882.045,0.873299
16.050,881.747,0.895501
16.060,881.590,0.899839
16.070,881.249,0.916837
16.080,880.892,0.925862
16.090,880.821,0.927115
16.100,879.997,0.920171
16.110,879.103,0.914075
16.120,878.067,0.894576
16.130,874.234,0.559590
16.140,787.680,0.907162
16.150,787.190,0.923031
16.160,786.067,0.925279
16.170,785.207,0.928624
16.180,785.124,0.930185
16.190,785.126,0.932083
16.200,785.308,0.937759
16.210,785.289,0.944800
16.220,785.385,0.952295
16.230,785.497,0.956737
16.240,785.465,0.960575
16.250,785.702,0.961845
16.260,786.027,0.962273
16.270,786.165,0.962154
16.280,786.302,0.961585
16.290,786.351,0.960066
16.300,786.012,0.960069
16.310,785.064,0.960768
16.320,784.116,0.959102
16.330,783.265,0.953854
16.340,782.513,0.949512
16.350,782.205,0.947279
16.360,782.427,0.946167
16.370,782.943,0.948040
16.380,784.142,0.957013
16.390,785.519,0.954490
16.400,785.795,0.946889
16.410,786.465,0.910510
16.420,787.413,0.877537
16.430,787.041,0.859472
16.440,789.911,0.875821
16.450,792.349,0.900306
16.460,792.428,0.911713
16.470,791.221,0.914504
16.480,790.072,0.932976
16.490,788.774,0.944379
16.500,787.687,0.951016
16.510,786.414,0.957728
16.520,785.319,0.960891
16.530,784.253,0.959112
16.540,783.182,0.954704
16.550,782.804,0.950823
16.560,782.537,0.945643
16.570,782.408,0.941003
16.580,782.388,0.938488
16.590,782.544,0.932288
16.600,782.852,0.921212
16.610,783.190,0.906443
16.620,783.660,0.906377
16.630,784.171,0.911974
16.640,784.608,0.930961
16.650,784.717,0.943624
16.660,784.876,0.952141
16.670,785.093,0.955852
16.680,785.192,0.956987
16.690,785.068,0.956837
16.700,784.786,0.954928
16.710,784.490,0.953024
16.720,783.907,0.953941
16.730,783.281,0.954060
16.740,782.507,0.951082
16.750,782.102,0.948335
16.760,781.861,0.945787
16.770,781.700,0.943116
16.780,781.692,0.937832
16.790,781.761,0.933125
16.800,781.832,0.922530
16.810,781.597,0.903214
16.820,781.761,0.878607
16.830,782.530,0.878435
16.840,783.023,0.897084
16.850,783.184,0.930220
16.860,783.263,0.946203
16.870,783.363,0.954869
16.880,783.693,0.958521
16.890,783.963,0.960469
16.900,784.131,0.960244
16.910,784.093,0.958041
16.920,783.646,0.955924
16.930,783.032,0.952374
16.940,782.515,0.947886
16.950,782.218,0.945798
16.960,781.833,0.943271
16.970,781.555,0.941890
16.980,781.378,0.941511
16.990,781.568,0.941685
17.000,781.823,0.937379
17.010,782.279,0.931100
17.020,782.494,0.934458
17.030,782.830,0.941454
17.040,782.933,0.946401
17.050,783.080,0.953366
17.060,783.074,0.958030
17.070,782.909,0.958935
17.080,782.996,0.958215
17.090,782.840,0.955310
17.100,782.469,0.953103
17.110,781.999,0.948633
17.120,781.531,0.949031
17.130,781.310,0.947890
17.140,781.601,0.954359
17.150,782.616,0.960869
17.160,784.154,0.967111
17.170,784.867,0.967026
17.180,783.926,0.963792
17.190,782.792,0.954155
17.200,782.431,0.955090
17.210,783.130,0.957724
17.220,784.065,0.953011
17.230,784.152,0.951956
17.240,784.424,0.951637
17.250,784.443,0.946265
17.260,784.182,0.937748
17.270,784.175,0.926252
17.280,784.317,0.893894
17.290,784.104,0.884341
17.300,784.011,0.883942
17.310,784.040,0.906855
17.320,783.589,0.919900
17.330,783.116,0.930006
17.340,783.267,0.934460
17.350,783.080,0.939847
17.360,782.705,0.940910
17.370,782.569,0.934547
17.380,783.182,0.938722
17.390,783.943,0.939585
17.400,783.950,0.938544
17.410,783.988,0.938092
17.420,784.558,0.924559
17.430,785.147,0.876577
17.440,785.036,0.791199
17.450,783.759,0.706403
17.460,784.356,0.625784
17.470,783.833,0.722916
17.480,784.047,0.833122
17.490,783.226,0.866369
17.500,782.990,0.907046
17.510,783.273,0.931957
17.520,784.289,0.924667
17.530,784.733,0.907478
17.540,785.310,0.842982
17.550,788.684,0.539194
17.560,792.886,0.350049
17.570,881.569,0.733416
17.580,883.213,0.918607
17.590,884.369,0.941933
17.600,884.974,0.944556
17.610,885.745,0.939869
17.620,885.701,0.943993
17.630,885.393,0.947726
17.640,885.360,0.942771
17.650,884.883,0.944083
17.660,884.701,0.939184
17.670,883.965,0.942626
17.680,883.979,0.937810
17.690,883.678,0.938873
17.700,883.707,0.930039
17.710,883.487,0.931127
17.720,883.514,0.926737
17.730,883.694,0.915735
17.740,884.163,0.903757
17.750,884.288,0.913736
17.760,884.062,0.937008
17.770,883.578,0.951471
17.780,883.354,0.954542
17.790,882.988,0.958678
17.800,882.745,0.953896
17.810,882.949,0.956339
17.820,883.195,0.948244
17.830,882.950,0.947332
17.840,882.547,0.942062
17.850,882.527,0.941398
17.860,882.294,0.941606
17.870,882.166,0.943157
17.880,882.167,0.939416
17.890,882.280,0.939337
17.900,882.499,0.933194
17.910,882.816,0.927663
17.920,882.793,0.920720
17.930,882.610,0.928420
17.940,882.896,0.934220
17.950,883.250,0.938181
17.960,884.020,0.934759
17.970,883.941,0.931149
17.980,884.358,0.910825
17.990,884.765,0.912138
18.000,883.898,0.927034
18.010,882.560,0.941699
18.020,881.711,0.940237
18.030,880.877,0.939228
18.040,880.551,0.934617
18.050,880.698,0.932729
18.060,880.612,0.931865
18.070,880.438,0.934430
18.080,880.505,0.939525
18.090,880.570,0.947122
18.100,880.438,0.954193
18.110,880.128,0.954686
18.120,879.877,0.952709
18.130,880.233,0.948631
18.140,880.613,0.946317
18.150,881.113,0.948480
18.160,881.381,0.951023
18.170,882.049,0.946651
18.180,882.807,0.939610
18.190,883.670,0.925174
18.200,883.727,0.915192
18.210,883.546,0.914930
18.220,883.101,0.925076
18.230,882.750,0.921029
18.240,881.993,0.926703
18.250,881.596,0.928933
18.260,880.950,0.930889
18.270,880.488,0.933971
18.280,879.913,0.942542
18.290,878.657,0.951376
18.300,876.880,0.948907
18.310,875.382,0.953762
18.320,875.115,0.950102
18.330,875.628,0.942913
18.340,876.665,0.938298
18.350,879.028,0.941165
18.360,880.711,0.942894
18.370,881.564,0.941327
18.380,881.748,0.938193
18.390,882.120,0.934544
18.400,882.640,0.924083
18.410,882.798,0.908459
18.420,883.089,0.889548
18.430,882.917,0.891279
18.440,882.296,0.893880
18.450,881.767,0.888461
18.460,881.342,0.900309
18.470,881.305,0.902951
18.480,881.025,0.912237
18.490,880.800,0.939360
18.500,880.116,0.955621
18.510,879.700,0.957143
18.520,879.700,0.952995
18.530,879.862,0.950417
18.540,880.133,0.950083
18.550,880.306,0.950606
18.560,880.727,0.945979
18.570,881.044,0.942271
18.580,881.703,0.943251
18.590,881.590,0.953281
18.600,881.402,0.952424
18.610,881.006,0.953199
18.620,882.152,0.943698
18.630,884.792,0.862694
18.640,997.733,0.644085
18.650,999.595,0.852824
18.660,999.189,0.877384
18.670,999.005,0.887578
18.680,997.913,0.876720
18.690,997.535,0.868939
18.700,996.703,0.841877
18.710,994.829,0.842882
18.720,992.568,0.895367
18.730,989.793,0.938738
18.740,987.457,0.946120
18.750,985.517,0.946349
18.760,984.750,0.939697
18.770,983.900,0.923734
18.780,983.145,0.917450
18.790,983.625,0.903754
18.800,984.116,0.879700
18.810,985.006,0.875589
18.820,986.243,0.896348
18.830,987.605,0.908599
18.840,987.747,0.921394
18.850,988.533,0.941029
18.860,988.535,0.952797
18.870,988.229,0.955441
18.880,988.054,0.956566
18.890,987.742,0.951976
18.900,986.383,0.943342
18.910,984.565,0.925496
18.920,982.893,0.922102
18.930,981.475,0.921656
18.940,980.458,0.928245
18.950,980.747,0.941061
18.960,978.421,0.943921
18.970,976.260,0.913384
18.980,975.294,0.904531
18.990,976.895,0.932088
19.000,977.662,0.936118
19.010,978.859,0.941813
19.020,979.616,0.941080
19.030,980.527,0.937393
19.040,982.342,0.940283
19.050,983.079,0.937002
19.060,983.793,0.932828
19.070,985.360,0.943366
19.080,985.116,0.938040
19.090,984.862,0.935320
19.100,985.069,0.943984
19.110,984.618,0.930222
19.120,982.916,0.920902
19.130,982.477,0.933923
19.140,980.923,0.936783
19.150,978.097,0.941395
19.160,973.548,0.908123
19.170,966.231,0.859151
19.180,964.154,0.559396
19.190,796.981,0.737193
19.200,789.869,0.902408
19.210,785.813,0.942449
19.220,784.559,0.952397
19.230,784.012,0.958522
19.240,783.625,0.960453
19.250,783.609,0.961458
19.260,783.394,0.960505
19.270,783.235,0.960564
19.280,783.176,0.960503
19.290,783.143,0.960875
19.300,783.117,0.958937
19.310,783.140,0.958337
19.320,783.149,0.957648
19.330,783.234,0.958034
19.340,783.390,0.956509
19.350,783.338,0.957505
19.360,783.380,0.958062
19.370,783.505,0.958847
19.380,783.468,0.961844
19.390,783.161,0.962231
19.400,783.010,0.962879
19.410,783.138,0.962301
19.420,782.950,0.963071
19.430,782.815,0.961772
19.440,782.950,0.958809
19.450,782.941,0.956675
19.460,782.764,0.952457
19.470,782.489,0.951997
19.480,782.725,0.954105
19.490,782.822,0.955517
19.500,783.161,0.955069
19.510,783.168,0.953652
19.520,783.036,0.952102
19.530,783.543,0.952253
19.540,783.968,0.953672
19.550,783.908,0.955677
19.560,784.078,0.954330
19.570,784.310,0.953252
19.580,784.172,0.954251
19.590,784.327,0.954068
19.600,784.520,0.953586
19.610,784.492,0.955655
19.620,784.314,0.955250
19.630,784.548,0.955101
19.640,784.602,0.956128
19.650,784.714,0.955189
19.660,784.721,0.954748
19.670,785.248,0.952730
19.680,785.547,0.948667
19.690,785.753,0.942346
19.700,785.865,0.945844
19.710,785.479,0.956660
19.720,787.177,0.852394
19.730,881.789,0.916069
19.740,884.267,0.956481
19.750,884.413,0.962025
19.760,884.027,0.961971
19.770,882.864,0.964729
19.780,882.564,0.967651
19.790,883.053,0.961662
19.800,883.219,0.960029
19.810,882.768,0.959939
19.820,881.833,0.962958
19.830,880.593,0.964809
19.840,879.913,0.963527
19.850,880.014,0.961965
19.860,880.335,0.962482
19.870,881.190,0.963843
19.880,881.672,0.963881
19.890,882.358,0.961064
19.900,883.339,0.959936
19.910,884.208,0.955120
19.920,885.237,0.944190
19.930,886.136,0.929666
19.940,886.862,0.900366
19.950,887.566,0.855728
19.960,886.557,0.856840
19.970,885.134,0.885223
19.980,883.255,0.924428
19.990,882.497,0.943349
20.000,882.421,0.953408
20.010,881.482,0.959822
20.020,880.007,0.962079
20.030,878.742,0.958664
20.040,878.312,0.954445
20.050,878.497,0.953221
20.060,878.782,0.957862
20.070,880.120,0.960646
20.080,881.448,0.955631
20.090,882.644,0.951781
20.100,883.027,0.954164
20.110,882.927,0.957349
20.120,883.124,0.952839
20.130,883.403,0.939237
20.140,884.700,0.901749
20.150,882.780,0.897723
20.160,881.604,0.923890
20.170,881.544,0.937171
20.180,881.826,0.950261
20.190,881.865,0.954598
20.200,881.169,0.954476
20.210,880.427,0.955006
20.220,879.944,0.947825
20.230,878.740,0.938043
20.240,879.639,0.900157
20.250,885.028,0.591879
20.260,986.936,0.766756
20.270,991.026,0.868835
20.280,992.147,0.908417
20.290,993.014,0.914178
20.300,992.669,0.912895
20.310,991.172,0.936139
20.320,989.558,0.946788
20.330,987.534,0.948078
20.340,985.938,0.944083
20.350,984.736,0.931436
20.360,982.766,0.925449
20.370,982.580,0.928891
20.380,983.158,0.920884
20.390,984.212,0.913947
20.400,985.559,0.909507
20.410,987.286,0.918696
20.420,988.335,0.926536
20.430,989.019,0.939367
20.440,988.966,0.946711
20.450,988.489,0.944936
20.460,989.750,0.930812
20.470,999.353,0.596321
20.480,1057.623,0.757257
20.490,1055.450,0.812837
20.500,1051.836,0.863093
20.510,1047.581,0.912909
20.520,1042.729,0.926620
20.530,1039.241,0.940406
20.540,1038.440,0.943904
20.550,1039.071,0.939436
20.560,1038.131,0.945135
20.570,1037.403,0.949126
20.580,1038.283,0.949549
20.590,1038.795,0.939320
20.600,1040.979,0.927751
20.610,1040.869,0.922892
20.620,1041.627,0.918684
20.630,1041.529,0.932248
20.640,1042.362,0.942103
20.650,1043.954,0.953643
20.660,1046.702,0.954632
20.670,1048.547,0.942965
20.680,1052.467,0.919834
20.690,1052.746,0.908292
20.700,1047.861,0.907209
20.710,1042.602,0.866221
20.720,1026.152,0.587321
20.730,996.414,0.870020
20.740,994.326,0.910737
20.750,994.485,0.911470
20.760,994.799,0.913406
20.770,994.835,0.918886
20.780,993.925,0.940379
20.790,992.288,0.953054
20.800,990.807,0.954770
20.810,989.640,0.955158
20.820,987.435,0.952678
20.830,985.208,0.937564
20.840,982.807,0.929954
20.850,983.211,0.931680
20.860,982.980,0.928552
20.870,982.614,0.941187
20.880,981.897,0.944019
20.890,980.954,0.942219
20.900,980.540,0.940863
20.910,981.716,0.921739
20.920,982.408,0.919052
20.930,983.800,0.917053
20.940,985.369,0.931805
20.950,985.510,0.940279
20.960,986.333,0.947579
20.970,986.647,0.951639
20.980,986.248,0.944751
20.990,985.355,0.942664
21.000,985.722,0.947300
21.010,986.135,0.949117
21.020,986.458,0.949387
21.030,986.084,0.948988
21.040,986.661,0.952822
21.050,987.392,0.952552
21.060,986.808,0.928216
21.070,985.638,0.926868
21.080,985.950,0.927619
21.090,987.169,0.928923
21.100,987.373,0.913756
21.110,985.749,0.912886
21.120,986.487,0.921731
21.130,987.334,0.929266
21.140,990.305,0.928840
21.150,991.756,0.926429
21.160,991.268,0.952208
21.170,989.483,0.961238
21.180,987.577,0.955126
21.190,987.732,0.953192
21.200,988.688,0.952415
21.210,989.653,0.943260
21.220,988.824,0.931278
21.230,987.551,0.890542
21.240,987.570,0.775009
21.250,982.848,0.442575
21.260,974.371,0.292436
21.270,782.451,0.196975
21.280,790.831,0.758631
21.290,792.110,0.875015
21.300,792.127,0.897125
21.310,791.409,0.909389
21.320,791.100,0.914620
21.330,790.515,0.920113
21.340,789.884,0.926300
21.350,789.114,0.926517
21.360,788.271,0.932262
21.370,787.397,0.936762
21.380,786.261,0.940735
21.390,785.376,0.946970
21.400,784.601,0.947458
21.410,784.299,0.950652
21.420,784.161,0.953297
21.430,784.343,0.952709
21.440,784.588,0.951587
21.450,784.871,0.950910
21.460,785.219,0.951544
21.470,785.564,0.949380
21.480,785.680,0.950869
21.490,785.632,0.951233
21.500,785.376,0.953474
21.510,784.947,0.954750
21.520,784.739,0.954401
21.530,784.611,0.955777
21.540,784.226,0.955345
21.550,783.897,0.956427
21.560,783.484,0.958870
21.570,783.142,0.958743
21.580,782.947,0.957502
21.590,782.459,0.954387
21.600,781.934,0.952553
21.610,781.597,0.952135
21.620,781.960,0.957582
21.630,781.970,0.956962
21.640,781.941,0.957863
21.650,782.227,0.959455
21.660,782.697,0.961885
21.670,783.072,0.961897
21.680,784.044,0.962506
21.690,784.430,0.960474
21.700,784.341,0.960358
21.710,784.106,0.960454
21.720,784.017,0.958537
21.730,783.342,0.957355
21.740,782.349,0.950582
21.750,781.654,0.947581
21.760,781.509,0.951151
21.770,781.493,0.950771
21.780,781.370,0.950215
21.790,781.374,0.954041
21.800,782.111,0.955224
21.810,783.145,0.957115
21.820,784.436,0.957452
21.830,785.304,0.945356
21.840,787.165,0.926369
21.850,790.147,0.794734
21.860,884.332,0.816272
21.870,886.604,0.915707
21.880,888.090,0.925969
21.890,887.737,0.927127
21.900,887.610,0.915541
21.910,886.153,0.935194
21.920,884.765,0.943067
21.930,883.979,0.947030
21.940,883.204,0.947570
21.950,882.743,0.942798
21.960,882.974,0.947684
21.970,882.917,0.953053
21.980,882.853,0.957112
21.990,882.819,0.961483
22.000,882.462,0.961923
22.010,882.212,0.963986
22.020,882.365,0.965165
22.030,882.690,0.959744
22.040,883.386,0.946625
22.050,884.333,0.928605
22.060,884.721,0.905048
22.070,884.072,0.907084
22.080,883.445,0.907733
22.090,882.315,0.908221
22.100,881.582,0.921368
22.110,881.061,0.951608
22.120,880.966,0.958237
22.130,881.084,0.964057
22.140,881.402,0.964438
22.150,881.730,0.965874
22.160,881.988,0.964496
22.170,882.595,0.957934
22.180,883.046,0.950004
22.190,883.383,0.940928
22.200,883.161,0.929108
22.210,882.280,0.923956
22.220,881.418,0.910677
22.230,880.827,0.899648
22.240,880.809,0.901878
22.250,881.146,0.911320
22.260,881.339,0.926595
22.270,880.909,0.938999
22.280,880.142,0.953754
22.290,879.001,0.954734
22.300,878.596,0.950577
22.310,879.659,0.957253
22.320,880.844,0.956068
22.330,881.702,0.954742
22.340,881.887,0.955287
22.350,882.777,0.956608
22.360,886.221,0.925773
22.370,900.075,0.671322
22.380,996.308,0.789348
22.390,998.055,0.903741
22.400,999.302,0.914919
22.410,999.250,0.906325
22.420,997.155,0.901435
22.430,994.369,0.926553
22.440,992.388,0.938961
22.450,989.319,0.947368
22.460,985.437,0.933442
22.470,980.892,0.928283
22.480,979.593,0.935672
22.490,979.257,0.937645
22.500,978.551,0.941265
22.510,979.073,0.936067
22.520,980.638,0.924634
22.530,982.508,0.919392
22.540,984.308,0.910589
22.550,985.782,0.926195
22.560,986.772,0.942049
22.570,988.132,0.952103
22.580,989.114,0.954136
22.590,989.201,0.953257
22.600,989.482,0.956577
22.610,989.029,0.957166
22.620,988.951,0.944902
22.630,993.282,0.846643
22.640,1045.726,0.689476
22.650,1051.223,0.903265
22.660,1049.274,0.929275
22.670,1046.478,0.938783
22.680,1043.717,0.930184
22.690,1040.050,0.930372
22.700,1037.944,0.946452
22.710,1037.824,0.947476
22.720,1037.696,0.943682
22.730,1037.710,0.944535
22.740,1037.449,0.945078
22.750,1038.072,0.946478
22.760,1038.877,0.946464
22.770,1039.797,0.940847
22.780,1040.769,0.937501
22.790,1042.920,0.932722
22.800,1044.792,0.949250
22.810,1046.473,0.958473
22.820,1047.207,0.964998
22.830,1048.181,0.966281
22.840,1048.702,0.963495
22.850,1046.340,0.955641
22.860,1042.518,0.914581
22.870,1034.396,0.831663
22.880,1020.180,0.573997
22.890,1004.332,0.593300
22.900,997.097,0.797010
22.910,994.832,0.912691
22.920,995.155,0.923510
22.930,995.367,0.932191
22.940,995.006,0.938188
22.950,994.458,0.943244
22.960,993.632,0.944019
22.970,991.745,0.950116
22.980,990.373,0.954977
22.990,987.868,0.949858
23.000,985.010,0.935893
23.010,984.063,0.924763
23.020,982.060,0.920054
23.030,982.230,0.929705
23.040,983.081,0.934038
23.050,982.637,0.934754
23.060,983.215,0.928984
23.070,984.051,0.913926
23.080,984.644,0.900935
23.090,986.227,0.890757
23.100,988.315,0.923470
23.110,990.091,0.941170
23.120,991.538,0.945591
23.130,993.939,0.936801
23.140,997.096,0.910996
23.150,1000.519,0.911972
23.160,1001.463,0.911934
23.170,1000.981,0.902522
23.180,997.414,0.903218
23.190,993.392,0.920756
23.200,991.078,0.932698
23.210,988.732,0.930812
23.220,986.435,0.915908
23.230,983.715,0.900839
23.240,982.437,0.921341
23.250,983.482,0.921005
23.260,983.341,0.914371
23.270,984.132,0.913478
23.280,984.544,0.913991
23.290,984.436,0.913409
23.300,984.040,0.913863
23.310,985.179,0.904654
23.320,984.556,0.875779
23.330,983.966,0.830918
23.340,984.584,0.841021
23.350,986.627,0.895802
23.360,987.701,0.944163
23.370,988.201,0.947799
23.380,988.435,0.951223
23.390,988.145,0.929147
23.400,985.459,0.875413
23.410,985.802,0.876781
23.420,987.623,0.912804
23.430,986.924,0.923489
23.440,984.769,0.920555
23.450,983.976,0.913155
23.460,987.054,0.888652
23.470,988.229,0.805605
23.480,986.724,0.499002
23.490,884.558,0.890940
23.500,885.387,0.930535
23.510,885.961,0.927821
23.520,886.112,0.921959
23.530,885.785,0.925138
23.540,885.727,0.930384
23.550,885.575,0.936803
23.560,885.272,0.940581
23.570,884.828,0.948564
23.580,884.402,0.955863
23.590,883.598,0.962847
23.600,882.730,0.967091
23.610,882.475,0.967078
23.620,882.453,0.967131
23.630,882.405,0.965260
23.640,881.997,0.967860
23.650,881.479,0.967127
23.660,881.494,0.968367
23.670,881.936,0.970668
23.680,882.545,0.971003
23.690,883.417,0.971219
23.700,884.068,0.970048
23.710,884.315,0.967781
23.720,884.547,0.963522
23.730,884.383,0.962672
23.740,884.002,0.964209
23.750,883.547,0.964703
23.760,883.332,0.967929
23.770,883.145,0.968878
23.780,883.157,0.969023
23.790,883.496,0.969708
23.800,883.608,0.967399
23.810,883.776,0.965583
23.820,883.744,0.963357
23.830,883.145,0.964290
23.840,882.921,0.964795
23.850,882.376,0.966826
23.860,882.058,0.967181
23.870,881.959,0.966491
23.880,881.910,0.968164
23.890,881.742,0.971406
23.900,881.753,0.973850
23.910,881.857,0.974775
23.920,882.171,0.973504
23.930,882.318,0.971672
23.940,882.882,0.970866
23.950,882.809,0.970529
23.960,882.697,0.968529
23.970,882.840,0.966674
23.980,882.541,0.965772
23.990,882.095,0.965286
24.000,881.958,0.960040
24.010,881.344,0.953919
24.020,880.087,0.932041
24.030,876.902,0.758047
24.040,789.826,0.873486
24.050,789.877,0.929435
24.060,788.674,0.942683
24.070,787.241,0.954244
24.080,786.174,0.959365
24.090,785.449,0.962016
24.100,784.855,0.962478
24.110,784.293,0.962493
24.120,783.685,0.961493
24.130,783.097,0.959114
24.140,782.977,0.957633
24.150,783.023,0.955836
24.160,783.054,0.956846
24.170,783.270,0.956938
24.180,783.646,0.956970
24.190,783.960,0.958391
24.200,784.178,0.960127
24.210,784.650,0.960644
24.220,785.399,0.962312
24.230,785.713,0.961752
24.240,785.862,0.961649
24.250,785.493,0.963415
24.260,785.376,0.964034
24.270,785.276,0.963750
24.280,784.962,0.963651
24.290,784.703,0.961884
24.300,784.571,0.961641
24.310,784.376,0.962226
24.320,784.197,0.963306
24.330,784.320,0.963816
24.340,784.374,0.965693
24.350,784.206,0.965209
24.360,784.068,0.965775
24.370,783.819,0.964877
24.380,783.523,0.964830
24.390,783.254,0.963069
24.400,782.932,0.963206
24.410,782.787,0.962859
24.420,782.613,0.959891
24.430,782.662,0.957154
24.440,783.241,0.956427
24.450,783.310,0.955337
24.460,783.367,0.957892
24.470,783.726,0.956665
24.480,784.602,0.954644
24.490,785.614,0.955643
24.500,786.031,0.949722
24.510,785.713,0.953525
24.520,785.386,0.961201
24.530,785.238,0.959133
24.540,785.376,0.950582
24.550,785.401,0.939585
24.560,786.091,0.902589
24.570,786.977,0.859735
24.580,788.701,0.824703
24.590,882.157,0.497429
24.600,887.253,0.862951
24.610,890.921,0.918277
24.620,892.754,0.899332
24.630,893.126,0.855881
24.640,893.390,0.815806
24.650,892.433,0.780906
24.660,889.113,0.787702
24.670,886.786,0.841479
24.680,885.390,0.879429
24.690,884.592,0.907392
24.700,884.380,0.900139
24.710,883.961,0.900558
24.720,883.532,0.906937
24.730,882.557,0.919768
24.740,881.865,0.929246
24.750,881.748,0.936941
24.760,881.819,0.932421
24.770,882.067,0.925437
24.780,882.450,0.914310
24.790,882.536,0.909882
24.800,882.479,0.905091
24.810,882.684,0.906717
24.820,882.700,0.899356
24.830,882.938,0.895692
24.840,883.201,0.894393
24.850,882.948,0.890139
24.860,882.740,0.885215
24.870,882.429,0.897202
24.880,882.203,0.901226
24.890,881.813,0.915371
24.900,881.440,0.922277
24.910,881.067,0.930261
24.920,881.108,0.937263
24.930,881.096,0.946573
24.940,881.253,0.947799
24.950,881.543,0.946410
24.960,881.617,0.945596
24.970,881.330,0.954415
24.980,881.069,0.963142
24.990,881.033,0.969826
25.000,881.385,0.973241
25.010,881.800,0.965870
25.020,881.950,0.952399
25.030,881.939,0.944725
25.040,882.844,0.934486
25.050,882.742,0.940626
25.060,882.585,0.916732
25.070,881.763,0.845751
25.080,1762.678,0.762004
25.090,1763.081,0.853104
25.100,1762.926,0.886847
25.110,1759.126,0.856775
25.120,1762.281,0.500860
25.130,582.983,0.684145
25.140,585.877,0.789749
25.150,589.180,0.892847
25.160,590.849,0.939062
25.170,590.785,0.960720
25.180,590.059,0.970723
25.190,589.904,0.970011
25.200,590.228,0.966180
25.210,589.739,0.967174
25.220,588.703,0.967133
25.230,587.634,0.954117
25.240,586.929,0.954392
25.250,586.304,0.958476
25.260,585.445,0.966323
25.270,584.673,0.969770
25.280,584.243,0.968640
25.290,584.477,0.961782
25.300,585.374,0.950444
25.310,586.639,0.954561
25.320,588.063,0.967637
25.330,588.818,0.971325
25.340,589.465,0.972728
25.350,589.951,0.971472
25.360,590.406,0.966168
25.370,590.626,0.967842
25.380,590.482,0.970468
25.390,590.161,0.972212
25.400,589.605,0.972841
25.410,588.534,0.964663
25.420,587.573,0.946494
25.430,586.835,0.934713
25.440,586.265,0.935034
25.450,586.027,0.953420
25.460,585.346,0.960109
25.470,584.923,0.968802
25.480,585.076,0.964763
25.490,585.848,0.954578
25.500,586.132,0.951053
25.510,586.800,0.959974
25.520,587.128,0.964859
25.530,587.422,0.970222
25.540,587.716,0.972486
25.550,588.192,0.976850
25.560,588.332,0.976232
25.570,588.382,0.973861
25.580,588.047,0.967813
25.590,587.783,0.967807
25.600,587.427,0.957192
25.610,587.439,0.952515
25.620,587.302,0.947450
25.630,587.294,0.950903
25.640,587.304,0.966470
25.650,587.684,0.976084
25.660,588.406,0.978229
25.670,589.015,0.978541
25.680,589.039,0.975997
25.690,588.481,0.977246
25.700,588.331,0.971455
25.710,587.925,0.961839
25.720,587.319,0.963074
25.730,587.202,0.952377
25.740,587.041,0.948275
25.750,586.718,0.923579
25.760,586.658,0.904326
25.770,585.788,0.902027
25.780,585.486,0.936842
25.790,586.260,0.942404
25.800,586.768,0.950515
25.810,586.117,0.943782
25.820,586.327,0.951103
25.830,586.680,0.963583
25.840,586.916,0.968248
25.850,587.510,0.975888
25.860,587.660,0.974920
25.870,587.731,0.976443
25.880,587.750,0.976070
25.890,587.567,0.970939
25.900,587.154,0.967541
25.910,587.127,0.966238
25.920,586.974,0.955300
25.930,587.302,0.970390
25.940,587.645,0.967587
25.950,587.800,0.966206
25.960,587.573,0.967792
25.970,587.283,0.955729
25.980,587.769,0.960725
25.990,587.622,0.953938
26.000,587.821,0.908861
26.010,586.122,0.879496
26.020,586.283,0.886573
26.030,587.666,0.914630
26.040,588.578,0.852885
26.050,589.619,0.883867
26.060,588.603,0.889495
26.070,587.634,0.919603
26.080,588.276,0.921605
26.090,588.803,0.917721
26.100,588.808,0.874061
26.110,587.004,0.878505
26.120,586.968,0.919211
26.130,587.673,0.949179
26.140,587.930,0.953066
26.150,587.764,0.958029
26.160,587.569,0.971778
26.170,587.690,0.966418
26.180,587.910,0.962763
26.190,588.112,0.947152
26.200,587.390,0.943029
26.210,588.006,0.953595
26.220,588.786,0.955948
26.230,589.020,0.915325
26.240,588.730,0.958635
26.250,588.580,0.956291
26.260,588.088,0.857176
26.270,588.372,0.730626
26.280,587.833,0.788705
26.290,588.515,0.923669
26.300,588.225,0.932586
26.310,587.517,0.921222
26.320,587.595,0.924220
26.330,587.627,0.920298
26.340,586.083,0.895435
26.350,586.065,0.909891
26.360,587.713,0.954504
26.370,588.436,0.959322
26.380,588.179,0.933410
26.390,586.814,0.919071
26.400,587.361,0.941121
26.410,587.406,0.926242
26.420,587.002,0.918633
26.430,586.796,0.873021
26.440,586.105,0.848158
26.450,585.987,0.813903
26.460,587.681,0.786904
26.470,588.193,0.830209
26.480,588.790,0.741179
26.490,588.194,0.506445
26.500,1176.635,0.392893
26.510,589.511,0.421385
26.520,589.731,0.371853
26.530,590.831,0.193057
26.540,591.719,0.203539
26.550,589.638,0.101973
26.560,1169.734,0.103230
26.570,592.872,0.074149
26.580,1185.918,0.024185
26.590,32.742,0.461018
26.600,32.626,0.620521
26.610,32.484,0.284122
26.620,32.759,0.074381
26.630,37.048,0.086294
26.640,41.170,0.447032
26.650,41.514,0.763402
26.660,40.843,0.671538
26.670,39.921,0.530312
26.680,40.728,0.525810
26.690,43.040,0.416589
26.700,44.098,0.625399
26.710,45.599,0.417708
26.720,46.898,0.346836
26.730,48.515,0.313011
26.740,887.098,0.036047
26.750,1030.414,0.031431
26.760,32.266,0.105668
26.770,32.323,0.082928
26.780,32.239,0.012578
26.790,32.142,0.006264
26.800,54.391,0.004825
26.810,44.714,0.079385
26.820,44.261,0.738669
26.830,43.733,0.847169
26.840,42.463,0.644218
26.850,39.722,0.492956
26.860,39.125,0.663044
26.870,41.359,0.584949
26.880,42.626,0.520181
26.890,43.376,0.709243
26.900,43.640,0.803652
26.910,43.103,0.687838
26.920,38.575,0.308846
26.930,35.898,0.692064
26.940,35.065,0.793330
26.950,36.532,0.803454
26.960,37.009,0.734253
26.970,85.625,0.027572
26.980,49.253,0.022549
26.990,163.998,0.041753
27.000,83.181,0.028683
27.010,142.784,0.067945
27.020,48.295,0.099009
27.030,49.407,0.515111
27.040,49.332,0.491359
27.050,174.182,0.115621
27.060,55.270,0.030191
27.070,634.312,0.025354
27.080,596.799,0.076297
27.090,599.007,0.108958
27.100,657.610,0.078830
27.110,633.425,0.103100
27.120,635.428,0.018279
27.130,648.449,0.034015
27.140,1156.566,0.047426
27.150,44.497,0.343249
27.160,45.930,0.569558
27.170,47.064,0.568131
27.180,47.700,0.522809
27.190,47.160,0.644265
27.200,44.652,0.630722
27.210,42.896,0.730470
27.220,41.329,0.731013
27.230,40.015,0.457449
27.240,40.443,0.442059
27.250,40.701,0.627189
27.260,41.383,0.472951
27.270,46.212,0.165070
27.280,48.234,0.458938
27.290,48.639,0.092236
27.300,55.323,0.033159
27.310,54.989,0.030879
27.320,630.542,0.094603
27.330,589.085,0.581182
27.340,586.580,0.370706
27.350,588.460,0.376333
27.360,590.429,0.507879
27.370,590.375,0.285833
