0.0	32.7	0.0017170723
0.011609977324263039	32.7	0.0024834082
0.023219954648526078	32.7	0.0029968394
0.034829931972789115	32.7	0.0024562893
0.046439909297052155	32.7	0.0024709841
0.058049886621315196	32.7	0.0024523898
0.06965986394557823	32.7	0.0023220454
0.08126984126984127	32.7	0.0021387718
0.09287981859410431	32.7	0.0019346948
0.10448979591836735	32.7	0.0017300689
0.11609977324263039	32.7	0.001538383
0.12770975056689343	32.7	0.0013791431
0.13931972789115646	32.7	0.0012679072
0.1509297052154195	32.7	0.0011989294
0.16253968253968254	32.7	0.0011624503
0.17414965986394557	32.7	0.0011490597
0.18575963718820862	32.7	0.0011461562
0.19736961451247165	32.7	0.0011403359
0.2089795918367347	32.7	0.0011193212
0.22058956916099773	32.7	0.0010768694
0.23219954648526078	32.7	0.0010158351
0.2438095238095238	32.7	0.0009478813
0.25541950113378686	32.7	0.0008865344
0.26702947845804986	32.7	0.0008420696
0.2786394557823129	32.7	0.00081826065
0.29024943310657597	32.7	0.00081303035
0.301859410430839	32.7	0.0008206833
0.313469387755102	32.7	0.000832833
0.3250793650793651	32.7	0.00084175915
0.33668934240362813	32.7	0.0008438086
0.34829931972789113	32.7	0.0008383288
0.3599092970521542	32.7	0.00082392414
0.37151927437641724	32.7	0.0007947058
0.3831292517006803	32.7	0.0007433978
0.3947392290249433	32.7	0.0006587037
0.40634920634920635	91.42723369530788	0.00089270866
0.4179591836734694	92.48956697920043	0.0015687025
0.4295691609977324	92.48956697920043	0.0025929788
0.44117913832199546	94.65140812860074	0.003969043
0.4527891156462585	95.7512045148439	0.0054129474
0.46439909297052157	95.7512045148439	0.00646191
0.47600907029478456	96.8637799195413	0.0075132693
0.4876190476190476	97.98928282773498	0.009107933
0.4992290249433107	100.27967374139189	0.012532989
0.5108390022675737	100.27967374139189	0.018038925
0.5224489795918368	100.27967374139189	0.023698064
0.5340589569160997	100.27967374139189	0.027952649
0.5456689342403628	100.27967374139189	0.027129006
0.5572789115646258	99.12786344978005	0.029467281
0.5688888888888889	99.12786344978005	0.033052403
0.5804988662131519	99.12786344978005	0.03286903
0.592108843537415	100.27967374139189	0.030993367
0.603718820861678	100.27967374139189	0.032556508
0.615328798185941	100.27967374139189	0.03476994
0.626938775510204	101.44486742392625	0.042739715
0.6385487528344671	101.44486742392625	0.03843065
0.6501587301587302	100.27967374139189	0.029241301
0.6617687074829932	97.98928282773498	0.03296402
0.6733786848072563	97.98928282773498	0.056065056
0.6849886621315193	97.98928282773498	0.07571897
0.6965986394557823	97.98928282773498	0.03210333
0.7082086167800453	97.98928282773498	0.015753249
0.7198185941043084	191.50240902968778	0.012601736
0.7314285714285714	191.50240902968778	0.03788205
0.7430385487528345	580.5267477858968	0.23262608
0.7546485260770975	580.5267477858968	0.54469603
0.7662585034013606	580.5267477858968	0.65494585
0.7778684807256235	580.5267477858968	0.60229605
0.7894784580498866	580.5267477858968	0.47701818
0.8010884353741496	488.16286117205766	0.47302723
0.8126984126984127	488.16286117205766	0.62176025
0.8243083900226758	493.83504039506204	0.7553065
0.8359183673469388	493.83504039506204	0.8472417
0.8475283446712019	493.83504039506204	0.8806093
0.8591383219954648	493.83504039506204	0.8788099
0.8707482993197279	493.83504039506204	0.8590294
0.8823582766439909	493.83504039506204	0.82994235
0.893968253968254	493.83504039506204	0.7905913
0.905578231292517	493.83504039506204	0.76143795
0.9171882086167801	493.83504039506204	0.7384233
0.9287981859410431	493.83504039506204	0.7600531
0.9404081632653061	493.83504039506204	0.79880893
0.9520181405895691	493.83504039506204	0.8039203
0.9636281179138322	493.83504039506204	0.7841532
0.9752380952380952	493.83504039506204	0.7530287
0.9868480725623583	493.83504039506204	0.71207887
0.9984580498866213	493.83504039506204	0.667686
1.0100680272108844	493.83504039506204	0.60637844
1.0216780045351475	493.83504039506204	0.49527943
1.0332879818594105	493.83504039506204	0.29205474
1.0448979591836736	774.9102393563303	0.3165993
1.0565079365079366	774.9102393563303	0.35538304
1.0681179138321995	774.9102393563303	0.3164746
1.0797278911564625	783.9142626218797	0.28536233
1.0913378684807256	999.1462543318602	0.293948
1.1029478458049886	987.6700807901243	0.57514095
1.1145578231292517	987.6700807901243	0.65739214
1.1261678004535147	987.6700807901243	0.66199905
1.1377777777777778	987.6700807901243	0.66227037
1.1493877551020408	987.6700807901243	0.6305427
1.1609977324263039	987.6700807901243	0.5708541
1.172607709750567	987.6700807901243	0.54553765
1.18421768707483	987.6700807901243	0.5072411
1.195827664399093	195.97856565547	0.4963697
1.207437641723356	195.97856565547	0.4926908
1.2190476190476192	195.97856565547	0.4797339
1.230657596371882	195.97856565547	0.43905273
1.242267573696145	195.97856565547	0.42772302
1.253877551020408	195.97856565547	0.46241686
1.2654875283446712	195.97856565547	0.47442693
1.2770975056689342	195.97856565547	0.4561716
1.2887074829931973	195.97856565547	0.4771691
1.3003174603174603	195.97856565547	0.5600498
1.3119274376417234	195.97856565547	0.62600213
1.3235374149659864	195.97856565547	0.63357836
1.3351473922902495	987.6700807901243	0.60947025
1.3467573696145125	987.6700807901243	0.65977836
1.3583673469387756	987.6700807901243	0.6475943
1.3699773242630386	987.6700807901243	0.6958459
1.3815873015873017	987.6700807901243	0.7603393
1.3931972789115645	987.6700807901243	0.768371
1.4048072562358276	987.6700807901243	0.7719104
1.4164172335600906	987.6700807901243	0.7990755
1.4280272108843537	987.6700807901243	0.8080305
1.4396371882086167	987.6700807901243	0.79043883
1.4512471655328798	987.6700807901243	0.7633194
1.4628571428571429	987.6700807901243	0.7107808
1.474467120181406	987.6700807901243	0.6287364
1.486077097505669	195.97856565547	0.7038969
1.497687074829932	195.97856565547	0.641786
1.509297052154195	195.97856565547	0.53767115
1.5209070294784581	195.97856565547	0.44739234
1.5325170068027212	195.97856565547	0.33024135
1.5441269841269842	195.97856565547	0.23911245
1.555736961451247	195.97856565547	0.20617047
1.5673469387755101	774.9102393563303	0.21414596
1.5789569160997732	774.9102393563303	0.38783252
1.5905668934240362	783.9142626218797	0.45462477
1.6021768707482993	783.9142626218797	0.48659632
1.6137868480725623	783.9142626218797	0.46610752
1.6253968253968254	783.9142626218797	0.37920594
1.6370068027210884	976.3257223441155	0.4166345
1.6486167800453515	987.6700807901243	0.67025447
1.6602267573696146	987.6700807901243	0.8112675
1.6718367346938776	987.6700807901243	0.86358607
1.6834467120181407	987.6700807901243	0.8891689
1.6950566893424037	987.6700807901243	0.90134436
1.7066666666666668	987.6700807901243	0.8958636
1.7182766439909296	987.6700807901243	0.87409776
1.7298866213151927	987.6700807901243	0.8452059
1.7414965986394557	987.6700807901243	0.8086436
1.7531065759637188	987.6700807901243	0.76265657
1.7647165532879818	987.6700807901243	0.7238469
1.7763265306122449	987.6700807901243	0.720913
1.787936507936508	987.6700807901243	0.7428589
1.799546485260771	987.6700807901243	0.76433897
1.811156462585034	987.6700807901243	0.77236795
1.822766439909297	987.6700807901243	0.7622474
1.8343764172335602	987.6700807901243	0.7284196
1.8459863945578232	195.97856565547	0.69484675
1.8575963718820863	195.97856565547	0.6909033
1.8692063492063493	195.97856565547	0.6585922
1.8808163265306121	195.97856565547	0.5588488
1.8924263038548752	783.9142626218797	0.5213971
1.9040362811791383	783.9142626218797	0.4256424
1.9156462585034013	879.9140089214869	0.324027
1.9272562358276644	879.9140089214869	0.6343496
1.9388662131519274	879.9140089214869	0.80824137
1.9504761904761905	879.9140089214869	0.8628838
1.9620861678004535	879.9140089214869	0.8653836
1.9736961451247166	879.9140089214869	0.81991076
1.9853061224489796	879.9140089214869	0.7376916
1.9969160997732427	879.9140089214869	0.666669
2.0085260770975055	879.9140089214869	0.61538446
2.020136054421769	879.9140089214869	0.5336648
2.0317460317460316	879.9140089214869	0.41721073
2.043356009070295	879.9140089214869	0.25963444
2.0549659863945577	774.9102393563303	0.27621934
2.066575963718821	774.9102393563303	0.31144074
2.078185941043084	774.9102393563303	0.3287165
2.089795918367347	774.9102393563303	0.35329458
2.10140589569161	783.9142626218797	0.38097292
2.1130158730158732	783.9142626218797	0.42067605
2.124625850340136	783.9142626218797	0.39978856
2.136235827664399	783.9142626218797	0.34053543
2.147845804988662	976.3257223441155	0.27840516
2.159455782312925	976.3257223441155	0.3673972
2.1710657596371883	976.3257223441155	0.450222
2.182675736961451	976.3257223441155	0.5139797
2.1942857142857144	976.3257223441155	0.5530665
2.2058956916099772	976.3257223441155	0.58948314
2.2175056689342405	976.3257223441155	0.64187133
2.2291156462585033	976.3257223441155	0.6889695
2.2407256235827666	976.3257223441155	0.71588874
2.2523356009070294	976.3257223441155	0.7168252
2.2639455782312927	976.3257223441155	0.71048146
2.2755555555555556	976.3257223441155	0.7153774
2.2871655328798184	987.6700807901243	0.737477
2.2987755102040817	987.6700807901243	0.75827044
2.3103854875283445	987.6700807901243	0.70961547
2.3219954648526078	987.6700807901243	0.6513584
2.3336054421768706	987.6700807901243	0.6499123
2.345215419501134	987.6700807901243	0.66340256
2.3568253968253967	976.3257223441155	0.6429633
2.36843537414966	976.3257223441155	0.6680646
2.380045351473923	976.3257223441155	0.65131193
2.391655328798186	976.3257223441155	0.624391
2.403265306122449	976.3257223441155	0.586062
2.414875283446712	987.6700807901243	0.54978436
2.426485260770975	987.6700807901243	0.50663215
2.4380952380952383	987.6700807901243	0.4629911
2.449705215419501	987.6700807901243	0.43438065
2.461315192743764	987.6700807901243	0.46909472
2.4729251700680273	987.6700807901243	0.53802
2.48453514739229	987.6700807901243	0.5823216
2.4961451247165534	987.6700807901243	0.58907366
2.507755102040816	976.3257223441155	0.58688056
2.5193650793650795	976.3257223441155	0.5948202
2.5309750566893423	976.3257223441155	0.550152
2.5425850340136056	976.3257223441155	0.49906167
2.5541950113378684	976.3257223441155	0.458348
2.5658049886621317	987.6700807901243	0.43541113
2.5774149659863945	987.6700807901243	0.4583772
2.589024943310658	987.6700807901243	0.47421944
2.6006349206349206	987.6700807901243	0.46344578
2.6122448979591835	987.6700807901243	0.43452233
2.6238548752834467	987.6700807901243	0.43907934
2.6354648526077096	987.6700807901243	0.48069432
2.647074829931973	987.6700807901243	0.51560557
2.6586848072562357	987.6700807901243	0.5145069
2.670294784580499	987.6700807901243	0.47832438
2.681904761904762	987.6700807901243	0.43577555
2.693514739229025	987.6700807901243	0.3816671
2.705124716553288	987.6700807901243	0.34100398
2.716734693877551	987.6700807901243	0.29841024
2.728344671201814	987.6700807901243	0.25803322
2.7399546485260773	195.97856565547	0.2699285
2.75156462585034	195.97856565547	0.296458
2.7631746031746034	195.97856565547	0.2770351
2.7747845804988662	195.97856565547	0.23922722
2.786394557823129	195.97856565547	0.19290163
2.7980045351473923	195.97856565547	0.16709392
2.809614512471655	195.97856565547	0.15386473
2.8212244897959184	195.97856565547	0.13856474
2.8328344671201813	193.72755983908263	0.14594308
2.8444444444444446	193.72755983908263	0.18138455
2.8560544217687074	195.97856565547	0.20467402
2.8676643990929707	195.97856565547	0.239514
2.8792743764172335	195.97856565547	0.2286556
2.8908843537414968	195.97856565547	0.21087834
2.9024943310657596	195.97856565547	0.17835774
2.914104308390023	987.6700807901243	0.2263483
2.9257142857142857	976.3257223441155	0.63886976
2.9373242630385485	987.6700807901243	0.7911375
2.948934240362812	987.6700807901243	0.8232912
2.9605442176870747	987.6700807901243	0.8254224
2.972154195011338	987.6700807901243	0.82091653
2.9837641723356008	987.6700807901243	0.7816331
2.995374149659864	976.3257223441155	0.61493087
3.006984126984127	488.16286117205766	0.7953672
3.01859410430839	493.83504039506204	0.89349335
3.030204081632653	493.83504039506204	0.92850035
3.0418140589569163	499.5731271659299	0.9138431
3.053424036281179	493.83504039506204	0.87402457
3.0650340136054424	493.83504039506204	0.857197
3.076643990929705	493.83504039506204	0.76564956
3.0882539682539685	493.83504039506204	0.57747203
3.0998639455782313	488.16286117205766	0.41453475
3.111473922902494	869.8073345238132	0.4838419
3.1230839002267574	869.8073345238132	0.5678195
3.1346938775510202	869.8073345238132	0.52762204
3.1463038548752835	869.8073345238132	0.31734642
3.1579138321995464	523.2	0.15562691
3.1695238095238096	523.2	0.16158669
3.1811337868480725	783.9142626218797	0.19377546
3.1927437641723357	783.9142626218797	0.17765029
3.2043537414965986	523.2	0.1467741
3.215963718820862	523.2	0.1470885
3.2275736961451247	523.2	0.13181384
3.239183673469388	1034.3810708972705	0.15213577
3.250793650793651	1022.5001909695951	0.29223529
3.2624036281179136	999.1462543318602	0.49568194
3.274013605442177	999.1462543318602	0.62723064
3.2856235827664397	999.1462543318602	0.6634261
3.297233560090703	987.6700807901243	0.6750059
3.308843537414966	987.6700807901243	0.6512097
3.320453514739229	987.6700807901243	0.5910814
3.332063492063492	987.6700807901243	0.5359168
3.3436734693877552	987.6700807901243	0.48081663
3.355283446712018	987.6700807901243	0.37774685
3.3668934240362813	987.6700807901243	0.31001604
3.378503401360544	987.6700807901243	0.279443
3.3901133786848074	999.1462543318602	0.24256387
3.4017233560090703	999.1462543318602	0.18376689
3.4133333333333336	999.1462543318602	0.11534642
3.4249433106575964	783.9142626218797	0.097014844
3.436553287981859	783.9142626218797	0.24885142
3.4481632653061225	783.9142626218797	0.4791474
3.4597732426303853	783.9142626218797	0.6001633
3.4713832199546486	783.9142626218797	0.6346226
3.4829931972789114	783.9142626218797	0.6184027
3.4946031746031747	783.9142626218797	0.58035797
3.5062131519274375	783.9142626218797	0.526944
3.517823129251701	783.9142626218797	0.43577403
3.5294331065759637	976.3257223441155	0.5672061
3.541043083900227	987.6700807901243	0.6867153
3.5526530612244898	987.6700807901243	0.7257453
3.564263038548753	987.6700807901243	0.70333976
3.575873015873016	987.6700807901243	0.67692995
3.5874829931972787	987.6700807901243	0.64622027
3.599092970521542	987.6700807901243	0.59470284
3.610702947845805	987.6700807901243	0.53826296
3.622312925170068	987.6700807901243	0.49645054
3.633922902494331	987.6700807901243	0.45644152
3.645532879818594	987.6700807901243	0.35099426
3.657142857142857	987.6700807901243	0.25043562
3.6687528344671203	783.9142626218797	0.29086548
3.680362811791383	783.9142626218797	0.45005426
3.6919727891156464	783.9142626218797	0.6241979
3.7035827664399092	783.9142626218797	0.75795096
3.7151927437641725	783.9142626218797	0.8157134
3.7268027210884354	783.9142626218797	0.81854963
3.7384126984126986	783.9142626218797	0.8141112
3.7500226757369615	783.9142626218797	0.80403817
3.7616326530612243	783.9142626218797	0.7797772
3.7732426303854876	783.9142626218797	0.6656218
3.7848526077097504	987.6700807901243	0.6128733
3.7964625850340137	987.6700807901243	0.7508486
3.8080725623582765	987.6700807901243	0.81261164
3.81968253968254	987.6700807901243	0.8045328
3.8312925170068026	987.6700807901243	0.763975
3.842902494331066	987.6700807901243	0.7517414
3.8545124716553287	987.6700807901243	0.764626
3.866122448979592	987.6700807901243	0.7617936
3.877732426303855	987.6700807901243	0.7479835
3.889342403628118	987.6700807901243	0.7246809
3.900952380952381	987.6700807901243	0.6784559
3.912562358276644	987.6700807901243	0.5974015
3.924172335600907	999.1462543318602	0.47174206
3.93578231292517	999.1462543318602	0.4199281
3.947392290249433	999.1462543318602	0.38031963
3.959002267573696	999.1462543318602	0.36659938
3.9706122448979593	783.9142626218797	0.5680154
3.982222222222222	783.9142626218797	0.67666095
3.9938321995464854	783.9142626218797	0.7082487
4.005442176870749	783.9142626218797	0.72599375
4.017052154195011	783.9142626218797	0.74220717
4.028662131519274	783.9142626218797	0.73193234
4.040272108843538	783.9142626218797	0.60999864
4.051882086167801	783.9142626218797	0.39326328
4.063492063492063	879.9140089214869	0.36213055
4.0751020408163265	879.9140089214869	0.53032607
4.08671201814059	879.9140089214869	0.6246021
4.098321995464852	879.9140089214869	0.64439017
4.1099319727891155	879.9140089214869	0.55135673
4.121541950113379	879.9140089214869	0.34544152
4.133151927437642	879.9140089214869	0.190928
4.144761904761904	879.9140089214869	0.13424313
4.156371882086168	774.9102393563303	0.12082704
4.167981859410431	774.9102393563303	0.2665572
4.179591836734694	774.9102393563303	0.39311174
4.191201814058957	774.9102393563303	0.46738526
4.20281179138322	774.9102393563303	0.5009403
4.214421768707483	774.9102393563303	0.50656646
4.2260317460317465	783.9142626218797	0.54457897
4.237641723356009	783.9142626218797	0.5044099
4.249251700680272	976.3257223441155	0.56432766
4.260861678004535	976.3257223441155	0.78311455
4.272471655328798	987.6700807901243	0.8568237
4.284081632653061	976.3257223441155	0.8915528
4.295691609977324	976.3257223441155	0.9273982
4.307301587301588	976.3257223441155	0.944866
4.31891156462585	976.3257223441155	0.9373853
4.330521541950113	976.3257223441155	0.9057968
4.342131519274377	976.3257223441155	0.8752504
4.35374149659864	976.3257223441155	0.8281853
4.365351473922902	976.3257223441155	0.7307395
4.3769614512471655	987.6700807901243	0.6964414
4.388571428571429	987.6700807901243	0.7712182
4.400181405895691	987.6700807901243	0.79756284
4.4117913832199545	987.6700807901243	0.78676283
4.423401360544218	987.6700807901243	0.7736126
4.435011337868481	987.6700807901243	0.7485954
4.446621315192743	987.6700807901243	0.7016002
4.458231292517007	987.6700807901243	0.65719676
4.46984126984127	987.6700807901243	0.6343945
4.481451247165533	976.3257223441155	0.64980626
4.493061224489796	987.6700807901243	0.6973116
4.504671201814059	987.6700807901243	0.7426422
4.516281179138322	987.6700807901243	0.7481952
4.527891156462585	987.6700807901243	0.7360724
4.539501133786848	987.6700807901243	0.74368817
4.551111111111111	987.6700807901243	0.7619254
4.562721088435374	987.6700807901243	0.74232775
4.574331065759637	987.6700807901243	0.69628894
4.5859410430839	987.6700807901243	0.66814035
4.597551020408163	987.6700807901243	0.6587596
4.609160997732427	987.6700807901243	0.6411436
4.620770975056689	976.3257223441155	0.64079756
4.632380952380952	976.3257223441155	0.6217108
4.6439909297052155	987.6700807901243	0.6220466
4.655600907029479	987.6700807901243	0.66484773
4.667210884353741	987.6700807901243	0.69360965
4.6788208616780045	987.6700807901243	0.68653035
4.690430839002268	987.6700807901243	0.67100513
4.702040816326531	987.6700807901243	0.6603877
4.713650793650793	987.6700807901243	0.6458406
4.725260770975057	987.6700807901243	0.6109533
4.73687074829932	987.6700807901243	0.5523112
4.748480725623582	987.6700807901243	0.48992983
4.760090702947846	987.6700807901243	0.4589661
4.771700680272109	987.6700807901243	0.4751831
4.783310657596372	987.6700807901243	0.51866996
4.794920634920635	987.6700807901243	0.57045585
4.806530612244898	987.6700807901243	0.6419429
4.818140589569161	987.6700807901243	0.7321342
4.829750566893424	987.6700807901243	0.802968
4.841360544217687	987.6700807901243	0.8187615
4.85297052154195	987.6700807901243	0.7869996
4.864580498866213	987.6700807901243	0.71911657
4.876190476190477	987.6700807901243	0.5848331
4.887800453514739	987.6700807901243	0.4758615
4.899410430839002	987.6700807901243	0.40555725
4.911020408163266	987.6700807901243	0.36232707
4.922630385487528	987.6700807901243	0.31442767
4.934240362811791	987.6700807901243	0.25505376
4.9458503401360545	987.6700807901243	0.20287679
4.957460317460318	193.72755983908263	0.17612672
4.96907029478458	987.6700807901243	0.12962595
4.9806802721088435	987.6700807901243	0.10568475
4.992290249433107	987.6700807901243	0.083617195
5.00390022675737	987.6700807901243	0.05815935
5.015510204081632	987.6700807901243	0.045891553
5.027120181405896	987.6700807901243	0.052931026
5.038730158730159	987.6700807901243	0.089673825
5.050340136054421	987.6700807901243	0.16966592
5.061950113378685	976.3257223441155	0.34746417
5.073560090702948	976.3257223441155	0.58951896
5.085170068027211	976.3257223441155	0.7828508
5.0967800453514736	976.3257223441155	0.84692156
5.108390022675737	976.3257223441155	0.84855586
5.12	987.6700807901243	0.84497195
5.131609977324263	987.6700807901243	0.84206057
5.143219954648526	987.6700807901243	0.85795355
5.154829931972789	987.6700807901243	0.85356855
5.166439909297052	987.6700807901243	0.7182027
5.178049886621316	493.83504039506204	0.73122543
5.189659863945578	493.83504039506204	0.8092363
5.201269841269841	493.83504039506204	0.7973661
5.2128798185941045	493.83504039506204	0.7840677
5.224489795918367	493.83504039506204	0.7914663
5.23609977324263	493.83504039506204	0.7603176
5.2477097505668935	493.83504039506204	0.6100308
5.259319727891157	493.83504039506204	0.40894833
5.270929705215419	869.8073345238132	0.29687163
5.282539682539682	869.8073345238132	0.24548714
5.294149659863946	869.8073345238132	0.22008447
5.305759637188209	869.8073345238132	0.24428745
5.317369614512471	869.8073345238132	0.30374888
5.328979591836735	879.9140089214869	0.31879812
5.340589569160998	879.9140089214869	0.2615228
5.352199546485261	879.9140089214869	0.15706246
5.363809523809524	976.3257223441155	0.09577391
5.375419501133787	987.6700807901243	0.11384636
5.38702947845805	987.6700807901243	0.16896331
5.3986394557823125	999.1462543318602	0.3518241
5.410249433106576	999.1462543318602	0.5338212
5.421859410430839	987.6700807901243	0.58777434
5.433469387755102	987.6700807901243	0.63829166
5.445079365079365	976.3257223441155	0.759311
5.456689342403628	976.3257223441155	0.83784837
5.468299319727891	976.3257223441155	0.8666374
5.479909297052155	976.3257223441155	0.86319584
5.491519274376417	987.6700807901243	0.7925103
5.50312925170068	987.6700807901243	0.69199747
5.5147392290249435	999.1462543318602	0.70492095
5.526349206349207	987.6700807901243	0.76806515
5.537959183673469	987.6700807901243	0.75735444
5.5495691609977325	987.6700807901243	0.7251728
5.561179138321996	987.6700807901243	0.71401083
5.572789115646258	987.6700807901243	0.6951496
5.584399092970521	987.6700807901243	0.6927185
5.596009070294785	987.6700807901243	0.6982342
5.607619047619048	987.6700807901243	0.6808979
5.61922902494331	987.6700807901243	0.61155134
5.630839002267574	987.6700807901243	0.4459766
5.642448979591837	869.8073345238132	0.52319264
5.6540589569161	869.8073345238132	0.66008484
5.6656689342403626	869.8073345238132	0.6827902
5.677278911564626	869.8073345238132	0.699118
5.688888888888889	869.8073345238132	0.7167854
5.7004988662131515	869.8073345238132	0.7448146
5.712108843537415	869.8073345238132	0.7230331
5.723718820861678	1046.4	0.4973724
5.735328798185941	1046.4	0.603302
5.746938775510204	1046.4	0.619218
5.758548752834467	1046.4	0.594365
5.77015873015873	1046.4	0.53898364
5.7817687074829935	987.6700807901243	0.47702426
5.793378684807256	987.6700807901243	0.8234128
5.804988662131519	987.6700807901243	0.93220824
5.8165986394557825	987.6700807901243	0.955439
5.828208616780046	987.6700807901243	0.9535933
5.839818594104308	987.6700807901243	0.93465674
5.851428571428571	987.6700807901243	0.89119697
5.863038548752835	976.3257223441155	0.8210119
5.874648526077097	976.3257223441155	0.6614079
5.88625850340136	976.3257223441155	0.44623554
5.897868480725624	879.9140089214869	0.48898363
5.909478458049887	879.9140089214869	0.5424272
5.921088435374149	879.9140089214869	0.6131346
5.932698412698413	879.9140089214869	0.5706807
5.944308390022676	879.9140089214869	0.44020325
5.955918367346939	1046.4	0.5746906
5.9675283446712015	1046.4	0.60750854
5.979138321995465	1046.4	0.55199164
5.990748299319728	1046.4	0.4775457
6.002358276643991	869.8073345238132	0.37284574
6.013968253968254	859.8167451825711	0.3318328
6.025578231292517	859.8167451825711	0.31754747
6.03718820861678	859.8167451825711	0.30826974
6.048798185941043	859.8167451825711	0.27984416
6.060408163265306	859.8167451825711	0.19041316
6.072018140589569	195.97856565547	0.12526262
6.0836281179138325	195.97856565547	0.11995373
6.095238095238095	193.72755983908263	0.13277854
6.106848072562358	195.97856565547	0.120331265
6.1184580498866215	195.97856565547	0.07667699
6.130068027210885	195.97856565547	0.052798256
6.141678004535147	783.9142626218797	0.23565163
6.15328798185941	774.9102393563303	0.40409487
6.164897959183674	783.9142626218797	0.45514646
6.176507936507937	783.9142626218797	0.47227526
6.188117913832199	783.9142626218797	0.46363288
6.199727891156463	783.9142626218797	0.41863015
6.211337868480726	783.9142626218797	0.3458503
6.222947845804988	783.9142626218797	0.22458002
6.2345578231292516	659.1906933049976	0.10306136
6.246167800453515	659.1906933049976	0.13748355
6.257777777777778	659.1906933049976	0.10303765
6.2693877551020405	659.1906933049976	0.06756029
6.280997732426304	210.04462589545926	0.05681073
6.292607709750567	210.04462589545926	0.07255747
6.30421768707483	210.04462589545926	0.111568324
6.315827664399093	210.04462589545926	0.15034066
6.327437641723356	210.04462589545926	0.20056535
6.339047619047619	210.04462589545926	0.24112728
6.350657596371882	210.04462589545926	0.24855353
6.362267573696145	210.04462589545926	0.21011259
6.373877551020408	210.04462589545926	0.15961732
6.3854875283446715	210.04462589545926	0.14731431
6.397097505668934	783.9142626218797	0.18065308
6.408707482993197	210.04462589545926	0.2330157
6.42031746031746	210.04462589545926	0.3128216
6.431927437641724	210.04462589545926	0.34714422
6.443537414965986	739.9165358336035	0.633143
6.455147392290249	739.9165358336035	0.7396643
6.466757369614513	739.9165358336035	0.71258515
6.478367346938776	731.417869562463	0.6924232
6.489977324263038	731.417869562463	0.6109721
6.501587301587302	731.417869562463	0.4909367
6.513197278911565	731.417869562463	0.40874693
6.524807256235827	731.417869562463	0.36150518
6.5364172335600905	739.9165358336035	0.3876191
6.548027210884354	739.9165358336035	0.49346954
6.559637188208617	739.9165358336035	0.47699794
6.5712471655328795	739.9165358336035	0.35398805
6.582857142857143	748.5139518501272	0.33877328
6.594467120181406	739.9165358336035	0.42829326
6.606077097505669	739.9165358336035	0.5367107
6.617687074829932	739.9165358336035	0.56478316
6.629297052154195	739.9165358336035	0.5322587
6.640907029478458	739.9165358336035	0.49929088
6.6525170068027215	739.9165358336035	0.50512767
6.664126984126984	739.9165358336035	0.52744496
6.675736961451247	739.9165358336035	0.5444118
6.6873469387755105	739.9165358336035	0.5696665
6.698956916099773	739.9165358336035	0.57722384
6.710566893424036	739.9165358336035	0.5779032
6.722176870748299	148.52397932247075	0.625266
6.733786848072563	148.52397932247075	0.6830837
6.745396825396825	148.52397932247075	0.7465935
6.757006802721088	146.81803591886597	0.80073977
6.768616780045352	739.9165358336035	0.8302046
6.780226757369615	739.9165358336035	0.8488982
6.791836734693877	739.9165358336035	0.82532305
6.8034467120181406	739.9165358336035	0.7954246
6.815056689342404	739.9165358336035	0.7739222
6.826666666666667	739.9165358336035	0.75396204
6.8382766439909295	739.9165358336035	0.7332403
6.849886621315193	739.9165358336035	0.7007063
6.861496598639456	739.9165358336035	0.6473418
6.873106575963718	739.9165358336035	0.5681093
6.884716553287982	146.81803591886597	0.54561317
6.896326530612245	146.81803591886597	0.5809555
6.907936507936508	146.81803591886597	0.6291462
6.919546485260771	146.81803591886597	0.6734844
6.931156462585034	146.81803591886597	0.70779175
6.942766439909297	146.81803591886597	0.72707343
6.9543764172335605	146.81803591886597	0.7037898
6.965986394557823	146.81803591886597	0.6299855
6.977596371882086	146.81803591886597	0.5314266
6.989206349206349	739.9165358336035	0.49530897
7.000816326530612	739.9165358336035	0.47113395
7.012426303854875	739.9165358336035	0.4221403
7.024036281179138	739.9165358336035	0.33410752
7.035646258503402	739.9165358336035	0.25361392
7.047256235827664	739.9165358336035	0.19879052
7.058866213151927	739.9165358336035	0.16362938
7.070476190476191	580.5267477858968	0.16780908
7.082086167800454	587.2721436754641	0.14745748
7.093696145124716	739.9165358336035	0.1615698
7.1053061224489795	739.9165358336035	0.18334024
7.116916099773243	739.9165358336035	0.18742335
7.128526077097506	739.9165358336035	0.18157881
7.1401360544217685	739.9165358336035	0.16791646
7.151746031746032	739.9165358336035	0.12918755
7.163356009070295	739.9165358336035	0.09079258
7.174965986394557	146.81803591886597	0.09876877
7.186575963718821	146.81803591886597	0.09314396
7.198185941043084	146.81803591886597	0.06393095
7.209795918367347	434.9036672619066	0.047566764
7.22140589569161	434.9036672619066	0.048620515
7.233015873015873	434.9036672619066	0.05104378
7.244625850340136	434.9036672619066	0.054573487
7.2562358276643995	434.9036672619066	0.058023863
7.267845804988662	580.5267477858968	0.05778725
7.279455782312925	580.5267477858968	0.122805886
7.291065759637188	580.5267477858968	0.3524772
7.302675736961452	580.5267477858968	0.631914
7.314285714285714	587.2721436754641	0.73455185
7.325895691609977	587.2721436754641	0.688273
7.337505668934241	587.2721436754641	0.4069429
7.349115646258503	488.16286117205766	0.51221305
7.360725623582766	493.83504039506204	0.5668414
7.3723356009070296	493.83504039506204	0.5681135
7.383945578231293	493.83504039506204	0.4917687
7.395555555555555	493.83504039506204	0.44770417
7.4071655328798185	493.83504039506204	0.43336928
7.418775510204082	493.83504039506204	0.40960717
7.430385487528345	493.83504039506204	0.3949629
7.441995464852607	493.83504039506204	0.38408816
7.453605442176871	493.83504039506204	0.37918925
7.465215419501134	493.83504039506204	0.35679072
7.476825396825397	493.83504039506204	0.3071748
7.48843537414966	493.83504039506204	0.25586987
7.500045351473923	493.83504039506204	0.21609473
7.511655328798186	493.83504039506204	0.161529
7.523265306122449	493.83504039506204	0.0981782
7.534875283446712	783.9142626218797	0.304908
7.546485260770975	783.9142626218797	0.6049244
7.558095238095238	783.9142626218797	0.70276874
7.569705215419501	783.9142626218797	0.7478856
7.581315192743764	783.9142626218797	0.74887305
7.592925170068027	783.9142626218797	0.7036834
7.604535147392291	783.9142626218797	0.6213311
7.616145124716553	783.9142626218797	0.5028221
7.627755102040816	783.9142626218797	0.41388255
7.63936507936508	783.9142626218797	0.38226378
7.650975056689342	783.9142626218797	0.39974102
7.662585034013605	783.9142626218797	0.4298443
7.6741950113378685	783.9142626218797	0.44879472
7.685804988662132	783.9142626218797	0.40885282
7.697414965986394	774.9102393563303	0.34153527
7.7090249433106575	783.9142626218797	0.28395456
7.720634920634921	783.9142626218797	0.25164208
7.732244897959184	783.9142626218797	0.25154898
7.743854875283446	783.9142626218797	0.3010932
7.75546485260771	783.9142626218797	0.40568644
7.767074829931973	783.9142626218797	0.53288597
7.778684807256236	783.9142626218797	0.6295598
7.790294784580499	783.9142626218797	0.6724875
7.801904761904762	783.9142626218797	0.6952499
7.813514739229025	783.9142626218797	0.70266813
7.825124716553288	783.9142626218797	0.7179263
7.836734693877551	783.9142626218797	0.7241467
7.848344671201814	783.9142626218797	0.6993244
7.859954648526077	783.9142626218797	0.6475365
7.87156462585034	783.9142626218797	0.57398003
7.883174603174603	783.9142626218797	0.48429632
7.894784580498866	783.9142626218797	0.41081077
7.90639455782313	783.9142626218797	0.3725655
7.918004535147392	783.9142626218797	0.36577597
7.929614512471655	783.9142626218797	0.37919852
7.9412244897959186	783.9142626218797	0.3978205
7.952834467120182	783.9142626218797	0.42106625
7.964444444444444	783.9142626218797	0.446329
7.9760544217687075	783.9142626218797	0.47842824
7.987664399092971	783.9142626218797	0.51024395
7.999274376417233	783.9142626218797	0.5308746
8.010884353741497	783.9142626218797	0.5348072
8.02249433106576	783.9142626218797	0.5336215
8.034104308390022	783.9142626218797	0.54134697
8.045714285714286	783.9142626218797	0.56341046
8.057324263038549	783.9142626218797	0.59674263
8.068934240362811	783.9142626218797	0.62419105
8.080544217687075	783.9142626218797	0.6317654
8.092154195011338	783.9142626218797	0.61045766
8.103764172335602	783.9142626218797	0.56710845
8.115374149659864	783.9142626218797	0.5162819
8.126984126984127	783.9142626218797	0.4486902
8.13859410430839	783.9142626218797	0.3688281
8.150204081632653	783.9142626218797	0.31920934
8.161814058956915	783.9142626218797	0.3137311
8.17342403628118	783.9142626218797	0.314311
8.185034013605442	783.9142626218797	0.3172818
8.196643990929704	783.9142626218797	0.3086847
8.208253968253969	783.9142626218797	0.32622743
8.219863945578231	783.9142626218797	0.3556703
8.231473922902495	783.9142626218797	0.39303938
8.243083900226758	783.9142626218797	0.43184674
8.25469387755102	783.9142626218797	0.40942356
8.266303854875284	774.9102393563303	0.38833746
8.277913832199546	774.9102393563303	0.36477625
8.289523809523809	774.9102393563303	0.3329269
8.301133786848073	774.9102393563303	0.2855205
8.312743764172335	774.9102393563303	0.22825633
8.324353741496598	195.97856565547	0.19078623
8.335963718820862	195.97856565547	0.18325058
8.347573696145124	195.97856565547	0.17496778
8.359183673469389	774.9102393563303	0.1622755
8.370793650793651	774.9102393563303	0.2266332
8.382403628117913	774.9102393563303	0.29702055
8.394013605442177	774.9102393563303	0.3222754
8.40562358276644	774.9102393563303	0.33960018
8.417233560090702	774.9102393563303	0.3654123
8.428843537414966	783.9142626218797	0.3974572
8.440453514739229	783.9142626218797	0.46796805
8.452063492063493	783.9142626218797	0.5714765
8.463673469387755	783.9142626218797	0.63941133
8.475283446712018	783.9142626218797	0.67680794
8.486893424036282	783.9142626218797	0.6848808
8.498503401360544	783.9142626218797	0.6620105
8.510113378684807	783.9142626218797	0.64312214
8.52172335600907	783.9142626218797	0.65481395
8.533333333333333	783.9142626218797	0.6828653
8.544943310657596	783.9142626218797	0.7035266
8.55655328798186	783.9142626218797	0.7043207
8.568163265306122	783.9142626218797	0.7014152
8.579773242630386	783.9142626218797	0.6965872
8.591383219954649	783.9142626218797	0.6720074
8.602993197278911	783.9142626218797	0.613422
8.614603174603175	783.9142626218797	0.54845524
8.626213151927438	783.9142626218797	0.48003733
8.6378231292517	783.9142626218797	0.40724534
8.649433106575964	783.9142626218797	0.34725225
8.661043083900227	783.9142626218797	0.28723568
8.672653061224489	987.6700807901243	0.30002624
8.684263038548753	987.6700807901243	0.41650945
8.695873015873016	987.6700807901243	0.43237278
8.70748299319728	987.6700807901243	0.41957825
8.719092970521542	987.6700807901243	0.39471793
8.730702947845804	976.3257223441155	0.39863744
8.742312925170069	976.3257223441155	0.4494372
8.753922902494331	976.3257223441155	0.5225053
8.765532879818593	976.3257223441155	0.56679654
8.777142857142858	976.3257223441155	0.5622777
8.78875283446712	976.3257223441155	0.5313325
8.800362811791382	976.3257223441155	0.49195603
8.811972789115647	976.3257223441155	0.44232544
8.823582766439909	987.6700807901243	0.40122297
8.835192743764173	987.6700807901243	0.38001212
8.846802721088435	976.3257223441155	0.38017315
8.858412698412698	976.3257223441155	0.40283266
8.870022675736962	976.3257223441155	0.44774452
8.881632653061224	976.3257223441155	0.5101471
8.893242630385487	976.3257223441155	0.5611301
8.904852607709751	976.3257223441155	0.58508295
8.916462585034013	976.3257223441155	0.59130514
8.928072562358278	976.3257223441155	0.58944684
8.93968253968254	976.3257223441155	0.5838444
8.951292517006802	976.3257223441155	0.5809258
8.962902494331066	976.3257223441155	0.5837363
8.974512471655329	976.3257223441155	0.6055636
8.986122448979591	976.3257223441155	0.6548984
8.997732426303855	976.3257223441155	0.71388495
9.009342403628118	976.3257223441155	0.7589857
9.02095238095238	976.3257223441155	0.78227043
9.032562358276644	976.3257223441155	0.7850722
9.044172335600907	976.3257223441155	0.7748384
9.05578231292517	976.3257223441155	0.7487613
9.067392290249433	976.3257223441155	0.698369
9.079002267573696	976.3257223441155	0.63428223
9.09061224489796	976.3257223441155	0.58213407
9.102222222222222	976.3257223441155	0.55289745
9.113832199546485	976.3257223441155	0.5371156
9.125442176870749	976.3257223441155	0.52936435
9.137052154195011	976.3257223441155	0.5408571
9.148662131519274	976.3257223441155	0.57575583
9.160272108843538	976.3257223441155	0.6102201
9.1718820861678	976.3257223441155	0.6215025
9.183492063492064	976.3257223441155	0.6046839
9.195102040816327	976.3257223441155	0.5745917
9.206712018140589	976.3257223441155	0.54482806
9.218321995464853	976.3257223441155	0.51629347
9.229931972789116	976.3257223441155	0.48023453
9.241541950113378	987.6700807901243	0.45916513
9.253151927437642	987.6700807901243	0.40029222
9.264761904761905	987.6700807901243	0.34488505
9.276371882086167	987.6700807901243	0.2744435
9.287981859410431	987.6700807901243	0.18723
9.299591836734693	987.6700807901243	0.118523285
9.311201814058958	987.6700807901243	0.0841614
9.32281179138322	195.97856565547	0.08351439
9.334421768707482	195.97856565547	0.08291235
9.346031746031747	195.97856565547	0.07127128
9.357641723356009	195.97856565547	0.056368392
9.369251700680271	783.9142626218797	0.044603996
9.380861678004536	783.9142626218797	0.048494328
9.392471655328798	783.9142626218797	0.048221853
9.404081632653062	783.9142626218797	0.045588665
9.415691609977324	783.9142626218797	0.04189711
9.427301587301587	793.0229075982402	0.041703947
9.438911564625851	987.6700807901243	0.050567597
9.450521541950113	987.6700807901243	0.082470454
9.462131519274376	987.6700807901243	0.13427117
9.47374149659864	987.6700807901243	0.1922536
9.485351473922902	987.6700807901243	0.27500004
9.496961451247165	976.3257223441155	0.4051866
9.508571428571429	976.3257223441155	0.47575656
9.520181405895691	987.6700807901243	0.3655823
9.531791383219955	493.83504039506204	0.64674526
9.543401360544218	493.83504039506204	0.7987707
9.55501133786848	493.83504039506204	0.8839395
9.566621315192744	493.83504039506204	0.8979785
9.578231292517007	493.83504039506204	0.85658264
9.58984126984127	493.83504039506204	0.8262813
9.601451247165533	493.83504039506204	0.8069797
9.613061224489796	493.83504039506204	0.7062865
9.624671201814058	493.83504039506204	0.5503429
9.636281179138322	493.83504039506204	0.4414096
9.647891156462585	879.9140089214869	0.52154666
9.659501133786849	879.9140089214869	0.5852454
9.671111111111111	879.9140089214869	0.60661596
9.682721088435374	879.9140089214869	0.53526074
9.694331065759638	879.9140089214869	0.43178186
9.7059410430839	879.9140089214869	0.33299467
9.717551020408163	879.9140089214869	0.22770123
9.729160997732427	879.9140089214869	0.12692337
9.740770975056689	879.9140089214869	0.053359475
9.752380952380953	793.0229075982402	0.09505728
9.763990929705216	783.9142626218797	0.13996932
9.775600907029478	587.2721436754641	0.14030853
9.787210884353742	587.2721436754641	0.26912984
9.798820861678005	587.2721436754641	0.27727598
9.810430839002267	587.2721436754641	0.22865811
9.822040816326531	594.0959172898832	0.22199553
9.833650793650794	594.0959172898832	0.22031394
9.845260770975056	594.0959172898832	0.19010682
9.85687074829932	594.0959172898832	0.11647754
9.868480725623582	387.45511967816526	0.07709196
9.880090702947847	387.45511967816526	0.059343357
9.891700680272109	387.45511967816526	0.041267913
9.903310657596371	493.83504039506204	0.04954396
9.914920634920636	793.0229075982402	0.072454765
9.926530612244898	793.0229075982402	0.110131025
9.93814058956916	783.9142626218797	0.13674165
9.949750566893425	783.9142626218797	0.15575416
9.961360544217687	783.9142626218797	0.16855545
9.97297052154195	783.9142626218797	0.18771389
9.984580498866213	783.9142626218797	0.22376408
9.996190476190476	783.9142626218797	0.2641973
10.00780045351474	783.9142626218797	0.29128426
10.019410430839002	783.9142626218797	0.27816013
10.031020408163265	783.9142626218797	0.22971964
10.042630385487529	193.72755983908263	0.18063003
10.054240362811791	580.5267477858968	0.15133336
10.065850340136054	580.5267477858968	0.43990633
10.077460317460318	587.2721436754641	0.43648827
10.08907029478458	587.2721436754641	0.34340122
10.100680272108843	587.2721436754641	0.2971356
10.112290249433107	587.2721436754641	0.25206664
10.12390022675737	587.2721436754641	0.2124372
10.135510204081633	587.2721436754641	0.18786897
10.147120181405896	587.2721436754641	0.18032539
10.158730158730158	587.2721436754641	0.17623863
10.170340136054422	587.2721436754641	0.15187234
10.181950113378685	587.2721436754641	0.11871964
10.193560090702947	587.2721436754641	0.08762371
10.205170068027211	587.2721436754641	0.065658644
10.216780045351474	783.9142626218797	0.05050564
10.228390022675738	783.9142626218797	0.092827566
10.24	783.9142626218797	0.18976177
10.251609977324263	783.9142626218797	0.37424636
10.263219954648527	783.9142626218797	0.4948863
10.27482993197279	783.9142626218797	0.5390916
10.286439909297052	783.9142626218797	0.49447766
10.298049886621316	783.9142626218797	0.38297164
10.309659863945578	783.9142626218797	0.20040111
10.32126984126984	580.5267477858968	0.098073795
10.332879818594105	580.5267477858968	0.15553595
10.344489795918367	580.5267477858968	0.17709905
10.356099773242631	580.5267477858968	0.15617666
10.367709750566894	580.5267477858968	0.13785842
10.379319727891156	580.5267477858968	0.13030389
10.39092970521542	587.2721436754641	0.11326658
10.402539682539683	195.97856565547	0.09069537
10.414149659863945	195.97856565547	0.10583182
10.425759637188209	195.97856565547	0.11046073
10.437369614512471	195.97856565547	0.12068664
10.448979591836734	193.72755983908263	0.12990114
10.460589569160998	193.72755983908263	0.13780372
10.47219954648526	195.97856565547	0.14301902
10.483809523809525	195.97856565547	0.15570918
10.495419501133787	195.97856565547	0.18300024
10.50702947845805	195.97856565547	0.21656887
10.518639455782314	195.97856565547	0.23148939
10.530249433106576	783.9142626218797	0.32202893
10.541859410430838	783.9142626218797	0.49001706
10.553469387755102	783.9142626218797	0.5844406
10.565079365079365	783.9142626218797	0.5976909
10.576689342403627	783.9142626218797	0.5379254
10.588299319727891	783.9142626218797	0.45370534
10.599909297052154	783.9142626218797	0.35840482
10.611519274376418	783.9142626218797	0.32121885
10.62312925170068	783.9142626218797	0.32490054
10.634739229024943	783.9142626218797	0.34703925
10.646349206349207	783.9142626218797	0.37234655
10.65795918367347	783.9142626218797	0.4003064
10.669569160997732	783.9142626218797	0.42835325
10.681179138321996	783.9142626218797	0.4535936
10.692789115646258	783.9142626218797	0.4619149
10.704399092970522	783.9142626218797	0.4488865
10.716009070294785	783.9142626218797	0.42493442
10.727619047619047	783.9142626218797	0.41868645
10.739229024943311	783.9142626218797	0.42177296
10.750839002267574	783.9142626218797	0.43955517
10.762448979591836	783.9142626218797	0.46420634
10.7740589569161	783.9142626218797	0.46234477
10.785668934240363	783.9142626218797	0.43061048
10.797278911564625	783.9142626218797	0.35091868
10.80888888888889	987.6700807901243	0.41621944
10.820498866213152	987.6700807901243	0.64311993
10.832108843537416	987.6700807901243	0.7707009
10.843718820861678	987.6700807901243	0.7985293
10.85532879818594	976.3257223441155	0.7844037
10.866938775510205	976.3257223441155	0.7681417
10.878548752834467	976.3257223441155	0.73449117
10.89015873015873	976.3257223441155	0.7084972
10.901768707482994	976.3257223441155	0.6985749
10.913378684807256	976.3257223441155	0.6956469
10.924988662131518	976.3257223441155	0.72670287
10.936598639455783	976.3257223441155	0.77818286
10.948208616780045	976.3257223441155	0.78708506
10.95981859410431	976.3257223441155	0.72424704
10.971428571428572	987.6700807901243	0.6710972
10.983038548752834	987.6700807901243	0.6830084
10.994648526077098	987.6700807901243	0.6608617
11.00625850340136	987.6700807901243	0.60289204
11.017868480725623	987.6700807901243	0.5638705
11.029478458049887	987.6700807901243	0.5503447
11.04108843537415	976.3257223441155	0.55597913
11.052698412698414	976.3257223441155	0.5768347
11.064308390022676	976.3257223441155	0.58254457
11.075918367346938	976.3257223441155	0.57752085
11.087528344671203	976.3257223441155	0.5508617
11.099138321995465	976.3257223441155	0.5161327
11.110748299319727	987.6700807901243	0.5035554
11.122358276643991	987.6700807901243	0.53230226
11.133968253968254	987.6700807901243	0.55428374
11.145578231292516	987.6700807901243	0.57788134
11.15718820861678	987.6700807901243	0.58488256
11.168798185941043	987.6700807901243	0.5748684
11.180408163265307	987.6700807901243	0.5713496
11.19201814058957	976.3257223441155	0.60729474
11.203628117913832	976.3257223441155	0.69220346
11.215238095238096	976.3257223441155	0.7571257
11.226848072562358	976.3257223441155	0.78651506
11.23845804988662	976.3257223441155	0.79475665
11.250068027210885	987.6700807901243	0.7890622
11.261678004535147	987.6700807901243	0.83934945
11.27328798185941	987.6700807901243	0.8517911
11.284897959183674	987.6700807901243	0.8486958
11.296507936507936	987.6700807901243	0.8470432
11.3081179138322	987.6700807901243	0.8416285
11.319727891156463	987.6700807901243	0.82054776
11.331337868480725	987.6700807901243	0.77805436
11.34294784580499	976.3257223441155	0.7453887
11.354557823129252	976.3257223441155	0.7473872
11.366167800453514	976.3257223441155	0.7667179
11.377777777777778	976.3257223441155	0.7785156
11.38938775510204	976.3257223441155	0.7864298
11.400997732426303	976.3257223441155	0.766772
11.412607709750567	987.6700807901243	0.7478732
11.42421768707483	987.6700807901243	0.664161
11.435827664399094	987.6700807901243	0.52630174
11.447437641723356	987.6700807901243	0.4130667
11.459047619047618	987.6700807901243	0.32476866
11.470657596371883	987.6700807901243	0.25043234
11.482267573696145	987.6700807901243	0.1911462
11.493877551020407	193.72755983908263	0.28565747
11.505487528344672	193.72755983908263	0.3792346
11.517097505668934	193.72755983908263	0.39822397
11.528707482993198	193.72755983908263	0.3513481
11.54031746031746	195.97856565547	0.30132473
11.551927437641723	195.97856565547	0.22328243
11.563537414965987	195.97856565547	0.1575225
11.57514739229025	195.97856565547	0.1370035
11.586757369614512	195.97856565547	0.13706252
11.598367346938776	195.97856565547	0.14193207
11.609977324263038	195.97856565547	0.15317512
11.6215873015873	195.97856565547	0.1807876
11.633197278911565	195.97856565547	0.23932655
11.644807256235827	195.97856565547	0.2940542
11.656417233560092	987.6700807901243	0.41911283
11.668027210884354	987.6700807901243	0.42158055
11.679637188208616	493.83504039506204	0.530571
11.69124716553288	493.83504039506204	0.7139841
11.702857142857143	493.83504039506204	0.78739536
11.714467120181405	493.83504039506204	0.85706776
11.72607709750567	493.83504039506204	0.9003844
11.737687074829932	493.83504039506204	0.9011408
11.749297052154194	493.83504039506204	0.8722802
11.760907029478458	493.83504039506204	0.83035743
11.77251700680272	493.83504039506204	0.7328475
11.784126984126985	493.83504039506204	0.53442186
11.795736961451247	879.9140089214869	0.36817533
11.80734693877551	879.9140089214869	0.4914349
11.818956916099774	879.9140089214869	0.5799287
11.830566893424036	879.9140089214869	0.62682027
11.842176870748299	879.9140089214869	0.6512967
11.853786848072563	879.9140089214869	0.6752063
11.865396825396825	879.9140089214869	0.6566771
11.877006802721088	869.8073345238132	0.61107767
11.888616780045352	869.8073345238132	0.5391258
11.900226757369614	879.9140089214869	0.44390127
11.911836734693878	879.9140089214869	0.3149832
11.92344671201814	879.9140089214869	0.16067491
11.935056689342403	987.6700807901243	0.33090097
11.946666666666667	987.6700807901243	0.490949
11.95827664399093	987.6700807901243	0.5603566
11.969886621315192	976.3257223441155	0.6222659
11.981496598639456	976.3257223441155	0.6899039
11.993106575963719	976.3257223441155	0.70154554
12.004716553287983	976.3257223441155	0.69122475
12.016326530612245	976.3257223441155	0.6913584
12.027936507936507	987.6700807901243	0.69202775
12.039546485260772	987.6700807901243	0.7681731
12.051156462585034	987.6700807901243	0.79343826
12.062766439909296	987.6700807901243	0.80095345
12.07437641723356	987.6700807901243	0.79664534
12.085986394557823	987.6700807901243	0.78049654
12.097596371882085	987.6700807901243	0.7478656
12.10920634920635	987.6700807901243	0.6847582
12.120816326530612	976.3257223441155	0.6149201
12.132426303854876	976.3257223441155	0.6073898
12.144036281179138	976.3257223441155	0.5520624
12.1556462585034	976.3257223441155	0.4521521
12.167256235827665	987.6700807901243	0.30854425
12.178866213151927	987.6700807901243	0.22802246
12.19047619047619	987.6700807901243	0.13047278
12.202086167800454	869.8073345238132	0.13790305
12.213696145124716	879.9140089214869	0.3303524
12.225306122448979	869.8073345238132	0.40678984
12.236916099773243	869.8073345238132	0.4619031
12.248526077097505	869.8073345238132	0.5292088
12.26013605442177	869.8073345238132	0.57544535
12.271746031746032	869.8073345238132	0.550429
12.283356009070294	869.8073345238132	0.47675395
12.294965986394558	869.8073345238132	0.38551936
12.30657596371882	869.8073345238132	0.30039355
12.318185941043083	976.3257223441155	0.21655661
12.329795918367347	976.3257223441155	0.38269767
12.34140589569161	987.6700807901243	0.53383046
12.353015873015874	987.6700807901243	0.70655173
12.364625850340136	987.6700807901243	0.81132853
12.376235827664399	987.6700807901243	0.85026646
12.387845804988663	987.6700807901243	0.85539097
12.399455782312925	987.6700807901243	0.8323417
12.411065759637188	976.3257223441155	0.7997387
12.422675736961452	976.3257223441155	0.732858
12.434285714285714	976.3257223441155	0.5771232
12.445895691609977	976.3257223441155	0.4060904
12.45750566893424	879.9140089214869	0.35783845
12.469115646258503	879.9140089214869	0.44384366
12.480725623582767	879.9140089214869	0.4840567
12.49233560090703	869.8073345238132	0.519482
12.503945578231292	869.8073345238132	0.5935587
12.515555555555556	869.8073345238132	0.57862973
12.527165532879819	869.8073345238132	0.5445602
12.538775510204081	869.8073345238132	0.53817964
12.550385487528345	869.8073345238132	0.55789876
12.561995464852608	869.8073345238132	0.5756373
12.57360544217687	869.8073345238132	0.55693007
12.585215419501134	869.8073345238132	0.5043005
12.596825396825396	869.8073345238132	0.44954467
12.60843537414966	869.8073345238132	0.39218372
12.620045351473923	869.8073345238132	0.3382787
12.631655328798185	869.8073345238132	0.30089733
12.64326530612245	869.8073345238132	0.22618847
12.654875283446712	869.8073345238132	0.16668928
12.666485260770974	869.8073345238132	0.12153466
12.678095238095239	659.1906933049976	0.13436446
12.689705215419501	659.1906933049976	0.16923633
12.701315192743763	659.1906933049976	0.22998086
12.712925170068027	651.6192424181361	0.38100767
12.72453514739229	651.6192424181361	0.5909403
12.736145124716554	651.6192424181361	0.74763864
12.747755102040816	651.6192424181361	0.809922
12.759365079365079	651.6192424181361	0.7743135
12.770975056689343	651.6192424181361	0.5746949
12.782585034013605	659.1906933049976	0.35489705
12.794195011337868	659.1906933049976	0.12455228
12.805804988662132	774.9102393563303	0.13609615
12.817414965986394	774.9102393563303	0.17304276
12.829024943310658	774.9102393563303	0.23257138
12.84063492063492	774.9102393563303	0.306428
12.852244897959183	774.9102393563303	0.36609685
12.863854875283447	774.9102393563303	0.37935233
12.87546485260771	774.9102393563303	0.35046148
12.887074829931972	774.9102393563303	0.303628
12.898684807256236	774.9102393563303	0.24439591
12.910294784580499	774.9102393563303	0.20070168
12.921904761904761	774.9102393563303	0.17793067
12.933514739229025	774.9102393563303	0.17448542
12.945124716553288	774.9102393563303	0.18883641
12.956734693877552	774.9102393563303	0.21401581
12.968344671201814	774.9102393563303	0.20767882
12.979954648526077	774.9102393563303	0.21476893
12.99156462585034	774.9102393563303	0.20044564
13.003174603174603	774.9102393563303	0.18898757
13.014784580498866	869.8073345238132	0.13628961
13.02639455782313	739.9165358336035	0.2934295
13.038004535147392	739.9165358336035	0.48908785
13.049614512471654	731.417869562463	0.55492306
13.061224489795919	731.417869562463	0.62166524
13.072834467120181	731.417869562463	0.6536275
13.084444444444445	731.417869562463	0.6256115
13.096054421768708	731.417869562463	0.59265095
13.10766439909297	731.417869562463	0.5744502
13.119274376417234	731.417869562463	0.56873614
13.130884353741497	434.9036672619066	0.6020253
13.142494331065759	434.9036672619066	0.60905206
13.154104308390023	434.9036672619066	0.55920297
13.165714285714285	739.9165358336035	0.5673309
13.177324263038548	739.9165358336035	0.54771453
13.188934240362812	739.9165358336035	0.56207216
13.200544217687074	731.417869562463	0.6081204
13.212154195011339	731.417869562463	0.6732404
13.223764172335601	731.417869562463	0.6750665
13.235374149659863	731.417869562463	0.64452404
13.246984126984128	731.417869562463	0.6233489
13.25859410430839	146.81803591886597	0.6129373
13.270204081632652	146.81803591886597	0.71823317
13.281814058956916	146.81803591886597	0.7532219
13.293424036281179	146.81803591886597	0.7563921
13.305034013605443	146.81803591886597	0.74505985
13.316643990929705	146.81803591886597	0.733864
13.328253968253968	146.81803591886597	0.7387397
13.339863945578232	146.81803591886597	0.7634522
13.351473922902494	146.81803591886597	0.79532397
13.363083900226757	146.81803591886597	0.82510084
13.374693877551021	146.81803591886597	0.8417294
13.386303854875283	146.81803591886597	0.8336396
13.397913832199546	146.81803591886597	0.7940765
13.40952380952381	146.81803591886597	0.7293866
13.421133786848072	146.81803591886597	0.66946435
13.432743764172336	146.81803591886597	0.6396092
13.444353741496599	146.81803591886597	0.63594866
13.455963718820861	146.81803591886597	0.6283465
13.467573696145125	146.81803591886597	0.6064318
13.479183673469388	146.81803591886597	0.5970369
13.49079365079365	146.81803591886597	0.6120813
13.502403628117914	146.81803591886597	0.6377574
13.514013605442177	146.81803591886597	0.6387767
13.525623582766439	146.81803591886597	0.5973694
13.537233560090703	146.81803591886597	0.52636796
13.548843537414966	146.81803591886597	0.41851932
13.56045351473923	434.9036672619066	0.29498026
13.572063492063492	434.9036672619066	0.2804847
13.583673469387755	434.9036672619066	0.24607153
13.595283446712019	731.417869562463	0.21005473
13.606893424036281	731.417869562463	0.21147923
13.618503401360543	731.417869562463	0.20869943
13.630113378684808	731.417869562463	0.20877922
13.64172335600907	731.417869562463	0.21573803
13.653333333333334	731.417869562463	0.22424786
13.664943310657597	731.417869562463	0.23185983
13.676553287981859	731.417869562463	0.23871349
13.688163265306123	731.417869562463	0.23924917
13.699773242630386	731.417869562463	0.22921117
13.711383219954648	731.417869562463	0.21068761
13.722993197278912	731.417869562463	0.1882719
13.734603174603174	731.417869562463	0.15148172
13.746213151927437	434.9036672619066	0.14165212
13.757823129251701	434.9036672619066	0.16296442
13.769433106575963	434.9036672619066	0.17797524
13.781043083900228	434.9036672619066	0.18147264
13.79265306122449	434.9036672619066	0.18104945
13.804263038548752	434.9036672619066	0.13006327
13.815873015873017	184.97913395840087	0.13111484
13.827482993197279	488.16286117205766	0.053864248
13.839092970521541	783.9142626218797	0.16486922
13.850702947845805	783.9142626218797	0.35413373
13.862312925170068	783.9142626218797	0.36116126
13.87392290249433	987.6700807901243	0.25279218
13.885532879818594	987.6700807901243	0.54725885
13.897142857142857	987.6700807901243	0.7708439
13.908752834467121	987.6700807901243	0.8529419
13.920362811791383	987.6700807901243	0.870199
13.931972789115646	987.6700807901243	0.8191517
13.94358276643991	976.3257223441155	0.7414154
13.955192743764172	976.3257223441155	0.5901907
13.966802721088435	976.3257223441155	0.4923359
13.978412698412699	976.3257223441155	0.53443
13.990022675736961	987.6700807901243	0.61258775
14.001632653061224	987.6700807901243	0.61997724
14.013242630385488	987.6700807901243	0.5513865
14.02485260770975	987.6700807901243	0.4361204
14.036462585034014	987.6700807901243	0.35048145
14.048072562358277	987.6700807901243	0.2931927
14.05968253968254	987.6700807901243	0.25144443
14.071292517006803	987.6700807901243	0.21829438
14.082902494331066	987.6700807901243	0.19795142
14.094512471655328	987.6700807901243	0.21574812
14.106122448979592	987.6700807901243	0.2763587
14.117732426303855	987.6700807901243	0.36705673
14.129342403628119	987.6700807901243	0.41961068
14.140952380952381	396.5114537991202	0.5047821
14.152562358276644	987.6700807901243	0.5443139
14.164172335600908	987.6700807901243	0.58445984
14.17578231292517	987.6700807901243	0.6385021
14.187392290249432	987.6700807901243	0.6899047
14.199002267573697	987.6700807901243	0.7219601
14.210612244897959	987.6700807901243	0.7457095
14.222222222222221	987.6700807901243	0.7484991
14.233832199546486	976.3257223441155	0.8028603
14.245442176870748	976.3257223441155	0.8201038
14.257052154195012	976.3257223441155	0.82156986
14.268662131519275	976.3257223441155	0.8182027
14.280272108843537	987.6700807901243	0.80369776
14.291882086167801	987.6700807901243	0.8055459
14.303492063492063	987.6700807901243	0.78730845
14.315102040816326	987.6700807901243	0.75479954
14.32671201814059	987.6700807901243	0.7034551
14.338321995464852	987.6700807901243	0.64972675
14.349931972789115	987.6700807901243	0.625538
14.361541950113379	976.3257223441155	0.6456675
14.373151927437641	987.6700807901243	0.6440394
14.384761904761906	987.6700807901243	0.6035841
14.396371882086168	987.6700807901243	0.5356902
14.40798185941043	987.6700807901243	0.47580177
14.419591836734694	987.6700807901243	0.43619004
14.431201814058957	987.6700807901243	0.3419699
14.44281179138322	879.9140089214869	0.384569
14.454421768707483	1046.4	0.52431375
14.466031746031746	1046.4	0.715266
14.477641723356008	1046.4	0.7728359
14.489251700680272	1046.4	0.7815996
14.500861678004535	1046.4	0.7452039
14.512471655328799	1046.4	0.66138077
14.524081632653061	1034.3810708972705	0.5501234
14.535691609977324	987.6700807901243	0.42385852
14.547301587301588	987.6700807901243	0.6561314
14.55891156462585	987.6700807901243	0.8004733
14.570521541950113	987.6700807901243	0.8609265
14.582131519274377	987.6700807901243	0.87594354
14.59374149659864	987.6700807901243	0.8610331
14.605351473922903	987.6700807901243	0.8138569
14.616961451247166	987.6700807901243	0.55258083
14.628571428571428	1046.4	0.52982956
14.640181405895692	1046.4	0.55430955
14.651791383219955	1046.4	0.5814805
14.663401360544217	1046.4	0.5911673
14.675011337868481	1046.4	0.54705495
14.686621315192744	1046.4	0.57209927
14.698231292517006	1046.4	0.6084108
14.70984126984127	1046.4	0.5579487
14.721451247165533	869.8073345238132	0.5624759
14.733061224489797	869.8073345238132	0.53641886
14.744671201814059	869.8073345238132	0.47434548
14.756281179138321	879.9140089214869	0.49478263
14.767891156462586	879.9140089214869	0.50958526
14.779501133786848	879.9140089214869	0.4804916
14.79111111111111	869.8073345238132	0.46911618
14.802721088435375	869.8073345238132	0.48624378
14.814331065759637	869.8073345238132	0.52240443
14.8259410430839	879.9140089214869	0.55275035
14.837551020408164	879.9140089214869	0.55914366
14.849160997732426	879.9140089214869	0.52907664
14.86077097505669	879.9140089214869	0.49781898
14.872380952380952	879.9140089214869	0.4438138
14.883990929705215	879.9140089214869	0.3642773
14.895600907029479	879.9140089214869	0.2651092
14.907210884353741	976.3257223441155	0.33369735
14.918820861678004	976.3257223441155	0.3817432
14.930430839002268	976.3257223441155	0.36223477
14.94204081632653	976.3257223441155	0.38363272
14.953650793650795	976.3257223441155	0.44633114
14.965260770975057	976.3257223441155	0.55956966
14.97687074829932	976.3257223441155	0.7386195
14.988480725623583	976.3257223441155	0.86892813
15.000090702947846	976.3257223441155	0.9240051
15.011700680272108	976.3257223441155	0.9437124
15.023310657596372	976.3257223441155	0.95070153
15.034920634920635	976.3257223441155	0.94931656
15.046530612244897	976.3257223441155	0.9375038
15.058140589569161	976.3257223441155	0.9106031
15.069750566893424	976.3257223441155	0.87044454
15.081360544217688	976.3257223441155	0.8297427
15.09297052154195	976.3257223441155	0.7954112
15.104580498866213	976.3257223441155	0.76293314
15.116190476190477	976.3257223441155	0.72104144
15.12780045351474	976.3257223441155	0.6683149
15.139410430839002	976.3257223441155	0.60546345
15.151020408163266	976.3257223441155	0.49006516
15.162630385487528	976.3257223441155	0.3108384
15.17424036281179	987.6700807901243	0.21703371
15.185850340136055	1034.3810708972705	0.3112319
15.197460317460317	1034.3810708972705	0.5546509
15.209070294784581	1046.4	0.6244898
15.220680272108844	1046.4	0.52657366
15.232290249433106	1046.4	0.4692223
15.24390022675737	1034.3810708972705	0.5648575
15.255510204081633	1034.3810708972705	0.691932
15.267120181405895	1034.3810708972705	0.77101415
15.27873015873016	1034.3810708972705	0.77641225
15.290340136054422	1034.3810708972705	0.7694257
15.301950113378684	1034.3810708972705	0.76025575
15.313560090702948	1034.3810708972705	0.730018
15.32517006802721	1034.3810708972705	0.67599887
15.336780045351475	1034.3810708972705	0.6581293
15.348390022675737	1034.3810708972705	0.65546274
15.36	1034.3810708972705	0.6172114
15.371609977324264	1034.3810708972705	0.5372466
15.383219954648526	1034.3810708972705	0.41920277
15.394829931972788	1034.3810708972705	0.29990813
15.406439909297053	1034.3810708972705	0.23754987
15.418049886621315	1034.3810708972705	0.18243487
15.429659863945579	1034.3810708972705	0.15942031
15.441269841269841	1034.3810708972705	0.14996052
15.452879818594104	193.72755983908263	0.14419279
15.464489795918368	193.72755983908263	0.15196441
15.47609977324263	193.72755983908263	0.121007115
15.487709750566893	193.72755983908263	0.091102965
15.499319727891157	987.6700807901243	0.16654061
15.51092970521542	987.6700807901243	0.38150132
15.522539682539682	987.6700807901243	0.5436494
15.534149659863946	976.3257223441155	0.6252357
15.545759637188208	976.3257223441155	0.69310933
15.557369614512472	976.3257223441155	0.73477805
15.568979591836735	976.3257223441155	0.7719693
15.580589569160997	976.3257223441155	0.7809321
15.592199546485261	976.3257223441155	0.7544682
15.603809523809524	976.3257223441155	0.6976803
15.615419501133786	976.3257223441155	0.6223486
15.62702947845805	987.6700807901243	0.5674133
15.638639455782313	987.6700807901243	0.5998408
15.650249433106575	976.3257223441155	0.6925976
15.66185941043084	976.3257223441155	0.7414719
15.673469387755102	976.3257223441155	0.74763274
15.685079365079366	976.3257223441155	0.7654053
15.696689342403628	976.3257223441155	0.7927493
15.70829931972789	976.3257223441155	0.7969759
15.719909297052155	976.3257223441155	0.7693853
15.731519274376417	976.3257223441155	0.73797053
15.74312925170068	976.3257223441155	0.7279176
15.754739229024944	976.3257223441155	0.71421605
15.766349206349206	976.3257223441155	0.6821309
15.777959183673469	976.3257223441155	0.64538246
15.789569160997733	976.3257223441155	0.57971954
15.801179138321995	976.3257223441155	0.5321986
15.81278911564626	976.3257223441155	0.5502006
15.824399092970522	976.3257223441155	0.63793117
15.836009070294784	976.3257223441155	0.65761304
15.847619047619048	976.3257223441155	0.6265268
15.85922902494331	976.3257223441155	0.5689364
15.870839002267573	976.3257223441155	0.43776146
15.882448979591837	976.3257223441155	0.2739067
15.8940589569161	193.72755983908263	0.17666534
15.905668934240364	193.72755983908263	0.13265565
15.917278911564626	193.72755983908263	0.119625926
15.928888888888888	193.72755983908263	0.11275016
15.940498866213153	976.3257223441155	0.11940781
15.952108843537415	976.3257223441155	0.1789723
15.963718820861677	976.3257223441155	0.25407523
15.975328798185942	976.3257223441155	0.33216065
15.986938775510204	976.3257223441155	0.41098723
15.998548752834466	976.3257223441155	0.48523423
16.01015873015873	976.3257223441155	0.5524964
16.021768707482995	976.3257223441155	0.6264804
16.033378684807257	976.3257223441155	0.70393115
16.04498866213152	976.3257223441155	0.7242546
16.056598639455782	976.3257223441155	0.7560263
16.068208616780044	976.3257223441155	0.7969556
16.07981859410431	976.3257223441155	0.8203451
16.091428571428573	976.3257223441155	0.8208844
16.103038548752835	976.3257223441155	0.8218577
16.114648526077097	976.3257223441155	0.83887315
16.12625850340136	976.3257223441155	0.8591258
16.137868480725622	976.3257223441155	0.86108667
16.149478458049888	976.3257223441155	0.8445626
16.16108843537415	976.3257223441155	0.81592715
16.172698412698413	976.3257223441155	0.7863835
16.184308390022675	976.3257223441155	0.7321911
16.195918367346938	976.3257223441155	0.6249103
16.207528344671204	976.3257223441155	0.51129043
16.219138321995466	976.3257223441155	0.43079013
16.23074829931973	976.3257223441155	0.39371845
16.24235827664399	976.3257223441155	0.36887267
16.253968253968253	976.3257223441155	0.33023387
16.265578231292515	976.3257223441155	0.29041222
16.27718820861678	976.3257223441155	0.26058406
16.288798185941044	976.3257223441155	0.22845744
16.300408163265306	1174.5442873509282	0.22822565
16.31201814058957	1174.5442873509282	0.36510172
16.32362811791383	1174.5442873509282	0.38347277
16.335238095238097	1161.0534955717935	0.40506673
16.34684807256236	1161.0534955717935	0.5356409
16.35845804988662	1161.0534955717935	0.59904826
16.370068027210884	1147.717658752457	0.66038984
16.381678004535146	1147.717658752457	0.6338395
16.39328798185941	976.3257223441155	0.52011067
16.404897959183675	976.3257223441155	0.5428492
16.416507936507937	976.3257223441155	0.58375496
16.4281179138322	976.3257223441155	0.61227196
16.439727891156462	976.3257223441155	0.60506207
16.451337868480724	976.3257223441155	0.56660664
16.46294784580499	987.6700807901243	0.5000361
16.474557823129253	987.6700807901243	0.3859402
16.486167800453515	987.6700807901243	0.32047153
16.497777777777777	987.6700807901243	0.31861567
16.50938775510204	987.6700807901243	0.325343
16.520997732426302	987.6700807901243	0.3017141
16.532607709750568	987.6700807901243	0.267448
16.54421768707483	987.6700807901243	0.24661972
16.555827664399093	987.6700807901243	0.23288472
16.567437641723355	976.3257223441155	0.22752896
16.579047619047618	987.6700807901243	0.2431316
16.590657596371884	987.6700807901243	0.3120418
16.602267573696146	987.6700807901243	0.31032708
16.61387755102041	1034.3810708972705	0.43780255
16.62548752834467	1034.3810708972705	0.65141267
16.637097505668933	1034.3810708972705	0.7533753
16.648707482993196	1034.3810708972705	0.76617
16.66031746031746	1034.3810708972705	0.7365641
16.671927437641724	1034.3810708972705	0.68173116
16.683537414965986	1034.3810708972705	0.59148633
16.69514739229025	1034.3810708972705	0.530553
16.70675736961451	1034.3810708972705	0.49857363
16.718367346938777	1034.3810708972705	0.46335328
16.72997732426304	1034.3810708972705	0.41744494
16.741587301587302	987.6700807901243	0.64654356
16.753197278911564	987.6700807901243	0.8290907
16.764807256235827	987.6700807901243	0.8923023
16.77641723356009	987.6700807901243	0.8914738
16.788027210884355	987.6700807901243	0.8366784
16.799637188208617	987.6700807901243	0.7124721
16.81124716553288	987.6700807901243	0.5479786
16.822857142857142	1046.4	0.35383824
16.834467120181404	1046.4	0.6763903
16.84607709750567	1046.4	0.78976727
16.857687074829933	1046.4	0.7742827
16.869297052154195	1046.4	0.7298354
16.880907029478458	1046.4	0.6850127
16.89251700680272	869.8073345238132	0.6045787
16.904126984126986	869.8073345238132	0.5598572
16.91573696145125	869.8073345238132	0.5267797
16.92734693877551	869.8073345238132	0.46408504
16.938956916099773	869.8073345238132	0.3332011
16.950566893424035	869.8073345238132	0.24417202
16.962176870748298	869.8073345238132	0.21516661
16.973786848072564	869.8073345238132	0.2196647
16.985396825396826	869.8073345238132	0.22583143
16.99700680272109	869.8073345238132	0.18024182
17.00861678004535	869.8073345238132	0.14358896
17.020226757369613	869.8073345238132	0.13325864
17.03183673469388	869.8073345238132	0.13825925
17.04344671201814	869.8073345238132	0.17905785
17.055056689342404	879.9140089214869	0.2572438
17.066666666666666	879.9140089214869	0.33671242
17.07827664399093	879.9140089214869	0.34958804
17.08988662131519	879.9140089214869	0.2773788
17.101496598639457	976.3257223441155	0.35569197
17.11310657596372	976.3257223441155	0.47453517
17.124716553287982	976.3257223441155	0.5141728
17.136326530612244	976.3257223441155	0.5518511
17.147936507936507	976.3257223441155	0.61632246
17.159546485260773	976.3257223441155	0.682629
17.171156462585035	976.3257223441155	0.74956745
17.182766439909297	976.3257223441155	0.82071817
17.19437641723356	976.3257223441155	0.8716377
17.205986394557822	976.3257223441155	0.8900948
17.217596371882085	976.3257223441155	0.8751954
17.22920634920635	987.6700807901243	0.8317469
17.240816326530613	987.6700807901243	0.7454535
17.252426303854875	987.6700807901243	0.62535095
17.264036281179138	976.3257223441155	0.5590613
17.2756462585034	976.3257223441155	0.5333074
17.287256235827666	976.3257223441155	0.5099992
17.29886621315193	976.3257223441155	0.47800756
17.31047619047619	976.3257223441155	0.42236423
17.322086167800453	976.3257223441155	0.34353334
17.333696145124716	976.3257223441155	0.2504203
17.345306122448978	976.3257223441155	0.15871565
17.356916099773244	987.6700807901243	0.1535884
17.368526077097506	1034.3810708972705	0.21197408
17.38013605442177	1034.3810708972705	0.48614782
17.39174603174603	1034.3810708972705	0.62483764
17.403356009070293	1034.3810708972705	0.56556034
17.41496598639456	517.1905354486353	0.54207355
17.426575963718822	517.1905354486353	0.5954034
17.438185941043084	517.1905354486353	0.5650289
17.449795918367347	517.1905354486353	0.50683343
17.46140589569161	517.1905354486353	0.43202928
17.47301587301587	517.1905354486353	0.33840132
17.484625850340137	517.1905354486353	0.2877954
17.4962358276644	517.1905354486353	0.32230803
17.507845804988662	517.1905354486353	0.41611952
17.519455782312924	517.1905354486353	0.46882766
17.531065759637187	517.1905354486353	0.4543706
17.542675736961453	517.1905354486353	0.3848866
17.554285714285715	517.1905354486353	0.28141794
17.565895691609978	517.1905354486353	0.20450231
17.57750566893424	517.1905354486353	0.14007197
17.589115646258502	517.1905354486353	0.09272876
17.600725623582765	1034.3810708972705	0.0678411
17.61233560090703	1034.3810708972705	0.059508633
17.623945578231293	193.72755983908263	0.054775033
17.635555555555555	976.3257223441155	0.07475787
17.647165532879818	976.3257223441155	0.15210518
17.65877551020408	976.3257223441155	0.25953433
17.670385487528346	976.3257223441155	0.44987723
17.68199546485261	976.3257223441155	0.5839958
17.69360544217687	976.3257223441155	0.59815854
17.705215419501133	976.3257223441155	0.5863969
17.716825396825396	976.3257223441155	0.59290004
17.728435374149658	976.3257223441155	0.6094694
17.740045351473924	976.3257223441155	0.59098524
17.751655328798186	976.3257223441155	0.53929466
17.76326530612245	976.3257223441155	0.516025
17.77487528344671	976.3257223441155	0.5567591
17.786485260770974	976.3257223441155	0.60193354
17.79809523809524	987.6700807901243	0.6549018
17.809705215419502	987.6700807901243	0.65183
17.821315192743764	987.6700807901243	0.6236257
17.832925170068027	976.3257223441155	0.65447587
17.84453514739229	976.3257223441155	0.65610456
17.856145124716555	965.1116649683272	0.6465396
17.867755102040817	965.1116649683272	0.613031
17.87936507936508	965.1116649683272	0.54162204
17.890975056689342	976.3257223441155	0.53916353
17.902585034013605	976.3257223441155	0.561209
17.914195011337867	976.3257223441155	0.6029925
17.925804988662133	976.3257223441155	0.598525
17.937414965986395	976.3257223441155	0.54016286
17.949024943310658	976.3257223441155	0.5752577
17.96063492063492	976.3257223441155	0.6764588
17.972244897959182	976.3257223441155	0.73392785
17.98385487528345	976.3257223441155	0.74477947
17.99546485260771	976.3257223441155	0.73885584
18.007074829931973	976.3257223441155	0.6986207
18.018684807256236	976.3257223441155	0.63892746
18.030294784580498	976.3257223441155	0.583905
18.04190476190476	976.3257223441155	0.5494404
18.053514739229026	976.3257223441155	0.5246477
18.06512471655329	976.3257223441155	0.48565337
18.07673469387755	976.3257223441155	0.40667993
18.088344671201813	976.3257223441155	0.32693496
18.099954648526076	976.3257223441155	0.24127842
18.11156462585034	976.3257223441155	0.18635502
18.123174603174604	976.3257223441155	0.16115038
18.134784580498867	976.3257223441155	0.16572331
18.14639455782313	976.3257223441155	0.19114451
18.15800453514739	976.3257223441155	0.23227778
18.169614512471654	976.3257223441155	0.27806574
18.18122448979592	976.3257223441155	0.33048496
18.192834467120182	976.3257223441155	0.40715325
18.204444444444444	976.3257223441155	0.544667
18.216054421768707	976.3257223441155	0.64555347
18.22766439909297	987.6700807901243	0.69646585
18.239274376417235	987.6700807901243	0.68538994
18.250884353741498	976.3257223441155	0.6734073
18.26249433106576	976.3257223441155	0.7350939
18.274104308390022	976.3257223441155	0.7757459
18.285714285714285	976.3257223441155	0.7912652
18.297324263038547	976.3257223441155	0.7941708
18.308934240362813	976.3257223441155	0.8007629
18.320544217687075	976.3257223441155	0.8003018
18.332154195011338	976.3257223441155	0.78110075
18.3437641723356	976.3257223441155	0.75000376
18.355374149659863	976.3257223441155	0.7182479
18.36698412698413	976.3257223441155	0.69117457
18.37859410430839	976.3257223441155	0.6623165
18.390204081632653	976.3257223441155	0.6110877
18.401814058956916	976.3257223441155	0.5376085
18.413424036281178	976.3257223441155	0.4839029
18.42503401360544	976.3257223441155	0.44649273
18.436643990929706	976.3257223441155	0.40518788
18.44825396825397	976.3257223441155	0.35493165
18.45986394557823	976.3257223441155	0.28152695
18.471473922902494	987.6700807901243	0.24761444
18.483083900226756	523.2	0.29627737
18.494693877551022	523.2	0.4629187
18.506303854875284	1303.2384848362722	0.47842106
18.517913832199547	1303.2384848362722	0.57370335
18.52952380952381	1318.3813866099952	0.63621944
18.54113378684807	1318.3813866099952	0.6884332
18.552743764172334	1333.7002404268756	0.680196
18.5643537414966	1333.7002404268756	0.67348915
18.575963718820862	1333.7002404268756	0.5851841
18.587573696145125	1333.7002404268756	0.3510179
18.599183673469387	1034.3810708972705	0.38959867
18.61079365079365	1034.3810708972705	0.41528717
18.622403628117915	1034.3810708972705	0.3444323
18.634013605442178	1034.3810708972705	0.24862908
18.64562358276644	1034.3810708972705	0.1872832
18.657233560090702	191.50240902968778	0.24250868
18.668843537414965	193.72755983908263	0.28699726
18.68045351473923	193.72755983908263	0.3404478
18.692063492063493	193.72755983908263	0.35644713
18.703673469387756	193.72755983908263	0.276736
18.715283446712018	193.72755983908263	0.19814546
18.72689342403628	191.50240902968778	0.1601234
18.738503401360543	191.50240902968778	0.1762333
18.75011337868481	191.50240902968778	0.2069495
18.76172335600907	987.6700807901243	0.3449804
18.773333333333333	987.6700807901243	0.4184858
18.784943310657596	987.6700807901243	0.35713902
18.796553287981858	976.3257223441155	0.32964984
18.808163265306124	976.3257223441155	0.40199992
18.819773242630387	976.3257223441155	0.49348515
18.83138321995465	976.3257223441155	0.5297051
18.84299319727891	965.1116649683272	0.5647498
18.854603174603174	965.1116649683272	0.6092674
18.866213151927436	965.1116649683272	0.5789649
18.877823129251702	976.3257223441155	0.55467165
18.889433106575964	976.3257223441155	0.4776274
18.901043083900227	976.3257223441155	0.41673824
18.91265306122449	976.3257223441155	0.3837984
18.92426303854875	976.3257223441155	0.36914638
18.935873015873018	976.3257223441155	0.36018136
18.94748299319728	976.3257223441155	0.37158123
18.959092970521542	976.3257223441155	0.43833637
18.970702947845805	976.3257223441155	0.5122252
18.982312925170067	976.3257223441155	0.5668714
18.99392290249433	976.3257223441155	0.6100823
19.005532879818595	976.3257223441155	0.6382788
19.017142857142858	976.3257223441155	0.62916386
19.02875283446712	976.3257223441155	0.6058221
19.040362811791383	976.3257223441155	0.5656927
19.051972789115645	976.3257223441155	0.4985431
19.06358276643991	976.3257223441155	0.44775093
19.075192743764173	976.3257223441155	0.49368316
19.086802721088436	976.3257223441155	0.5773615
19.098412698412698	976.3257223441155	0.61331195
19.11002267573696	976.3257223441155	0.6038603
19.121632653061223	976.3257223441155	0.58310354
19.13324263038549	976.3257223441155	0.55523586
19.14485260770975	976.3257223441155	0.51690584
19.156462585034014	976.3257223441155	0.4873086
19.168072562358276	976.3257223441155	0.4550063
19.17968253968254	976.3257223441155	0.41587386
19.191292517006804	976.3257223441155	0.40036285
19.202902494331067	976.3257223441155	0.40176895
19.21451247165533	195.97856565547	0.42572466
19.22612244897959	198.2557268995601	0.41588497
19.237732426303854	198.2557268995601	0.44129395
19.249342403628116	198.2557268995601	0.36464864
19.260952380952382	195.97856565547	0.33896986
19.272562358276645	195.97856565547	0.31951204
19.284172335600907	879.9140089214869	0.62115514
19.29578231292517	879.9140089214869	0.73166686
19.30739229024943	879.9140089214869	0.7776032
19.319002267573698	879.9140089214869	0.7537149
19.33061224489796	879.9140089214869	0.65260804
19.342222222222222	869.8073345238132	0.6176093
19.353832199546485	869.8073345238132	0.5161032
19.365442176870747	869.8073345238132	0.41822958
19.37705215419501	869.8073345238132	0.33684456
19.388662131519276	869.8073345238132	0.30673409
19.400272108843538	869.8073345238132	0.2379909
19.4118820861678	879.9140089214869	0.16031581
19.423492063492063	879.9140089214869	0.10611735
19.435102040816325	879.9140089214869	0.08862017
19.44671201814059	434.9036672619066	0.10083293
19.458321995464853	434.9036672619066	0.131791
19.469931972789116	434.9036672619066	0.11909619
19.481541950113378	434.9036672619066	0.08044554
19.49315192743764	434.9036672619066	0.046685703
19.504761904761907	739.9165358336035	0.04255377
19.51637188208617	739.9165358336035	0.03889606
19.52798185941043	774.9102393563303	0.05121636
19.539591836734694	774.9102393563303	0.07282332
19.551201814058956	774.9102393563303	0.09543522
19.56281179138322	774.9102393563303	0.12473746
19.574421768707484	987.6700807901243	0.3346042
19.586031746031747	987.6700807901243	0.54060304
19.59764172335601	987.6700807901243	0.60389256
19.60925170068027	987.6700807901243	0.6077901
19.620861678004534	987.6700807901243	0.56990683
19.6324716553288	987.6700807901243	0.5151842
19.644081632653062	987.6700807901243	0.48538965
19.655691609977325	774.9102393563303	0.51443696
19.667301587301587	987.6700807901243	0.57007456
19.67891156462585	987.6700807901243	0.62706745
19.690521541950112	987.6700807901243	0.66042197
19.702131519274378	987.6700807901243	0.6579033
19.71374149659864	987.6700807901243	0.6101021
19.725351473922903	987.6700807901243	0.5318098
19.736961451247165	987.6700807901243	0.44152185
19.748571428571427	774.9102393563303	0.453935
19.760181405895693	774.9102393563303	0.48862213
19.771791383219956	774.9102393563303	0.4939316
19.783401360544218	774.9102393563303	0.5326297
19.79501133786848	774.9102393563303	0.61109203
19.806621315192743	774.9102393563303	0.6364353
19.818231292517005	774.9102393563303	0.58174217
19.82984126984127	783.9142626218797	0.58745825
19.841451247165534	783.9142626218797	0.60798776
19.853061224489796	783.9142626218797	0.622994
19.86467120181406	783.9142626218797	0.62210214
19.87628117913832	783.9142626218797	0.5911399
19.887891156462587	774.9102393563303	0.5456025
19.89950113378685	774.9102393563303	0.55687505
19.91111111111111	774.9102393563303	0.5303383
19.922721088435374	783.9142626218797	0.4896968
19.934331065759636	783.9142626218797	0.43591243
19.9459410430839	783.9142626218797	0.39236856
19.957551020408165	783.9142626218797	0.39425698
19.969160997732427	783.9142626218797	0.44422635
19.98077097505669	783.9142626218797	0.50602186
19.99238095238095	783.9142626218797	0.5667499
20.003990929705214	783.9142626218797	0.62144035
20.01560090702948	783.9142626218797	0.6659882
20.027210884353742	783.9142626218797	0.696549
20.038820861678005	783.9142626218797	0.71408844
20.050430839002267	783.9142626218797	0.7094403
20.06204081632653	783.9142626218797	0.70466083
20.073650793650792	783.9142626218797	0.68895787
20.085260770975058	783.9142626218797	0.568223
20.09687074829932	783.9142626218797	0.39368135
20.108480725623583	739.9165358336035	0.3470643
20.120090702947845	748.5139518501272	0.36041912
20.131700680272107	748.5139518501272	0.41623914
20.143310657596373	739.9165358336035	0.6522934
20.154920634920636	739.9165358336035	0.80091697
20.166530612244898	739.9165358336035	0.78319734
20.17814058956916	731.417869562463	0.75032794
20.189750566893423	731.417869562463	0.68542486
20.201360544217685	731.417869562463	0.6531557
20.21297052154195	731.417869562463	0.6390692
20.224580498866214	739.9165358336035	0.61005104
20.236190476190476	739.9165358336035	0.70234567
20.24780045351474	739.9165358336035	0.7383098
20.259410430839	748.5139518501272	0.7343513
20.271020408163267	748.5139518501272	0.7378037
20.28263038548753	739.9165358336035	0.7823764
20.29424036281179	739.9165358336035	0.81197244
20.305850340136054	739.9165358336035	0.8142688
20.317460317460316	739.9165358336035	0.81301093
20.329070294784582	739.9165358336035	0.80873835
20.340680272108845	739.9165358336035	0.783567
20.352290249433107	739.9165358336035	0.76008594
20.36390022675737	739.9165358336035	0.74276847
20.375510204081632	739.9165358336035	0.6633085
20.387120181405894	739.9165358336035	0.5564237
20.39873015873016	739.9165358336035	0.46805373
20.410340136054423	739.9165358336035	0.37363532
20.421950113378685	739.9165358336035	0.31266907
20.433560090702947	739.9165358336035	0.30174917
20.44517006802721	739.9165358336035	0.33286682
20.456780045351476	739.9165358336035	0.37926057
20.468390022675738	146.81803591886597	0.4664568
20.48	146.81803591886597	0.6424252
20.491609977324263	146.81803591886597	0.7628361
20.503219954648525	146.81803591886597	0.8005971
20.514829931972788	146.81803591886597	0.777288
20.526439909297054	146.81803591886597	0.72011745
20.538049886621316	146.81803591886597	0.63297904
20.54965986394558	145.1316869464741	0.5171278
20.56126984126984	739.9165358336035	0.39393547
20.572879818594103	739.9165358336035	0.3683335
20.58448979591837	739.9165358336035	0.33330813
20.59609977324263	739.9165358336035	0.2841858
20.607709750566894	146.81803591886597	0.24496955
20.619319727891156	146.81803591886597	0.27017742
20.63092970521542	783.9142626218797	0.3522218
20.64253968253968	783.9142626218797	0.49715698
20.654149659863947	783.9142626218797	0.62002087
20.66575963718821	783.9142626218797	0.6773329
20.67736961451247	774.9102393563303	0.6736195
20.688979591836734	774.9102393563303	0.63294727
20.700589569160996	774.9102393563303	0.5775254
20.712199546485262	774.9102393563303	0.5201884
20.723809523809525	783.9142626218797	0.4998704
20.735419501133787	783.9142626218797	0.5164368
20.74702947845805	783.9142626218797	0.59759754
20.758639455782312	783.9142626218797	0.6985444
20.770249433106574	783.9142626218797	0.7384833
20.78185941043084	783.9142626218797	0.717281
20.793469387755103	783.9142626218797	0.6943314
20.805079365079365	783.9142626218797	0.64137
20.816689342403627	783.9142626218797	0.63137686
20.82829931972789	783.9142626218797	0.67699945
20.839909297052156	783.9142626218797	0.6857048
20.851519274376418	783.9142626218797	0.69040126
20.86312925170068	783.9142626218797	0.70967513
20.874739229024943	783.9142626218797	0.73167807
20.886349206349205	783.9142626218797	0.73198014
20.897959183673468	783.9142626218797	0.7236189
20.909569160997734	783.9142626218797	0.7379809
20.921179138321996	783.9142626218797	0.7581726
20.93278911564626	783.9142626218797	0.7458167
20.94439909297052	783.9142626218797	0.7160636
20.956009070294783	783.9142626218797	0.7054022
20.96761904761905	783.9142626218797	0.7209202
20.97922902494331	783.9142626218797	0.74449927
20.990839002267574	783.9142626218797	0.76247627
21.002448979591836	783.9142626218797	0.7777561
21.0140589569161	783.9142626218797	0.7812322
21.02566893424036	783.9142626218797	0.7687696
21.037278911564627	783.9142626218797	0.7787018
21.04888888888889	783.9142626218797	0.8011518
21.060498866213152	783.9142626218797	0.81284773
21.072108843537414	783.9142626218797	0.81656355
21.083718820861677	783.9142626218797	0.81276256
21.095328798185943	783.9142626218797	0.79571146
21.106938775510205	783.9142626218797	0.78087753
21.118548752834467	783.9142626218797	0.77337575
21.13015873015873	783.9142626218797	0.75734943
21.141768707482992	783.9142626218797	0.7318837
21.153378684807254	783.9142626218797	0.70366937
21.16498866213152	783.9142626218797	0.67319787
21.176598639455783	783.9142626218797	0.62802094
21.188208616780045	783.9142626218797	0.5794444
21.199818594104308	783.9142626218797	0.53452945
21.21142857142857	783.9142626218797	0.49306434
21.223038548752836	783.9142626218797	0.45785296
21.2346485260771	783.9142626218797	0.4425514
21.24625850340136	783.9142626218797	0.45853892
21.257868480725623	783.9142626218797	0.4925578
21.269478458049885	783.9142626218797	0.51319057
21.28108843537415	783.9142626218797	0.5222541
21.292698412698414	783.9142626218797	0.54560083
21.304308390022676	783.9142626218797	0.5804867
21.31591836734694	783.9142626218797	0.6075858
21.3275283446712	783.9142626218797	0.62892085
21.339138321995463	783.9142626218797	0.6445485
21.35074829931973	783.9142626218797	0.63813806
21.36235827664399	783.9142626218797	0.619985
21.373968253968254	783.9142626218797	0.6230225
21.385578231292516	783.9142626218797	0.62663376
21.39718820861678	783.9142626218797	0.60695267
21.408798185941045	783.9142626218797	0.5925707
21.420408163265307	783.9142626218797	0.59828466
21.43201814058957	783.9142626218797	0.61100787
21.443628117913832	783.9142626218797	0.6241663
21.455238095238094	783.9142626218797	0.631844
21.466848072562357	783.9142626218797	0.6320608
21.478458049886623	783.9142626218797	0.62263036
21.490068027210885	783.9142626218797	0.60138834
21.501678004535147	783.9142626218797	0.5625914
21.51328798185941	783.9142626218797	0.5139827
21.524897959183672	783.9142626218797	0.48201331
21.536507936507938	783.9142626218797	0.471319
21.5481179138322	783.9142626218797	0.4567469
21.559727891156463	783.9142626218797	0.40624505
21.571337868480725	783.9142626218797	0.3586952
21.582947845804988	783.9142626218797	0.32985327
21.59455782312925	783.9142626218797	0.3142637
21.606167800453516	783.9142626218797	0.30354014
21.61777777777778	783.9142626218797	0.29191253
21.62938775510204	783.9142626218797	0.2736276
21.640997732426303	783.9142626218797	0.24855462
21.652607709750566	783.9142626218797	0.2265255
21.66421768707483	783.9142626218797	0.21852987
21.675827664399094	783.9142626218797	0.22412413
21.687437641723356	783.9142626218797	0.23535807
21.69904761904762	783.9142626218797	0.24247093
21.71065759637188	783.9142626218797	0.24262635
21.722267573696143	783.9142626218797	0.23829816
21.73387755102041	783.9142626218797	0.2294408
21.745487528344672	783.9142626218797	0.21613884
21.757097505668934	783.9142626218797	0.20127304
21.768707482993197	783.9142626218797	0.19360082
21.78031746031746	783.9142626218797	0.19445157
21.791927437641725	783.9142626218797	0.20571776
21.803537414965987	783.9142626218797	0.20938063
21.81514739229025	783.9142626218797	0.17445937
21.826757369614512	783.9142626218797	0.045859784
