0.0	783.9142626218797	0.053387687
0.011609977324263039	774.9102393563303	0.05606074
0.023219954648526078	307.52333228379206	0.019664615
0.034829931972789115	99.12786344978005	0.014409859
0.046439909297052155	97.98928282773498	0.018969852
0.058049886621315196	99.12786344978005	0.019465592
0.06965986394557823	99.12786344978005	0.011560258
0.08126984126984127	99.12786344978005	0.00940591
0.09287981859410431	99.12786344978005	0.009193621
0.10448979591836735	99.12786344978005	0.009151644
0.11609977324263039	99.12786344978005	0.009933812
0.12770975056689343	99.12786344978005	0.011539599
0.13931972789115646	99.12786344978005	0.013075565
0.1509297052154195	99.12786344978005	0.012634511
0.16253968253968254	99.12786344978005	0.009858799
0.17414965986394557	329.59534665249885	0.026364787
0.18575963718820862	341.2185014506716	0.06829123
0.19736961451247165	349.194105850881	0.16171953
0.2089795918367347	361.50840939957027	0.39716133
0.22058956916099773	369.95826791680173	0.5095086
0.23219954648526078	374.2569759250636	0.46569073
0.2438095238095238	383.00481805937557	0.28265134
0.25541950113378686	396.5114537991202	0.32002684
0.26702947845804986	401.11869496556756	0.56438
0.2786394557823129	401.11869496556756	0.7668023
0.29024943310657597	401.11869496556756	0.8629123
0.301859410430839	405.779469695705	0.94893533
0.313469387755102	415.264115194881	0.9347573
0.3250793650793651	420.0892517909185	0.9179933
0.33668934240362813	429.90837259128557	0.9320286
0.34829931972789113	434.9036672619066	0.9152621
0.3599092970521542	439.95700446074346	0.8953909
0.37151927437641724	445.06905860948774	0.9096091
0.3831292517006803	450.2405119662335	0.9355316
0.3947392290249433	455.4720547165321	0.932437
0.40634920634920635	466.1182093310256	0.903043
0.4179591836734694	471.5342420379865	0.9500274
0.4295691609977324	482.55583248416343	0.9076203
0.44117913832199546	488.16286117205766	0.92673767
0.4527891156462585	499.5731271659299	0.9439566
0.46439909297052157	505.3778872934793	0.9336115
0.47600907029478456	505.3778872934793	0.92493856
0.4876190476190476	505.3778872934793	0.9082024
0.4992290249433107	505.3778872934793	0.8965757
0.5108390022675737	505.3778872934793	0.8738766
0.5224489795918368	505.3778872934793	0.8376799
0.5340589569160997	499.5731271659299	0.8190669
0.5456689342403628	505.3778872934793	0.85539204
0.5572789115646258	505.3778872934793	0.91097504
0.5688888888888889	505.3778872934793	0.9330566
0.5804988662131519	505.3778872934793	0.94992626
0.592108843537415	505.3778872934793	0.95467883
0.603718820861678	499.5731271659299	0.97524005
0.615328798185941	499.5731271659299	0.97915983
0.626938775510204	499.5731271659299	0.9792382
0.6385487528344671	505.3778872934793	0.98380536
0.6501587301587302	511.25009548479755	0.98149073
0.6617687074829932	511.25009548479755	0.9682464
0.6733786848072563	517.1905354486353	0.94635266
0.6849886621315193	517.1905354486353	0.94004625
0.6965986394557823	517.1905354486353	0.9136488
0.7082086167800453	517.1905354486353	0.89039963
0.7198185941043084	523.2	0.8846359
0.7314285714285714	523.2	0.88647497
0.7430385487528345	523.2	0.8654249
0.7546485260770975	517.1905354486353	0.8695164
0.7662585034013606	517.1905354486353	0.91251004
0.7778684807256235	517.1905354486353	0.911702
0.7894784580498866	511.25009548479755	0.9465896
0.8010884353741496	511.25009548479755	0.9601811
0.8126984126984127	505.3778872934793	0.9587513
0.8243083900226758	505.3778872934793	0.9675357
0.8359183673469388	499.5731271659299	0.96858054
0.8475283446712019	493.83504039506204	0.9612202
0.8591383219954648	493.83504039506204	0.96258235
0.8707482993197279	488.16286117205766	0.93928546
0.8823582766439909	488.16286117205766	0.9294816
0.893968253968254	493.83504039506204	0.93219364
0.905578231292517	499.5731271659299	0.9250238
0.9171882086167801	499.5731271659299	0.9076088
0.9287981859410431	499.5731271659299	0.8765613
0.9404081632653061	505.3778872934793	0.88452196
0.9520181405895691	505.3778872934793	0.9045787
0.9636281179138322	511.25009548479755	0.82450324
0.9752380952380952	511.25009548479755	0.7981346
0.9868480725623583	511.25009548479755	0.8250159
0.9984580498866213	511.25009548479755	0.8728706
1.0100680272108844	511.25009548479755	0.89654887
1.0216780045351475	505.3778872934793	0.9305691
1.0332879818594105	505.3778872934793	0.93786985
1.0448979591836736	505.3778872934793	0.92958146
1.0565079365079366	505.3778872934793	0.93345237
1.0681179138321995	505.3778872934793	0.93671364
1.0797278911564625	511.25009548479755	0.9026571
1.0913378684807256	511.25009548479755	0.86827993
1.1029478458049886	511.25009548479755	0.8485127
1.1145578231292517	511.25009548479755	0.8569828
1.1261678004535147	511.25009548479755	0.8627894
1.1377777777777778	511.25009548479755	0.8508478
1.1493877551020408	511.25009548479755	0.8207205
1.1609977324263039	517.1905354486353	0.8720678
1.172607709750567	523.2	0.891064
1.18421768707483	523.2	0.86232096
1.195827664399093	529.2792911659659	0.8390218
1.207437641723356	529.2792911659659	0.7783878
1.2190476190476192	523.2	0.35907197
1.230657596371882	499.5731271659299	0.5014089
1.242267573696145	499.5731271659299	0.33045387
1.253877551020408	511.25009548479755	0.18085332
1.2654875283446712	511.25009548479755	0.12736781
1.2770975056689342	499.5731271659299	0.076959275
1.2887074829931973	499.5731271659299	0.05185998
1.3003174603174603	329.59534665249885	0.036669668
1.3119274376417234	329.59534665249885	0.040986
1.3235374149659864	325.80962120906815	0.034694567
1.3351473922902495	198.2557268995601	0.0178161
1.3467573696145125	424.9704537735825	0.09262079
1.3583673469387756	420.0892517909185	0.327468
1.3699773242630386	401.11869496556756	0.7118167
1.3815873015873017	396.5114537991202	0.9090226
1.3931972789115645	396.5114537991202	0.87234056
1.4048072562358276	391.95713131094	0.8509277
1.4164172335600906	391.95713131094	0.8849759
1.4280272108843537	391.95713131094	0.8897399
1.4396371882086167	396.5114537991202	0.894434
1.4512471655328798	396.5114537991202	0.9026333
1.4628571428571429	396.5114537991202	0.87677646
1.474467120181406	396.5114537991202	0.8811095
1.486077097505669	391.95713131094	0.91435695
1.497687074829932	391.95713131094	0.77365553
1.509297052154195	387.45511967816526	0.5143917
1.5209070294784581	391.95713131094	0.59566766
1.5325170068027212	391.95713131094	0.5755208
1.5441269841269842	391.95713131094	0.4755285
1.555736961451247	391.95713131094	0.4263114
1.5673469387755101	391.95713131094	0.39122579
1.5789569160997732	391.95713131094	0.3376381
1.5905668934240362	391.95713131094	0.2760849
1.6021768707482993	391.95713131094	0.24480855
1.6137868480725623	391.95713131094	0.27982783
1.6253968253968254	391.95713131094	0.3059395
1.6370068027210884	391.95713131094	0.38511914
1.6486167800453515	391.95713131094	0.60061276
1.6602267573696146	387.45511967816526	0.7979644
1.6718367346938776	383.00481805937557	0.8907106
1.6834467120181407	378.6056325144029	0.90117854
1.6950566893424037	378.6056325144029	0.9103133
1.7066666666666668	374.2569759250636	0.91430587
1.7182766439909296	374.2569759250636	0.9028274
1.7298866213151927	374.2569759250636	0.9055293
1.7414965986394557	374.2569759250636	0.8321414
1.7531065759637188	378.6056325144029	0.7839977
1.7647165532879818	383.00481805937557	0.77907854
1.7763265306122449	383.00481805937557	0.79805535
1.787936507936508	387.45511967816526	0.5000806
1.799546485260771	396.5114537991202	0.32423505
1.811156462585034	391.95713131094	0.31487146
1.822766439909297	383.00481805937557	0.40067226
1.8343764172335602	378.6056325144029	0.54592174
1.8459863945578232	374.2569759250636	0.5282032
1.8575963718820863	374.2569759250636	0.3365955
1.8692063492063493	369.95826791680173	0.11724651
1.8808163265306121	365.7089347812315	0.13699917
1.8924263038548752	361.50840939957027	0.41244534
1.9040362811791383	361.50840939957027	0.423123
1.9156462585034013	193.72755983908263	0.18188173
1.9272562358276644	191.50240902968778	0.16541271
1.9388662131519274	191.50240902968778	0.12521085
1.9504761904761905	333.425060106719	0.10849556
1.9620861678004535	337.2992726877939	0.30429655
1.9736961451247166	337.2992726877939	0.5607277
1.9853061224489796	337.2992726877939	0.6788122
1.9969160997732427	333.425060106719	0.82476044
2.0085260770975055	329.59534665249885	0.86587006
2.020136054421769	329.59534665249885	0.8838281
2.0317460317460316	329.59534665249885	0.88082784
2.043356009070295	329.59534665249885	0.87600565
2.0549659863945577	329.59534665249885	0.85540557
2.066575963718821	329.59534665249885	0.8217019
2.078185941043084	329.59534665249885	0.8230492
2.089795918367347	325.80962120906815	0.8548192
2.10140589569161	325.80962120906815	0.90898275
2.1130158730158732	325.80962120906815	0.9151032
2.124625850340136	325.80962120906815	0.8995124
2.136235827664399	325.80962120906815	0.86786276
2.147845804988662	329.59534665249885	0.88122916
2.159455782312925	329.59534665249885	0.904528
2.1710657596371883	329.59534665249885	0.8986519
2.182675736961451	333.425060106719	0.8543263
2.1942857142857144	333.425060106719	0.88279784
2.2058956916099772	333.425060106719	0.8821173
2.2175056689342405	333.425060106719	0.88630694
2.2291156462585033	333.425060106719	0.89836806
2.2407256235827666	329.59534665249885	0.9385782
2.2523356009070294	329.59534665249885	0.96006244
2.2639455782312927	329.59534665249885	0.962984
2.2755555555555556	329.59534665249885	0.9617709
2.2871655328798184	329.59534665249885	0.96020675
2.2987755102040817	329.59534665249885	0.951914
2.3103854875283445	325.80962120906815	0.95869184
2.3219954648526078	325.80962120906815	0.95996183
2.3336054421768706	325.80962120906815	0.9593449
2.345215419501134	325.80962120906815	0.95315725
2.3568253968253967	329.59534665249885	0.9536306
2.36843537414966	329.59534665249885	0.93698174
2.380045351473923	333.425060106719	0.90529144
2.391655328798186	333.425060106719	0.86525214
2.403265306122449	333.425060106719	0.825762
2.414875283446712	333.425060106719	0.7357645
2.426485260770975	333.425060106719	0.49638215
2.4380952380952383	333.425060106719	0.19621107
2.449705215419501	261.6	0.2201834
2.461315192743764	261.6	0.24316463
2.4729251700680273	261.6	0.20947225
2.48453514739229	261.6	0.17678024
2.4961451247165534	261.6	0.15598944
2.507755102040816	357.3561311669499	0.17020562
2.5193650793650795	361.50840939957027	0.24707828
2.5309750566893423	365.7089347812315	0.32844588
2.5425850340136056	365.7089347812315	0.3686514
2.5541950113378684	365.7089347812315	0.27842423
2.5658049886621317	365.7089347812315	0.19641103
2.5774149659863945	369.95826791680173	0.22390775
2.589024943310658	369.95826791680173	0.3417866
2.6006349206349206	369.95826791680173	0.34914574
2.6122448979591835	374.2569759250636	0.3442479
2.6238548752834467	378.6056325144029	0.3586804
2.6354648526077096	383.00481805937557	0.38351527
2.647074829931973	387.45511967816526	0.47163618
2.6586848072562357	387.45511967816526	0.48852202
2.670294784580499	387.45511967816526	0.48603284
2.681904761904762	391.95713131094	0.461235
2.693514739229025	391.95713131094	0.39226502
2.705124716553288	391.95713131094	0.38832825
2.716734693877551	391.95713131094	0.39222145
2.728344671201814	396.5114537991202	0.29565826
2.7399546485260773	329.59534665249885	0.30832294
2.75156462585034	396.5114537991202	0.43173912
2.7631746031746034	396.5114537991202	0.5492682
2.7747845804988662	391.95713131094	0.56207156
2.786394557823129	391.95713131094	0.5825891
2.7980045351473923	387.45511967816526	0.56673694
2.809614512471655	387.45511967816526	0.6169064
2.8212244897959184	387.45511967816526	0.58469373
2.8328344671201813	387.45511967816526	0.48411426
2.8444444444444446	193.72755983908263	0.3517743
2.8560544217687074	193.72755983908263	0.36655092
2.8676643990929707	193.72755983908263	0.32659262
2.8792743764172335	193.72755983908263	0.24550077
2.8908843537414968	193.72755983908263	0.16595408
2.9024943310657596	193.72755983908263	0.10617255
2.914104308390023	405.779469695705	0.1265268
2.9257142857142857	405.779469695705	0.11423174
2.9373242630385485	405.779469695705	0.068740115
2.948934240362812	405.779469695705	0.04196876
2.9605442176870747	410.49440001958	0.050309055
2.972154195011338	415.264115194881	0.10631339
2.9837641723356008	420.0892517909185	0.20709425
2.995374149659864	420.0892517909185	0.31171197
3.006984126984127	415.264115194881	0.29831597
3.01859410430839	415.264115194881	0.25103894
3.030204081632653	420.0892517909185	0.16223371
3.0418140589569163	424.9704537735825	0.11416902
3.053424036281179	424.9704537735825	0.1077084
3.0650340136054424	429.90837259128557	0.13650703
3.076643990929705	424.9704537735825	0.1520088
3.0882539682539685	420.0892517909185	0.071531706
3.0998639455782313	195.97856565547	0.03641873
3.111473922902494	195.97856565547	0.05417715
3.1230839002267574	195.97856565547	0.07078041
3.1346938775510202	195.97856565547	0.0735742
3.1463038548752835	195.97856565547	0.06980127
3.1579138321995464	195.97856565547	0.040604256
3.1695238095238096	164.79767332624942	0.034557983
3.1811337868480725	129.29763386215882	0.03785667
3.1927437641723357	129.29763386215882	0.058173902
3.2043537414965986	130.8	0.08079994
3.215963718820862	130.8	0.09907526
3.2275736961451247	130.8	0.09631682
3.239183673469388	130.8	0.085339926
3.250793650793651	129.29763386215882	0.079525225
3.2624036281179136	129.29763386215882	0.10650831
3.274013605442177	129.29763386215882	0.16429412
3.2856235827664397	130.8	0.23872925
3.297233560090703	130.8	0.274735
3.308843537414966	130.8	0.26959684
3.320453514739229	130.8	0.26126736
3.332063492063492	130.8	0.22921515
3.3436734693877552	130.8	0.15709683
3.355283446712018	130.8	0.082981735
3.3668934240362813	357.3561311669499	0.2426556
3.378503401360544	361.50840939957027	0.6481337
3.3901133786848074	361.50840939957027	0.80525553
3.4017233560090703	369.95826791680173	0.86038744
3.4133333333333336	369.95826791680173	0.89278567
3.4249433106575964	374.2569759250636	0.9152588
3.436553287981859	374.2569759250636	0.8913913
3.4481632653061225	374.2569759250636	0.79525054
3.4597732426303853	374.2569759250636	0.6996871
3.4713832199546486	374.2569759250636	0.6413013
3.4829931972789114	374.2569759250636	0.65146637
3.4946031746031747	374.2569759250636	0.7300301
3.5062131519274375	374.2569759250636	0.8208424
3.517823129251701	374.2569759250636	0.8707134
3.5294331065759637	374.2569759250636	0.9058112
3.541043083900227	374.2569759250636	0.8956021
3.5526530612244898	378.6056325144029	0.9276426
3.564263038548753	383.00481805937557	0.93560624
3.575873015873016	383.00481805937557	0.94985884
3.5874829931972787	387.45511967816526	0.9392354
3.599092970521542	387.45511967816526	0.92320865
3.610702947845805	391.95713131094	0.8827159
3.622312925170068	391.95713131094	0.88368267
3.633922902494331	391.95713131094	0.8626887
3.645532879818594	391.95713131094	0.83463967
3.657142857142857	391.95713131094	0.7975093
3.6687528344671203	391.95713131094	0.75334686
3.680362811791383	391.95713131094	0.74887973
3.6919727891156464	391.95713131094	0.7563246
3.7035827664399092	391.95713131094	0.70487803
3.7151927437641725	391.95713131094	0.68239427
3.7268027210884354	387.45511967816526	0.7449485
3.7384126984126986	391.95713131094	0.79128885
3.7500226757369615	391.95713131094	0.8081871
3.7616326530612243	391.95713131094	0.7906353
3.7732426303854876	396.5114537991202	0.6667828
3.7848526077097504	401.11869496556756	0.6106699
3.7964625850340137	405.779469695705	0.5953731
3.8080725623582765	405.779469695705	0.62823063
3.81968253968254	401.11869496556756	0.7008697
3.8312925170068026	401.11869496556756	0.72565114
3.842902494331066	396.5114537991202	0.71614623
3.8545124716553287	396.5114537991202	0.6641963
3.866122448979592	391.95713131094	0.59221566
3.877732426303855	391.95713131094	0.6169818
3.889342403628118	387.45511967816526	0.6187059
3.900952380952381	387.45511967816526	0.6522142
3.912562358276644	387.45511967816526	0.65601087
3.924172335600907	387.45511967816526	0.66805935
3.93578231292517	391.95713131094	0.63755697
3.947392290249433	391.95713131094	0.46732464
3.959002267573696	396.5114537991202	0.3283964
3.9706122448979593	401.11869496556756	0.31321582
3.982222222222222	396.5114537991202	0.30865973
3.9938321995464854	396.5114537991202	0.23350091
4.005442176870749	396.5114537991202	0.12814128
4.017052154195011	391.95713131094	0.065735005
4.028662131519274	261.6	0.06560855
4.040272108843538	261.6	0.11123414
4.051882086167801	261.6	0.109232254
4.063492063492063	261.6	0.0765842
4.0751020408163265	233.0591046655128	0.060857672
4.08671201814059	233.0591046655128	0.07715723
4.098321995464852	164.79767332624942	0.10179134
4.1099319727891155	164.79767332624942	0.16311844
4.121541950113379	164.79767332624942	0.24974735
4.133151927437642	164.79767332624942	0.35981175
4.144761904761904	164.79767332624942	0.42113978
4.156371882086168	164.79767332624942	0.40252692
4.167981859410431	164.79767332624942	0.33310828
4.179591836734694	164.79767332624942	0.25409043
4.191201814058957	164.79767332624942	0.19178829
4.20281179138322	164.79767332624942	0.112876944
4.214421768707483	164.79767332624942	0.055523966
4.2260317460317465	164.79767332624942	0.0363829
4.237641723356009	164.79767332624942	0.03302238
4.249251700680272	164.79767332624942	0.03336237
4.260861678004535	164.79767332624942	0.038757417
4.272471655328798	164.79767332624942	0.046419557
4.284081632653061	162.90481060453408	0.059290253
4.295691609977324	162.90481060453408	0.06760119
4.307301587301588	164.79767332624942	0.047803894
4.31891156462585	164.79767332624942	0.02397233
4.330521541950113	168.64963634389696	0.022929013
4.342131519274377	168.64963634389696	0.020018885
4.35374149659864	153.76166614189603	0.01172076
4.365351473922902	155.54829064235594	0.00923385
4.3769614512471655	155.54829064235594	0.007857491
4.388571428571429	162.90481060453408	0.0065915543
4.400181405895691	162.90481060453408	0.0071475958
4.4117913832199545	162.90481060453408	0.005516908
4.423401360544218	153.76166614189603	0.006419758
4.435011337868481	193.72755983908263	0.010469585
4.446621315192743	193.72755983908263	0.012013609
4.458231292517007	227.73602735826606	0.010094532
4.46984126984127	230.3821925327525	0.031614505
4.481451247165533	230.3821925327525	0.10168739
4.493061224489796	230.3821925327525	0.1703261
4.504671201814059	233.0591046655128	0.13874482
4.516281179138322	235.76712101899324	0.07593986
4.527891156462585	235.76712101899324	0.026575621
4.539501133786848	235.76712101899324	0.0114364065
4.551111111111111	235.76712101899324	0.005766723
4.562721088435374	193.72755983908263	0.011318688
4.574331065759637	193.72755983908263	0.017776843
4.5859410430839	97.98928282773498	0.025319802
4.597551020408163	97.98928282773498	0.043534074
4.609160997732427	97.98928282773498	0.05611931
4.620770975056689	97.98928282773498	0.054923847
4.632380952380952	529.2792911659659	0.0784795
4.6439909297052155	529.2792911659659	0.52395356
4.655600907029479	535.4292202927126	0.6164321
4.667210884353741	529.2792911659659	0.60058814
4.6788208616780045	523.2	0.43209708
4.690430839002268	517.1905354486353	0.17673284
4.702040816326531	195.97856565547	0.12498933
4.713650793650793	195.97856565547	0.1468295
4.725260770975057	195.97856565547	0.17126758
4.73687074829932	195.97856565547	0.18287618
4.748480725623582	195.97856565547	0.19895704
4.760090702947846	195.97856565547	0.21295257
4.771700680272109	195.97856565547	0.23727232
4.783310657596372	195.97856565547	0.26764867
4.794920634920635	195.97856565547	0.2883497
4.806530612244898	195.97856565547	0.2731225
4.818140589569161	195.97856565547	0.23861685
4.829750566893424	195.97856565547	0.19004494
4.841360544217687	195.97856565547	0.11586132
4.85297052154195	195.97856565547	0.07415227
4.864580498866213	195.97856565547	0.06503343
4.876190476190477	145.1316869464741	0.06262744
4.887800453514739	145.1316869464741	0.08041627
4.899410430839002	145.1316869464741	0.082242355
4.911020408163266	466.1182093310256	0.09994096
4.922630385487528	493.83504039506204	0.21521679
4.934240362811791	493.83504039506204	0.26107034
4.9458503401360545	391.95713131094	0.18029873
4.957460317460318	391.95713131094	0.23768513
4.96907029478458	391.95713131094	0.29574782
4.9806802721088435	391.95713131094	0.31275913
4.992290249433107	391.95713131094	0.3164016
5.00390022675737	391.95713131094	0.28868422
5.015510204081632	391.95713131094	0.21910462
5.027120181405896	391.95713131094	0.1303558
5.038730158730159	391.95713131094	0.07804059
5.050340136054421	391.95713131094	0.061993144
5.061950113378685	297.0479586449415	0.06822861
5.073560090702948	297.0479586449415	0.07179036
5.085170068027211	297.0479586449415	0.07027689
5.0967800453514736	293.63607183773195	0.064092174
5.108390022675737	293.63607183773195	0.04994248
5.12	146.81803591886597	0.059838083
5.131609977324263	146.81803591886597	0.08119809
5.143219954648526	146.81803591886597	0.09281112
5.154829931972789	439.95700446074346	0.09711966
5.166439909297052	439.95700446074346	0.27209207
5.178049886621316	434.9036672619066	0.40578938
5.189659863945578	434.9036672619066	0.4726347
5.201269841269841	434.9036672619066	0.5447731
5.2128798185941045	434.9036672619066	0.68087727
5.224489795918367	434.9036672619066	0.8100638
5.23609977324263	434.9036672619066	0.8431906
5.2477097505668935	434.9036672619066	0.8460034
5.259319727891157	439.95700446074346	0.84736264
5.270929705215419	439.95700446074346	0.8627631
5.282539682539682	445.06905860948774	0.86624557
5.294149659863946	455.4720547165321	0.8677526
5.305759637188209	455.4720547165321	0.7117966
5.317369614512471	460.764385065505	0.16320682
5.328979591836735	195.97856565547	0.18053977
5.340589569160998	195.97856565547	0.19656706
5.352199546485261	195.97856565547	0.20986971
5.363809523809524	195.97856565547	0.19392641
5.375419501133787	195.97856565547	0.12354998
5.38702947845805	195.97856565547	0.067729704
5.3986394557823125	195.97856565547	0.03938466
5.410249433106576	195.97856565547	0.026214601
5.421859410430839	191.50240902968778	0.02158911
5.433469387755102	293.63607183773195	0.02043806
5.445079365079365	455.4720547165321	0.049824826
5.456689342403628	466.1182093310256	0.35568026
5.468299319727891	477.0132060136591	0.8052143
5.479909297052155	482.55583248416343	0.9280147
5.491519274376417	493.83504039506204	0.93884873
5.50312925170068	499.5731271659299	0.8815393
5.5147392290249435	505.3778872934793	0.83155906
5.526349206349207	488.16286117205766	0.7438779
5.537959183673469	471.5342420379865	0.85325676
5.5495691609977325	455.4720547165321	0.4375154
5.561179138321996	424.9704537735825	0.30118915
5.572789115646258	329.59534665249885	0.20534456
5.584399092970521	329.59534665249885	0.4359943
5.596009070294785	329.59534665249885	0.5670053
5.607619047619048	329.59534665249885	0.61052155
5.61922902494331	329.59534665249885	0.6404639
5.630839002267574	329.59534665249885	0.67842025
5.642448979591837	329.59534665249885	0.7130748
5.6540589569161	329.59534665249885	0.70168877
5.6656689342403626	329.59534665249885	0.6561035
5.677278911564626	329.59534665249885	0.6136765
5.688888888888889	329.59534665249885	0.53833026
5.7004988662131515	329.59534665249885	0.36686176
5.712108843537415	329.59534665249885	0.11970324
5.723718820861678	191.50240902968778	0.044259544
5.735328798185941	191.50240902968778	0.051503304
5.746938775510204	191.50240902968778	0.044919185
5.758548752834467	529.2792911659659	0.08895855
5.77015873015873	529.2792911659659	0.1375088
5.7817687074829935	523.2	0.14122963
5.793378684807256	523.2	0.16648902
5.804988662131519	523.2	0.15930721
5.8165986394557825	517.1905354486353	0.14846207
5.828208616780046	517.1905354486353	0.11551239
5.839818594104308	511.25009548479755	0.07781305
5.851428571428571	505.3778872934793	0.07584614
5.863038548752835	499.5731271659299	0.10154084
5.874648526077097	499.5731271659299	0.10363595
5.88625850340136	168.64963634389696	0.097688414
5.897868480725624	391.95713131094	0.11383717
5.909478458049887	391.95713131094	0.14742406
5.921088435374149	429.90837259128557	0.24122128
5.932698412698413	424.9704537735825	0.7216367
5.944308390022676	415.264115194881	0.8481752
5.955918367346939	415.264115194881	0.88106775
5.9675283446712015	415.264115194881	0.863862
5.979138321995465	410.49440001958	0.8846285
5.990748299319728	410.49440001958	0.8679313
6.002358276643991	410.49440001958	0.8633664
6.013968253968254	410.49440001958	0.87484074
6.025578231292517	415.264115194881	0.8998312
6.03718820861678	420.0892517909185	0.88137203
6.048798185941043	424.9704537735825	0.8917707
6.060408163265306	429.90837259128557	0.92512655
6.072018140589569	429.90837259128557	0.945068
6.0836281179138325	434.9036672619066	0.96412945
6.095238095238095	434.9036672619066	0.94784033
6.106848072562358	434.9036672619066	0.9382369
6.1184580498866215	434.9036672619066	0.9460789
6.130068027210885	434.9036672619066	0.9431483
6.141678004535147	434.9036672619066	0.9104712
6.15328798185941	434.9036672619066	0.87787443
6.164897959183674	434.9036672619066	0.8556428
6.176507936507937	434.9036672619066	0.70869696
6.188117913832199	429.90837259128557	0.4068905
6.199727891156463	415.264115194881	0.23606837
6.211337868480726	410.49440001958	0.5916155
6.222947845804988	410.49440001958	0.69563913
6.2345578231292516	410.49440001958	0.46005622
6.246167800453515	401.11869496556756	0.20674893
6.257777777777778	401.11869496556756	0.116856836
6.2693877551020405	401.11869496556756	0.03321451
6.280997732426304	293.63607183773195	0.055037268
6.292607709750567	293.63607183773195	0.09037593
6.30421768707483	293.63607183773195	0.15203628
6.315827664399093	293.63607183773195	0.2784651
6.327437641723356	293.63607183773195	0.3116755
6.339047619047619	273.972142529876	0.1849021
6.350657596371882	280.3759377994943	0.71705645
6.362267573696145	283.63374927085107	0.92050105
6.373877551020408	286.92941468811415	0.9514086
6.3854875283446715	290.2633738929482	0.9458063
6.397097505668934	297.0479586449415	0.91053975
6.408707482993197	303.9911255481709	0.6881969
6.42031746031746	337.2992726877939	0.24099955
6.431927437641724	353.2515459175985	0.41196454
6.443537414965986	369.95826791680173	0.56803054
6.455147392290249	391.95713131094	0.8551667
6.466757369614513	405.779469695705	0.96153706
6.478367346938776	420.0892517909185	0.96898794
6.489977324263038	439.95700446074346	0.9676834
6.501587301587302	445.06905860948774	0.95541817
6.513197278911565	445.06905860948774	0.91947585
6.524807256235827	439.95700446074346	0.961812
6.5364172335600905	434.9036672619066	0.98409766
6.548027210884354	429.90837259128557	0.9882786
6.559637188208617	424.9704537735825	0.987495
6.5712471655328795	420.0892517909185	0.9871963
6.582857142857143	415.264115194881	0.9877209
6.594467120181406	410.49440001958	0.98724556
6.606077097505669	405.779469695705	0.98740435
6.617687074829932	405.779469695705	0.98288083
6.629297052154195	405.779469695705	0.99408084
6.640907029478458	410.49440001958	0.99462235
6.6525170068027215	420.0892517909185	0.99072826
6.664126984126984	429.90837259128557	0.9874551
6.675736961451247	439.95700446074346	0.98717844
6.6873469387755105	445.06905860948774	0.98401755
6.698956916099773	450.2405119662335	0.96620053
6.710566893424036	450.2405119662335	0.9397956
6.722176870748299	445.06905860948774	0.9588406
6.733786848072563	445.06905860948774	0.97534686
6.745396825396825	434.9036672619066	0.97233665
6.757006802721088	429.90837259128557	0.9711156
6.768616780045352	429.90837259128557	0.97768664
6.780226757369615	429.90837259128557	0.980754
6.791836734693877	434.9036672619066	0.9788603
6.8034467120181406	434.9036672619066	0.96253276
6.815056689342404	439.95700446074346	0.94853634
6.826666666666667	439.95700446074346	0.9595838
6.8382766439909295	445.06905860948774	0.9640355
6.849886621315193	445.06905860948774	0.94229335
6.861496598639456	445.06905860948774	0.94361
6.873106575963718	439.95700446074346	0.95311046
6.884716553287982	429.90837259128557	0.98045087
6.896326530612245	420.0892517909185	0.9857759
6.907936507936508	405.779469695705	0.98730564
6.919546485260771	401.11869496556756	0.9849244
6.931156462585034	396.5114537991202	0.95061994
6.942766439909297	396.5114537991202	0.9377443
6.9543764172335605	401.11869496556756	0.9731323
6.965986394557823	410.49440001958	0.97043365
6.977596371882086	420.0892517909185	0.9398521
6.989206349206349	434.9036672619066	0.8779468
7.000816326530612	455.4720547165321	0.68238586
7.012426303854875	493.83504039506204	0.46147847
7.024036281179138	482.55583248416343	0.35462308
7.035646258503402	455.4720547165321	0.6136094
7.047256235827664	439.95700446074346	0.510164
7.058866213151927	424.9704537735825	0.20333444
7.070476190476191	374.2569759250636	0.5381813
7.082086167800454	369.95826791680173	0.87506014
7.093696145124716	361.50840939957027	0.94418854
7.1053061224489795	357.3561311669499	0.9380165
7.116916099773243	353.2515459175985	0.87963665
7.128526077097506	353.2515459175985	0.7467994
7.1401360544217685	353.2515459175985	0.48303556
7.151746031746032	353.2515459175985	0.12828483
7.163356009070295	293.63607183773195	0.09270819
7.174965986394557	108.72591681547665	0.12548496
7.186575963718821	108.72591681547665	0.12954956
7.198185941043084	333.425060106719	0.17732655
7.209795918367347	325.80962120906815	0.23762068
7.22140589569161	318.36811917622657	0.13683915
7.233015873015873	290.2633738929482	0.41940445
7.244625850340136	286.92941468811415	0.7112856
7.2562358276643995	283.63374927085107	0.78119576
7.267845804988662	283.63374927085107	0.8215321
7.279455782312925	286.92941468811415	0.8492937
7.291065759637188	290.2633738929482	0.81936836
7.302675736961452	300.4994896672244	0.8603638
7.314285714285714	303.9911255481709	0.9012359
7.325895691609977	314.71134943908174	0.8163043
7.337505668934241	325.80962120906815	0.6678884
7.349115646258503	337.2992726877939	0.6762736
7.360725623582766	345.18326945818916	0.48313895
7.3723356009070296	349.194105850881	0.13437735
7.383945578231293	184.97913395840087	0.04033761
7.395555555555555	184.97913395840087	0.056725815
7.4071655328798185	130.8	0.08558969
7.418775510204082	130.8	0.09555087
7.430385487528345	130.8	0.08512639
7.441995464852607	130.8	0.052384384
7.453605442176871	182.85446739061575	0.03732572
7.465215419501134	145.1316869464741	0.02118849
7.476825396825397	145.1316869464741	0.039314903
7.48843537414966	145.1316869464741	0.05772894
7.500045351473923	145.1316869464741	0.05491536
7.511655328798186	145.1316869464741	0.05332377
7.523265306122449	145.1316869464741	0.06649728
7.534875283446712	145.1316869464741	0.0895376
7.546485260770975	145.1316869464741	0.09869871
7.558095238095238	146.81803591886597	0.0793953
7.569705215419501	146.81803591886597	0.05040302
7.581315192743764	148.52397932247075	0.042425558
7.592925170068027	146.81803591886597	0.068770856
7.604535147392291	145.1316869464741	0.15222928
7.616145124716553	145.1316869464741	0.2810269
7.627755102040816	145.1316869464741	0.36922127
7.63936507936508	146.81803591886597	0.35506946
7.650975056689342	146.81803591886597	0.3005393
7.662585034013605	293.63607183773195	0.19520576
7.6741950113378685	293.63607183773195	0.27548462
7.685804988662132	293.63607183773195	0.40915048
7.697414965986394	318.36811917622657	0.5583204
7.7090249433106575	318.36811917622657	0.65148
7.720634920634921	318.36811917622657	0.7290007
7.732244897959184	314.71134943908174	0.7016608
7.743854875283446	290.2633738929482	0.692743
7.75546485260771	286.92941468811415	0.8693121
7.767074829931973	280.3759377994943	0.82597697
7.778684807256236	273.972142529876	0.9006181
7.790294784580499	270.82530407690433	0.94786507
7.801904761904762	270.82530407690433	0.9626015
7.813514739229025	273.972142529876	0.94859344
7.825124716553288	280.3759377994943	0.9046552
7.836734693877551	290.2633738929482	0.93909186
7.848344671201814	290.2633738929482	0.94635576
7.859954648526077	293.63607183773195	0.9291923
7.87156462585034	293.63607183773195	0.93285364
7.883174603174603	293.63607183773195	0.9403881
7.894784580498866	290.2633738929482	0.9284571
7.90639455782313	290.2633738929482	0.9060694
7.918004535147392	286.92941468811415	0.8778619
7.929614512471655	286.92941468811415	0.880916
7.9412244897959186	290.2633738929482	0.88305914
7.952834467120182	290.2633738929482	0.8893414
7.964444444444444	290.2633738929482	0.8434757
7.9760544217687075	293.63607183773195	0.8301985
7.987664399092971	293.63607183773195	0.8412414
7.999274376417233	293.63607183773195	0.8070273
8.010884353741497	293.63607183773195	0.7517866
8.02249433106576	293.63607183773195	0.6985527
8.034104308390022	290.2633738929482	0.64261967
8.045714285714286	290.2633738929482	0.5279434
8.057324263038549	290.2633738929482	0.46422496
8.068934240362811	264.63964558298295	0.43391922
8.080544217687075	264.63964558298295	0.5895915
8.092154195011338	261.6	0.55241853
8.103764172335602	261.6	0.445463
8.115374149659864	261.6	0.34009185
8.126984126984127	261.6	0.29193777
8.13859410430839	261.6	0.29153997
8.150204081632653	261.6	0.2808816
8.161814058956915	261.6	0.22741653
8.17342403628118	261.6	0.17007983
8.185034013605442	261.6	0.14727156
8.196643990929704	261.6	0.1330851
8.208253968253969	261.6	0.122137316
8.219863945578231	261.6	0.12081059
8.231473922902495	261.6	0.12766312
8.243083900226758	261.6	0.16207638
8.25469387755102	261.6	0.20478652
8.266303854875284	261.6	0.23094642
8.277913832199546	261.6	0.25806612
8.289523809523809	261.6	0.26524124
8.301133786848073	261.6	0.23324713
8.312743764172335	261.6	0.15608345
8.324353741496598	293.63607183773195	0.13850419
8.335963718820862	293.63607183773195	0.23473573
8.347573696145124	293.63607183773195	0.3243696
8.359183673469389	293.63607183773195	0.38472152
8.370793650793651	293.63607183773195	0.33637384
8.382403628117913	293.63607183773195	0.22175509
8.394013605442177	293.63607183773195	0.10054638
8.40562358276644	187.1284879625318	0.024636624
8.417233560090702	255.62504774239878	0.026660858
8.428843537414966	341.2185014506716	0.025690407
8.440453514739229	187.1284879625318	0.018582897
8.452063492063493	424.9704537735825	0.039374504
8.463673469387755	455.4720547165321	0.1204233
8.475283446712018	460.764385065505	0.50540835
8.486893424036282	482.55583248416343	0.8820542
8.498503401360544	488.16286117205766	0.96180135
8.510113378684807	493.83504039506204	0.94332564
8.52172335600907	499.5731271659299	0.9204183
8.533333333333333	505.3778872934793	0.8288862
8.544943310657596	517.1905354486353	0.6693859
8.55655328798186	523.2	0.67974156
8.568163265306122	529.2792911659659	0.7272156
8.579773242630386	535.4292202927126	0.75542706
8.591383219954649	535.4292202927126	0.73049015
8.602993197278911	541.6506081538087	0.77412015
8.614603174603175	547.9442850597518	0.83480513
8.626213151927438	554.3110909687832	0.8852321
8.6378231292517	554.3110909687832	0.80691385
8.649433106575964	547.9442850597518	0.51949817
8.661043083900227	529.2792911659659	0.70880985
8.672653061224489	523.2	0.72013795
8.684263038548753	517.1905354486353	0.61920315
8.695873015873016	511.25009548479755	0.6392669
8.70748299319728	505.3778872934793	0.685567
8.719092970521542	493.83504039506204	0.80851996
8.730702947845804	488.16286117205766	0.88700014
8.742312925170069	488.16286117205766	0.94599813
8.753922902494331	482.55583248416343	0.94815564
8.765532879818593	477.0132060136591	0.7660012
8.777142857142858	455.4720547165321	0.84679645
8.78875283446712	445.06905860948774	0.9642959
8.800362811791382	439.95700446074346	0.9543642
8.811972789115647	439.95700446074346	0.9623965
8.823582766439909	439.95700446074346	0.9524873
8.835192743764173	439.95700446074346	0.57714516
8.846802721088435	460.764385065505	0.41707575
8.858412698412698	460.764385065505	0.2691411
8.870022675736962	445.06905860948774	0.17492314
8.881632653061224	439.95700446074346	0.23805001
8.893242630385487	439.95700446074346	0.35383993
8.904852607709751	439.95700446074346	0.45830783
8.916462585034013	445.06905860948774	0.26056573
8.928072562358278	460.764385065505	0.20035003
8.93968253968254	477.0132060136591	0.3258281
8.951292517006802	471.5342420379865	0.3917085
8.962902494331066	455.4720547165321	0.49332988
8.974512471655329	450.2405119662335	0.75197774
8.986122448979591	450.2405119662335	0.78062385
8.997732426303855	450.2405119662335	0.7646144
9.009342403628118	450.2405119662335	0.79369104
9.02095238095238	455.4720547165321	0.8152443
9.032562358276644	460.764385065505	0.8170498
9.044172335600907	466.1182093310256	0.79777443
9.05578231292517	466.1182093310256	0.8163692
9.067392290249433	471.5342420379865	0.8981541
9.079002267573696	477.0132060136591	0.9401176
9.09061224489796	482.55583248416343	0.89461726
9.102222222222222	482.55583248416343	0.9270863
9.113832199546485	488.16286117205766	0.92077357
9.125442176870749	493.83504039506204	0.92279845
9.137052154195011	499.5731271659299	0.9176044
9.148662131519274	499.5731271659299	0.92978555
9.160272108843538	505.3778872934793	0.94105715
9.1718820861678	511.25009548479755	0.94443834
9.183492063492064	511.25009548479755	0.9342697
9.195102040816327	511.25009548479755	0.9573784
9.206712018140589	505.3778872934793	0.97583675
9.218321995464853	499.5731271659299	0.97709227
9.229931972789116	493.83504039506204	0.97406286
9.241541950113378	493.83504039506204	0.9682008
9.253151927437642	488.16286117205766	0.96769965
9.264761904761905	488.16286117205766	0.9540763
9.276371882086167	488.16286117205766	0.95663446
9.287981859410431	488.16286117205766	0.96349436
9.299591836734693	493.83504039506204	0.9635951
9.311201814058958	499.5731271659299	0.9718193
9.32281179138322	505.3778872934793	0.9845807
9.334421768707482	511.25009548479755	0.99142224
9.346031746031747	517.1905354486353	0.9901799
9.357641723356009	517.1905354486353	0.98948973
9.369251700680271	511.25009548479755	0.99112165
9.380861678004536	505.3778872934793	0.9909003
9.392471655328798	499.5731271659299	0.9933503
9.404081632653062	493.83504039506204	0.99186134
9.415691609977324	488.16286117205766	0.97592646
9.427301587301587	488.16286117205766	0.94042945
9.438911564625851	488.16286117205766	0.89494973
9.450521541950113	488.16286117205766	0.8948805
9.462131519274376	488.16286117205766	0.87315065
9.47374149659864	488.16286117205766	0.8766471
9.485351473922902	488.16286117205766	0.90307593
9.496961451247165	488.16286117205766	0.8983438
9.508571428571429	488.16286117205766	0.89748245
9.520181405895691	488.16286117205766	0.9047289
9.531791383219955	493.83504039506204	0.9396526
9.543401360544218	499.5731271659299	0.9437435
9.55501133786848	499.5731271659299	0.88760346
9.566621315192744	505.3778872934793	0.8530959
9.578231292517007	505.3778872934793	0.82914037
9.58984126984127	493.83504039506204	0.76142997
9.601451247165533	488.16286117205766	0.87192184
9.613061224489796	482.55583248416343	0.8518274
9.624671201814058	482.55583248416343	0.8141614
9.636281179138322	477.0132060136591	0.5526468
9.647891156462585	493.83504039506204	0.1853696
9.659501133786849	488.16286117205766	0.13477981
9.671111111111111	488.16286117205766	0.073431216
9.682721088435374	488.16286117205766	0.046148352
9.694331065759638	405.779469695705	0.18616839
9.7059410430839	415.264115194881	0.42537597
9.717551020408163	429.90837259128557	0.63084304
9.729160997732427	439.95700446074346	0.7940354
9.740770975056689	450.2405119662335	0.8466308
9.752380952380953	466.1182093310256	0.74956006
9.763990929705216	488.16286117205766	0.9137085
9.775600907029478	505.3778872934793	0.9442092
9.787210884353742	523.2	0.94628376
9.798820861678005	535.4292202927126	0.9362547
9.810430839002267	541.6506081538087	0.9481453
9.822040816326531	554.3110909687832	0.9536094
9.833650793650794	567.2674985417019	0.93316525
9.845260770975056	573.8588293762285	0.86327374
9.85687074829932	580.5267477858968	0.5989985
9.868480725623582	587.2721436754641	0.18014134
9.880090702947847	329.59534665249885	0.2261912
9.891700680272109	329.59534665249885	0.42629638
9.903310657596371	329.59534665249885	0.60566205
9.914920634920636	329.59534665249885	0.66403407
9.926530612244898	329.59534665249885	0.6724615
9.93814058956916	329.59534665249885	0.66947454
9.949750566893425	329.59534665249885	0.6707058
9.961360544217687	329.59534665249885	0.672527
9.97297052154195	329.59534665249885	0.6710706
9.984580498866213	329.59534665249885	0.67011833
9.996190476190476	329.59534665249885	0.6669398
10.00780045351474	329.59534665249885	0.6460319
10.019410430839002	329.59534665249885	0.55456495
10.031020408163265	329.59534665249885	0.3636748
10.042630385487529	329.59534665249885	0.16730507
10.054240362811791	329.59534665249885	0.062475663
10.065850340136054	164.79767332624942	0.07734363
10.077460317460318	477.0132060136591	0.11952564
10.08907029478458	455.4720547165321	0.1956248
10.100680272108843	445.06905860948774	0.676507
10.112290249433107	439.95700446074346	0.83805794
10.12390022675737	439.95700446074346	0.92020607
10.135510204081633	445.06905860948774	0.9583236
10.147120181405896	450.2405119662335	0.95583534
10.158730158730158	455.4720547165321	0.9211958
10.170340136054422	466.1182093310256	0.85978097
10.181950113378685	477.0132060136591	0.89016944
10.193560090702947	482.55583248416343	0.91287667
10.205170068027211	488.16286117205766	0.89672714
10.216780045351474	488.16286117205766	0.8014749
10.228390022675738	488.16286117205766	0.79805833
10.24	488.16286117205766	0.79642355
10.251609977324263	488.16286117205766	0.74269277
10.263219954648527	488.16286117205766	0.7187634
10.27482993197279	488.16286117205766	0.785983
10.286439909297052	488.16286117205766	0.8610802
10.298049886621316	488.16286117205766	0.90208197
10.309659863945578	488.16286117205766	0.92446375
10.32126984126984	488.16286117205766	0.936378
10.332879818594105	488.16286117205766	0.92178494
10.344489795918367	488.16286117205766	0.81460315
10.356099773242631	493.83504039506204	0.71806073
10.367709750566894	493.83504039506204	0.5762661
10.379319727891156	391.95713131094	0.6162665
10.39092970521542	391.95713131094	0.6415023
10.402539682539683	391.95713131094	0.62675923
10.414149659863945	391.95713131094	0.5856892
10.425759637188209	391.95713131094	0.5374915
10.437369614512471	391.95713131094	0.49120405
10.448979591836734	391.95713131094	0.4289336
10.460589569160998	391.95713131094	0.34427032
10.47219954648526	391.95713131094	0.2837726
10.483809523809525	391.95713131094	0.22762156
10.495419501133787	391.95713131094	0.14870228
10.50702947845805	297.0479586449415	0.12969157
10.518639455782314	297.0479586449415	0.33138636
10.530249433106576	297.0479586449415	0.531108
10.541859410430838	300.4994896672244	0.6272363
10.553469387755102	303.9911255481709	0.6874666
10.565079365079365	307.52333228379206	0.71369845
10.576689342403627	314.71134943908174	0.55241394
10.588299319727891	322.0673785310301	0.4354998
10.599909297052154	325.80962120906815	0.3849585
10.611519274376418	329.59534665249885	0.24897222
10.62312925170068	333.425060106719	0.061187584
10.634739229024943	369.95826791680173	0.09396257
10.646349206349207	297.0479586449415	0.13977894
10.65795918367347	297.0479586449415	0.2133569
10.669569160997732	297.0479586449415	0.34759894
10.681179138321996	293.63607183773195	0.5538851
10.692789115646258	293.63607183773195	0.7063011
10.704399092970522	293.63607183773195	0.68872064
10.716009070294785	293.63607183773195	0.5471541
10.727619047619047	290.2633738929482	0.41547063
10.739229024943311	290.2633738929482	0.27797398
10.750839002267574	286.92941468811415	0.19228992
10.762448979591836	283.63374927085107	0.23482941
10.7740589569161	280.3759377994943	0.395308
10.785668934240363	280.3759377994943	0.3021276
10.797278911564625	277.15554548439167	0.09515627
10.80888888888889	261.6	0.046951763
10.820498866213152	255.62504774239878	0.058788083
10.832108843537416	255.62504774239878	0.10794688
10.843718820861678	255.62504774239878	0.20386706
10.85532879818594	258.59526772431764	0.4215415
10.866938775510205	261.6	0.6928496
10.878548752834467	264.63964558298295	0.8385148
10.89015873015873	267.7146101463563	0.9190305
10.901768707482994	270.82530407690433	0.95155734
10.913378684807256	277.15554548439167	0.96204257
10.924988662131518	280.3759377994943	0.94221246
10.936598639455783	286.92941468811415	0.9282762
10.948208616780045	290.2633738929482	0.9158459
10.95981859410431	293.63607183773195	0.890209
10.971428571428572	297.0479586449415	0.85954183
10.983038548752834	297.0479586449415	0.74907625
10.994648526077098	300.4994896672244	0.73645365
11.00625850340136	300.4994896672244	0.75207376
11.017868480725623	300.4994896672244	0.6431338
11.029478458049887	300.4994896672244	0.29679433
11.04108843537415	293.63607183773195	0.16207646
11.052698412698414	297.0479586449415	0.15863988
11.064308390022676	297.0479586449415	0.10618103
11.075918367346938	297.0479586449415	0.05434903
11.087528344671203	297.0479586449415	0.029087106
11.099138321995465	341.2185014506716	0.01582211
11.110748299319727	168.64963634389696	0.012013489
11.122358276643991	434.9036672619066	0.011892997
11.133968253968254	439.95700446074346	0.09827892
11.145578231292516	445.06905860948774	0.34394848
11.15718820861678	455.4720547165321	0.3299632
11.168798185941043	488.16286117205766	0.13597396
11.180408163265307	505.3778872934793	0.34842083
11.19201814058957	529.2792911659659	0.6965799
11.203628117913832	541.6506081538087	0.89908254
11.215238095238096	554.3110909687832	0.9521193
11.226848072562358	567.2674985417019	0.96449316
11.23845804988662	567.2674985417019	0.9226526
11.250068027210885	573.8588293762285	0.8982361
11.261678004535147	567.2674985417019	0.9521702
11.27328798185941	554.3110909687832	0.961471
11.284897959183674	547.9442850597518	0.9748061
11.296507936507936	541.6506081538087	0.9536828
11.3081179138322	529.2792911659659	0.90628004
11.319727891156463	523.2	0.8130935
11.331337868480725	523.2	0.66649526
11.34294784580499	517.1905354486353	0.65119827
11.354557823129252	517.1905354486353	0.5709962
11.366167800453514	517.1905354486353	0.48330897
11.377777777777778	517.1905354486353	0.53463876
11.38938775510204	517.1905354486353	0.6188141
11.400997732426303	517.1905354486353	0.6499986
11.412607709750567	517.1905354486353	0.6436398
11.42421768707483	523.2	0.6050509
11.435827664399094	517.1905354486353	0.57489747
11.447437641723356	523.2	0.52943015
11.459047619047618	523.2	0.57967037
11.470657596371883	523.2	0.6227231
11.482267573696145	523.2	0.68767196
11.493877551020407	523.2	0.7888965
11.505487528344672	523.2	0.8369693
11.517097505668934	523.2	0.8879292
11.528707482993198	523.2	0.93542093
11.54031746031746	529.2792911659659	0.9381218
11.551927437641723	535.4292202927126	0.9322219
11.563537414965987	535.4292202927126	0.93421936
11.57514739229025	535.4292202927126	0.9351102
11.586757369614512	529.2792911659659	0.95210665
11.598367346938776	529.2792911659659	0.95033336
11.609977324263038	523.2	0.9116838
11.6215873015873	517.1905354486353	0.88468987
11.633197278911565	517.1905354486353	0.8884026
11.644807256235827	511.25009548479755	0.88461596
11.656417233560092	511.25009548479755	0.88998055
11.668027210884354	511.25009548479755	0.89606744
11.679637188208616	517.1905354486353	0.8999972
11.69124716553288	523.2	0.8323436
11.702857142857143	523.2	0.78245103
11.714467120181405	523.2	0.76546717
11.72607709750567	523.2	0.772492
11.737687074829932	517.1905354486353	0.7486384
11.749297052154194	517.1905354486353	0.7634715
11.760907029478458	517.1905354486353	0.7697078
11.77251700680272	517.1905354486353	0.82680637
11.784126984126985	517.1905354486353	0.81748474
11.795736961451247	523.2	0.7846953
11.80734693877551	523.2	0.64401823
11.818956916099774	523.2	0.63936734
11.830566893424036	523.2	0.7177243
11.842176870748299	523.2	0.7058992
11.853786848072563	523.2	0.70864004
11.865396825396825	523.2	0.7131541
11.877006802721088	523.2	0.7342644
11.888616780045352	523.2	0.85539544
11.900226757369614	523.2	0.9035514
11.911836734693878	523.2	0.88872015
11.92344671201814	523.2	0.89063215
11.935056689342403	523.2	0.9212969
11.946666666666667	517.1905354486353	0.95745695
11.95827664399093	511.25009548479755	0.958598
11.969886621315192	505.3778872934793	0.93049854
11.981496598639456	499.5731271659299	0.89993644
11.993106575963719	493.83504039506204	0.84326553
12.004716553287983	493.83504039506204	0.7770066
12.016326530612245	493.83504039506204	0.6701341
12.027936507936507	493.83504039506204	0.5165349
12.039546485260772	493.83504039506204	0.59022945
12.051156462585034	493.83504039506204	0.713592
12.062766439909296	493.83504039506204	0.78599584
12.07437641723356	493.83504039506204	0.8204986
12.085986394557823	493.83504039506204	0.8798901
12.097596371882085	499.5731271659299	0.9320487
12.10920634920635	505.3778872934793	0.9708892
12.120816326530612	511.25009548479755	0.9705239
12.132426303854876	517.1905354486353	0.92723686
12.144036281179138	517.1905354486353	0.803003
12.1556462585034	517.1905354486353	0.39745176
12.167256235827665	499.5731271659299	0.48035046
12.178866213151927	499.5731271659299	0.47566223
12.19047619047619	505.3778872934793	0.2916936
12.202086167800454	511.25009548479755	0.093434684
12.213696145124716	233.0591046655128	0.081850834
12.225306122448979	233.0591046655128	0.10733427
12.236916099773243	233.0591046655128	0.11997805
12.248526077097505	233.0591046655128	0.08532169
12.26013605442177	166.7125300533595	0.09518712
12.271746031746032	164.79767332624942	0.14858861
12.283356009070294	164.79767332624942	0.18781239
12.294965986394558	164.79767332624942	0.19428422
12.30657596371882	164.79767332624942	0.18322067
12.318185941043083	164.79767332624942	0.18367772
12.329795918367347	164.79767332624942	0.17864877
12.34140589569161	164.79767332624942	0.16809589
12.353015873015874	164.79767332624942	0.14688984
12.364625850340136	129.29763386215882	0.12597272
12.376235827664399	129.29763386215882	0.11927987
12.387845804988663	129.29763386215882	0.09333477
12.399455782312925	261.6	0.16669543
12.411065759637188	261.6	0.29031664
12.422675736961452	261.6	0.3229309
12.434285714285714	261.6	0.31462604
12.445895691609977	261.6	0.2680137
12.45750566893424	261.6	0.24234928
12.469115646258503	261.6	0.2361219
12.480725623582767	261.6	0.23033054
12.49233560090703	261.6	0.21125385
12.503945578231292	261.6	0.19200452
12.515555555555556	261.6	0.18016295
12.527165532879819	261.6	0.16700213
12.538775510204081	261.6	0.14404735
12.550385487528345	261.6	0.10504624
12.561995464852608	261.6	0.083022095
12.57360544217687	261.6	0.080228575
12.585215419501134	261.6	0.09183084
12.596825396825396	261.6	0.10264367
12.60843537414966	261.6	0.105650164
12.620045351473923	261.6	0.08677873
12.631655328798185	261.6	0.061574034
12.64326530612245	261.6	0.03669968
12.654875283446712	261.6	0.01820121
12.666485260770974	230.3821925327525	0.014406486
12.678095238095239	445.06905860948774	0.020933649
12.689705215419501	455.4720547165321	0.18669572
12.701315192743763	482.55583248416343	0.6252103
12.712925170068027	488.16286117205766	0.9385786
12.72453514739229	499.5731271659299	0.9713904
12.736145124716554	517.1905354486353	0.93485683
12.747755102040816	529.2792911659659	0.978588
12.759365079365079	535.4292202927126	0.96717
12.770975056689343	535.4292202927126	0.96363914
12.782585034013605	535.4292202927126	0.975272
12.794195011337868	535.4292202927126	0.9713212
12.805804988662132	547.9442850597518	0.593391
12.817414965986394	615.0466645675841	0.39582118
12.829024943310658	615.0466645675841	0.48565263
12.84063492063492	615.0466645675841	0.33798903
12.852244897959183	535.4292202927126	0.30685818
12.863854875283447	535.4292202927126	0.36799806
12.87546485260771	535.4292202927126	0.19711392
12.887074829931972	607.9822510963418	0.09950409
12.898684807256236	615.0466645675841	0.109052874
12.910294784580499	615.0466645675841	0.043489188
12.921904761904761	230.3821925327525	0.035061747
12.933514739229025	682.4370029013435	0.035538465
12.945124716553288	690.3665389163785	0.18660377
12.956734693877552	690.3665389163785	0.4895646
12.968344671201814	682.4370029013435	0.69432914
12.979954648526077	674.5985453755877	0.76631343
12.99156462585034	698.3882117017622	0.7869807
13.003174603174603	714.7122623338998	0.9004313
13.014784580498866	748.5139518501272	0.95521766
13.02639455782313	766.0096361187511	0.9710315
13.038004535147392	774.9102393563303	0.9325704
13.049614512471654	774.9102393563303	0.86127216
13.061224489795919	766.0096361187511	0.87507427
13.072834467120181	766.0096361187511	0.8905605
13.084444444444445	757.2112650288058	0.6162667
13.096054421768708	757.2112650288058	0.26248318
13.10766439909297	766.0096361187511	0.18017824
13.119274376417234	766.0096361187511	0.10556209
13.130884353741497	766.0096361187511	0.1366536
13.142494331065759	774.9102393563303	0.18978271
13.154104308390023	766.0096361187511	0.15112685
13.165714285714285	766.0096361187511	0.07879323
13.177324263038548	766.0096361187511	0.030115655
13.188934240362812	96.8637799195413	0.022254787
13.200544217687074	96.8637799195413	0.024923665
13.212154195011339	191.50240902968778	0.041817635
13.223764172335601	191.50240902968778	0.06619202
13.235374149659863	193.72755983908263	0.07180835
13.246984126984128	193.72755983908263	0.062056616
13.25859410430839	369.95826791680173	0.19397585
13.270204081632652	369.95826791680173	0.35497606
13.281814058956916	374.2569759250636	0.26017195
13.293424036281179	401.11869496556756	0.23203397
13.305034013605443	405.779469695705	0.45754236
13.316643990929705	410.49440001958	0.31999254
13.328253968253968	424.9704537735825	0.18493329
13.339863945578232	445.06905860948774	0.5444665
13.351473922902494	450.2405119662335	0.834172
13.363083900226757	455.4720547165321	0.77292514
13.374693877551021	477.0132060136591	0.6417493
13.386303854875283	493.83504039506204	0.7609949
13.397913832199546	505.3778872934793	0.69036674
13.40952380952381	523.2	0.43684787
13.421133786848072	554.3110909687832	0.34113854
13.432743764172336	573.8588293762285	0.26082397
13.444353741496599	600.9989793344488	0.59028274
13.455963718820861	622.1931625694237	0.6314664
13.467573696145125	651.6192424181361	0.77167434
13.479183673469388	666.8501202134378	0.8574002
13.49079365079365	674.5985453755877	0.90436697
13.502403628117914	682.4370029013435	0.90637046
13.514013605442177	698.3882117017622	0.86142737
13.525623582766439	706.5030918351972	0.7469186
13.537233560090703	698.3882117017622	0.676324
13.548843537414966	690.3665389163785	0.7029548
13.56045351473923	682.4370029013435	0.6691147
13.572063492063492	690.3665389163785	0.5907946
13.583673469387755	698.3882117017622	0.69171923
13.595283446712019	706.5030918351972	0.5522309
13.606893424036281	714.7122623338998	0.36437812
13.618503401360543	714.7122623338998	0.24507888
13.630113378684808	193.72755983908263	0.09697224
13.64172335600907	193.72755983908263	0.15128808
13.653333333333334	193.72755983908263	0.16798794
13.664943310657597	195.97856565547	0.19454923
13.676553287981859	195.97856565547	0.23010011
13.688163265306123	195.97856565547	0.25421837
13.699773242630386	195.97856565547	0.26169068
13.711383219954648	391.95713131094	0.25221035
13.722993197278912	391.95713131094	0.24869813
13.734603174603174	391.95713131094	0.2161715
13.746213151927437	391.95713131094	0.15763158
13.757823129251701	148.52397932247075	0.12381755
13.769433106575963	148.52397932247075	0.10271713
13.781043083900228	297.0479586449415	0.12153074
13.79265306122449	297.0479586449415	0.18775797
13.804263038548752	297.0479586449415	0.23926173
13.815873015873017	297.0479586449415	0.23091428
13.827482993197279	293.63607183773195	0.19791879
13.839092970521541	293.63607183773195	0.1503485
13.850702947845805	293.63607183773195	0.111395836
13.862312925170068	293.63607183773195	0.086045206
13.87392290249433	293.63607183773195	0.086965434
13.885532879818594	293.63607183773195	0.113754265
13.897142857142857	293.63607183773195	0.14139403
13.908752834467121	293.63607183773195	0.1648703
13.920362811791383	293.63607183773195	0.22862518
13.931972789115646	293.63607183773195	0.3311306
13.94358276643991	293.63607183773195	0.34693402
13.955192743764172	290.2633738929482	0.24539697
13.966802721088435	290.2633738929482	0.12554474
13.978412698412699	290.2633738929482	0.03557722
13.990022675736961	455.4720547165321	0.14703698
14.001632653061224	455.4720547165321	0.682595
14.013242630385488	460.764385065505	0.9251845
14.02485260770975	460.764385065505	0.95105624
14.036462585034014	466.1182093310256	0.97927254
14.048072562358277	471.5342420379865	0.97352165
14.05968253968254	482.55583248416343	0.9791348
14.071292517006803	493.83504039506204	0.97928977
14.082902494331066	505.3778872934793	0.9670018
14.094512471655328	529.2792911659659	0.955581
14.106122448979592	547.9442850597518	0.97119784
14.117732426303855	560.7518755989885	0.9669467
14.129342403628119	573.8588293762285	0.8762971
14.140952380952381	580.5267477858968	0.48411426
14.152562358276644	580.5267477858968	0.08697668
14.164172335600908	560.7518755989885	0.05421785
14.17578231292517	554.3110909687832	0.114524625
14.187392290249432	258.59526772431764	0.11156705
14.199002267573697	252.68894364673966	0.12924318
14.210612244897959	246.91752019753102	0.09736884
14.222222222222221	482.55583248416343	0.31481722
14.233832199546486	488.16286117205766	0.5476101
14.245442176870748	488.16286117205766	0.7988284
14.257052154195012	488.16286117205766	0.9092932
14.268662131519275	488.16286117205766	0.94247836
14.280272108843537	488.16286117205766	0.9514102
14.291882086167801	482.55583248416343	0.970627
14.303492063492063	477.0132060136591	0.96494484
14.315102040816326	471.5342420379865	0.94014204
14.32671201814059	460.764385065505	0.7912694
14.338321995464852	450.2405119662335	0.7479388
14.349931972789115	445.06905860948774	0.73188746
14.361541950113379	445.06905860948774	0.70168024
14.373151927437641	445.06905860948774	0.64062196
14.384761904761906	445.06905860948774	0.662367
14.396371882086168	445.06905860948774	0.7309996
14.40798185941043	445.06905860948774	0.71661085
14.419591836734694	450.2405119662335	0.6472511
14.431201814058957	450.2405119662335	0.71418995
14.44281179138322	455.4720547165321	0.75302595
14.454421768707483	460.764385065505	0.85318077
14.466031746031746	466.1182093310256	0.9130273
14.477641723356008	466.1182093310256	0.9175323
14.489251700680272	466.1182093310256	0.9507443
14.500861678004535	460.764385065505	0.9592905
14.512471655328799	455.4720547165321	0.9683576
14.524081632653061	450.2405119662335	0.97449523
14.535691609977324	450.2405119662335	0.9690625
14.547301587301588	445.06905860948774	0.96867007
14.55891156462585	439.95700446074346	0.9308281
14.570521541950113	439.95700446074346	0.943506
14.582131519274377	439.95700446074346	0.9410262
14.59374149659864	439.95700446074346	0.92204106
14.605351473922903	439.95700446074346	0.8847724
14.616961451247166	439.95700446074346	0.82663584
14.628571428571428	445.06905860948774	0.8148286
14.640181405895692	445.06905860948774	0.8253807
14.651791383219955	445.06905860948774	0.7751312
14.663401360544217	445.06905860948774	0.70246565
14.675011337868481	445.06905860948774	0.6768368
14.686621315192744	445.06905860948774	0.57724446
14.698231292517006	439.95700446074346	0.3842841
14.70984126984127	434.9036672619066	0.18275307
14.721451247165533	161.03368926551505	0.096019074
14.733061224489797	162.90481060453408	0.12915674
14.744671201814059	493.83504039506204	0.15453328
14.756281179138321	493.83504039506204	0.18111101
14.767891156462586	493.83504039506204	0.18633406
14.779501133786848	493.83504039506204	0.3337784
14.79111111111111	493.83504039506204	0.5434061
14.802721088435375	493.83504039506204	0.6279771
14.814331065759637	493.83504039506204	0.49385017
14.8259410430839	493.83504039506204	0.23820162
14.837551020408164	493.83504039506204	0.06670288
14.849160997732426	493.83504039506204	0.027613679
14.86077097505669	146.81803591886597	0.03510191
14.872380952380952	146.81803591886597	0.059730712
14.883990929705215	547.9442850597518	0.06513054
14.895600907029479	554.3110909687832	0.3852227
14.907210884353741	560.7518755989885	0.8264997
14.918820861678004	560.7518755989885	0.90942353
14.930430839002268	554.3110909687832	0.6878469
14.94204081632653	535.4292202927126	0.65966797
14.953650793650795	535.4292202927126	0.73850805
14.965260770975057	535.4292202927126	0.7972242
14.97687074829932	535.4292202927126	0.7897674
14.988480725623583	535.4292202927126	0.8211643
15.000090702947846	535.4292202927126	0.8000862
15.011700680272108	554.3110909687832	0.7978507
15.023310657596372	567.2674985417019	0.8920871
15.034920634920635	580.5267477858968	0.79734415
15.046530612244897	580.5267477858968	0.60585696
15.058140589569161	587.2721436754641	0.45869806
15.069750566893424	594.0959172898832	0.22929603
15.081360544217688	293.63607183773195	0.2364511
15.09297052154195	293.63607183773195	0.39849597
15.104580498866213	293.63607183773195	0.50451
15.116190476190477	293.63607183773195	0.5305884
15.12780045351474	293.63607183773195	0.5055077
15.139410430839002	293.63607183773195	0.4149078
15.151020408163266	290.2633738929482	0.26802072
15.162630385487528	290.2633738929482	0.20206958
15.17424036281179	293.63607183773195	0.26409397
15.185850340136055	293.63607183773195	0.3457911
15.197460317460317	293.63607183773195	0.35273117
15.209070294784581	293.63607183773195	0.25539172
15.220680272108844	293.63607183773195	0.23409095
15.232290249433106	293.63607183773195	0.28281972
15.24390022675737	293.63607183773195	0.28621173
15.255510204081633	622.1931625694237	0.25739345
15.267120181405895	622.1931625694237	0.69841886
15.27873015873016	622.1931625694237	0.8525885
15.290340136054422	629.4226988781635	0.88725495
15.301950113378684	636.7362383524531	0.9119628
15.313560090702948	651.6192424181361	0.96494985
15.32517006802721	659.1906933049976	0.9851387
15.336780045351475	666.8501202134378	0.99157965
15.348390022675737	674.5985453755877	0.99445575
15.36	690.3665389163785	0.99010277
15.371609977324264	698.3882117017622	0.9793553
15.383219954648526	714.7122623338998	0.9557479
15.394829931972788	723.0168187991405	0.9192019
15.406439909297053	731.417869562463	0.90638256
15.418049886621315	739.9165358336035	0.88976836
15.429659863945579	739.9165358336035	0.90446186
15.441269841269841	739.9165358336035	0.912858
15.452879818594104	739.9165358336035	0.88797
15.464489795918368	731.417869562463	0.87500226
15.47609977324263	723.0168187991405	0.890956
15.487709750566893	714.7122623338998	0.93076015
15.499319727891157	682.4370029013435	0.85192776
15.51092970521542	666.8501202134378	0.8894263
15.522539682539682	644.1347570620602	0.9033555
15.534149659863946	629.4226988781635	0.86212856
15.545759637188208	615.0466645675841	0.87822294
15.557369614512472	600.9989793344488	0.8705981
15.568979591836735	580.5267477858968	0.7916528
15.580589569160997	560.7518755989885	0.78639376
15.592199546485261	541.6506081538087	0.82112
15.603809523809524	523.2	0.8437785
15.615419501133786	511.25009548479755	0.8859425
15.62702947845805	499.5731271659299	0.8520192
15.638639455782313	488.16286117205766	0.9509415
15.650249433106575	482.55583248416343	0.94541514
15.66185941043084	471.5342420379865	0.8503211
15.673469387755102	455.4720547165321	0.9283428
15.685079365079366	450.2405119662335	0.94302106
15.696689342403628	450.2405119662335	0.9175649
15.70829931972789	445.06905860948774	0.88309765
15.719909297052155	445.06905860948774	0.84099084
15.731519274376417	450.2405119662335	0.8166542
15.74312925170068	455.4720547165321	0.7762455
15.754739229024944	450.2405119662335	0.76224107
15.766349206349206	439.95700446074346	0.7820401
15.777959183673469	429.90837259128557	0.63814086
15.789569160997733	424.9704537735825	0.29329467
15.801179138321995	396.5114537991202	0.3145385
15.81278911564626	391.95713131094	0.2837301
15.824399092970522	365.7089347812315	0.21560572
15.836009070294784	365.7089347812315	0.25643227
15.847619047619048	365.7089347812315	0.1600306
15.85922902494331	391.95713131094	0.16977562
15.870839002267573	391.95713131094	0.1758194
15.882448979591837	391.95713131094	0.18794909
15.8940589569161	391.95713131094	0.18285425
15.905668934240364	391.95713131094	0.14363104
15.917278911564626	391.95713131094	0.10702622
15.928888888888888	391.95713131094	0.07959117
15.940498866213153	357.3561311669499	0.082385175
15.952108843537415	361.50840939957027	0.41134122
15.963718820861677	361.50840939957027	0.7627245
15.975328798185942	357.3561311669499	0.88760704
15.986938775510204	357.3561311669499	0.92434496
15.998548752834466	353.2515459175985	0.8066415
16.01015873015873	341.2185014506716	0.3334056
16.021768707482995	341.2185014506716	0.09756466
16.033378684807257	297.0479586449415	0.15444207
16.04498866213152	297.0479586449415	0.13407302
16.056598639455782	293.63607183773195	0.10929742
16.068208616780044	293.63607183773195	0.111860946
16.07981859410431	293.63607183773195	0.12372258
16.091428571428573	293.63607183773195	0.13664174
16.103038548752835	293.63607183773195	0.13243373
16.114648526077097	293.63607183773195	0.13093501
16.12625850340136	293.63607183773195	0.13855705
16.137868480725622	293.63607183773195	0.14599779
16.149478458049888	293.63607183773195	0.13855317
16.16108843537415	293.63607183773195	0.11717161
16.172698412698413	293.63607183773195	0.09527533
16.184308390022675	293.63607183773195	0.0807782
16.195918367346938	293.63607183773195	0.07289495
16.207528344671204	293.63607183773195	0.06667403
16.219138321995466	293.63607183773195	0.062449273
16.23074829931973	293.63607183773195	0.064211175
16.24235827664399	293.63607183773195	0.076095454
16.253968253968253	293.63607183773195	0.099863395
16.265578231292515	293.63607183773195	0.14130118
16.27718820861678	293.63607183773195	0.17874637
16.288798185941044	293.63607183773195	0.20852913
16.300408163265306	293.63607183773195	0.20893422
16.31201814058957	293.63607183773195	0.18375541
16.32362811791383	293.63607183773195	0.1543477
16.335238095238097	293.63607183773195	0.10818551
16.34684807256236	391.95713131094	0.09469891
16.35845804988662	391.95713131094	0.27824834
16.370068027210884	391.95713131094	0.47167903
16.381678004535146	391.95713131094	0.5025186
16.39328798185941	391.95713131094	0.4791571
16.404897959183675	391.95713131094	0.46177015
16.416507936507937	391.95713131094	0.46638283
16.4281179138322	391.95713131094	0.48339686
16.439727891156462	391.95713131094	0.513128
16.451337868480724	391.95713131094	0.55472445
16.46294784580499	391.95713131094	0.5973965
16.474557823129253	391.95713131094	0.6467351
16.486167800453515	391.95713131094	0.67610717
16.497777777777777	391.95713131094	0.687042
16.50938775510204	391.95713131094	0.6874308
16.520997732426302	391.95713131094	0.6772844
16.532607709750568	391.95713131094	0.639959
16.54421768707483	391.95713131094	0.57013655
16.555827664399093	391.95713131094	0.48285678
16.567437641723355	391.95713131094	0.40473613
16.579047619047618	391.95713131094	0.3620927
16.590657596371884	391.95713131094	0.34775937
16.602267573696146	391.95713131094	0.23464322
16.61387755102041	391.95713131094	0.13447142
16.62548752834467	391.95713131094	0.10409696
16.637097505668933	391.95713131094	0.110947765
16.648707482993196	391.95713131094	0.10753114
16.66031746031746	391.95713131094	0.11940021
16.671927437641724	391.95713131094	0.14683992
16.683537414965986	391.95713131094	0.1812759
16.69514739229025	391.95713131094	0.21325946
16.70675736961451	391.95713131094	0.24406092
16.718367346938777	391.95713131094	0.27136338
16.72997732426304	391.95713131094	0.27278295
16.741587301587302	391.95713131094	0.24452335
16.753197278911564	391.95713131094	0.20192404
16.764807256235827	391.95713131094	0.15919887
16.77641723356009	391.95713131094	0.10866363
16.788027210884355	830.5282303897623	0.07607293
16.799637188208617	193.72755983908263	0.05858299
16.81124716553288	391.95713131094	0.044767883
16.822857142857142	391.95713131094	0.054023102
16.834467120181404	391.95713131094	0.06141997
16.84607709750567	391.95713131094	0.06127596
16.857687074829933	293.63607183773195	0.062961325
16.869297052154195	293.63607183773195	0.07061744
16.880907029478458	293.63607183773195	0.07492368
16.89251700680272	293.63607183773195	0.084911264
16.904126984126986	293.63607183773195	0.109960295
16.91573696145125	293.63607183773195	0.14996672
16.92734693877551	293.63607183773195	0.17524981
16.938956916099773	293.63607183773195	0.14759654
16.950566893424035	293.63607183773195	0.097957
16.962176870748298	297.0479586449415	0.06852322
16.973786848072564	297.0479586449415	0.05210992
16.985396825396826	297.0479586449415	0.039018836
16.99700680272109	297.0479586449415	0.028229397
17.00861678004535	391.95713131094	0.023086715
17.020226757369613	783.9142626218797	0.028438209
17.03183673469388	783.9142626218797	0.18778029
17.04344671201814	783.9142626218797	0.37604073
17.055056689342404	783.9142626218797	0.2764081
17.066666666666666	783.9142626218797	0.1453441
17.07827664399093	783.9142626218797	0.071544364
17.08988662131519	164.79767332624942	0.031722564
17.101496598639457	164.79767332624942	0.05089676
17.11310657596372	164.79767332624942	0.058887288
17.124716553287982	164.79767332624942	0.055268064
17.136326530612244	162.90481060453408	0.041667446
17.147936507936507	162.90481060453408	0.02377953
17.159546485260773	178.67806558347496	0.013287922
17.171156462585035	182.85446739061575	0.022392472
17.182766439909297	182.85446739061575	0.033761542
17.19437641723356	182.85446739061575	0.030602977
17.205986394557822	182.85446739061575	0.021409761
17.217596371882085	182.85446739061575	0.018532794
17.22920634920635	182.85446739061575	0.021076752
17.240816326530613	182.85446739061575	0.028443793
17.252426303854875	184.97913395840087	0.049676947
17.264036281179138	184.97913395840087	0.090839244
17.2756462585034	182.85446739061575	0.16726708
17.287256235827666	182.85446739061575	0.2563719
17.29886621315193	182.85446739061575	0.28489223
17.31047619047619	182.85446739061575	0.26563868
17.322086167800453	184.97913395840087	0.27527466
17.333696145124716	184.97913395840087	0.32891172
17.345306122448978	184.97913395840087	0.3833513
17.356916099773244	184.97913395840087	0.36695078
17.368526077097506	184.97913395840087	0.29236364
17.38013605442177	184.97913395840087	0.2019765
17.39174603174603	184.97913395840087	0.11910693
17.403356009070293	184.97913395840087	0.08362412
17.41496598639456	184.97913395840087	0.08727895
17.426575963718822	184.97913395840087	0.10942516
17.438185941043084	184.97913395840087	0.109681375
17.449795918367347	184.97913395840087	0.04149932
