0.0	145.1316869464741	0.053684387
0.011609977324263039	145.1316869464741	0.028995875
0.023219954648526078	374.2569759250636	0.03310969
0.034829931972789115	369.95826791680173	0.0435422
0.046439909297052155	369.95826791680173	0.051454037
0.058049886621315196	369.95826791680173	0.037441205
0.06965986394557823	369.95826791680173	0.022650154
0.08126984126984127	369.95826791680173	0.01713494
0.09287981859410431	369.95826791680173	0.015216884
0.10448979591836735	369.95826791680173	0.013600069
0.11609977324263039	369.95826791680173	0.011897133
0.12770975056689343	369.95826791680173	0.010994515
0.13931972789115646	802.2373899311349	0.011890409
0.1509297052154195	802.2373899311349	0.012459846
0.16253968253968254	802.2373899311349	0.01286523
0.17414965986394557	396.5114537991202	0.01260634
0.18575963718820862	401.11869496556756	0.017183013
0.19736961451247165	401.11869496556756	0.019572224
0.2089795918367347	396.5114537991202	0.017953712
0.22058956916099773	396.5114537991202	0.013147316
0.23219954648526078	195.97856565547	0.017334046
0.2438095238095238	193.72755983908263	0.021216
0.25541950113378686	193.72755983908263	0.020758739
0.26702947845804986	193.72755983908263	0.019990513
0.2786394557823129	195.97856565547	0.021490661
0.29024943310657597	195.97856565547	0.026434377
0.301859410430839	195.97856565547	0.027302096
0.313469387755102	146.81803591886597	0.024975298
0.3250793650793651	193.72755983908263	0.019769259
0.33668934240362813	191.50240902968778	0.017875088
0.34829931972789113	191.50240902968778	0.019493854
0.3599092970521542	246.91752019753102	0.022585811
0.37151927437641724	246.91752019753102	0.037358943
0.3831292517006803	246.91752019753102	0.05382176
0.3947392290249433	246.91752019753102	0.07489638
0.40634920634920635	249.78656358296496	0.106416635
0.4179591836734694	249.78656358296496	0.12155106
0.4295691609977324	249.78656358296496	0.11653686
0.44117913832199546	246.91752019753102	0.11379884
0.4527891156462585	246.91752019753102	0.110647604
0.46439909297052157	246.91752019753102	0.09993264
0.47600907029478456	246.91752019753102	0.08600569
0.4876190476190476	246.91752019753102	0.084739305
0.4992290249433107	246.91752019753102	0.09464926
0.5108390022675737	246.91752019753102	0.09605911
0.5224489795918368	246.91752019753102	0.09360342
0.5340589569160997	246.91752019753102	0.09239646
0.5456689342403628	246.91752019753102	0.11211234
0.5572789115646258	249.78656358296496	0.123279385
0.5688888888888889	249.78656358296496	0.08061665
0.5804988662131519	369.95826791680173	0.057241455
0.592108843537415	365.7089347812315	0.16776642
0.603718820861678	365.7089347812315	0.29582387
0.615328798185941	365.7089347812315	0.4789798
0.626938775510204	369.95826791680173	0.65097535
0.6385487528344671	378.6056325144029	0.8084369
0.6501587301587302	383.00481805937557	0.9033704
0.6617687074829932	387.45511967816526	0.9281288
0.6733786848072563	387.45511967816526	0.9392542
0.6849886621315193	387.45511967816526	0.8803812
0.6965986394557823	391.95713131094	0.92428946
0.7082086167800453	396.5114537991202	0.9319315
0.7198185941043084	401.11869496556756	0.9258985
0.7314285714285714	405.779469695705	0.8998839
0.7430385487528345	410.49440001958	0.8973256
0.7546485260770975	420.0892517909185	0.9312381
0.7662585034013606	420.0892517909185	0.906855
0.7778684807256235	420.0892517909185	0.8937719
0.7894784580498866	420.0892517909185	0.9249868
0.8010884353741496	415.264115194881	0.93120545
0.8126984126984127	410.49440001958	0.9019516
0.8243083900226758	405.779469695705	0.8986382
0.8359183673469388	401.11869496556756	0.90904933
0.8475283446712019	396.5114537991202	0.87512803
0.8591383219954648	396.5114537991202	0.8647076
0.8707482993197279	396.5114537991202	0.8334872
0.8823582766439909	396.5114537991202	0.7826767
0.893968253968254	396.5114537991202	0.71952325
0.905578231292517	391.95713131094	0.7023395
0.9171882086167801	391.95713131094	0.7190491
0.9287981859410431	391.95713131094	0.71666247
0.9404081632653061	391.95713131094	0.70269734
0.9520181405895691	391.95713131094	0.6987888
0.9636281179138322	391.95713131094	0.72657686
0.9752380952380952	391.95713131094	0.753595
0.9868480725623583	391.95713131094	0.7237616
0.9984580498866213	391.95713131094	0.7042622
1.0100680272108844	391.95713131094	0.7182673
1.0216780045351475	391.95713131094	0.6569191
1.0332879818594105	387.45511967816526	0.44058287
1.0448979591836736	191.50240902968778	0.36010218
1.0565079365079366	191.50240902968778	0.30505818
1.0681179138321995	189.30281625720144	0.1407213
1.0797278911564625	349.194105850881	0.109094694
1.0913378684807256	349.194105850881	0.12942362
1.1029478458049886	349.194105850881	0.2612443
1.1145578231292517	361.50840939957027	0.22120255
1.1261678004535147	365.7089347812315	0.51126045
1.1377777777777778	361.50840939957027	0.6668774
1.1493877551020408	361.50840939957027	0.74697477
1.1609977324263039	361.50840939957027	0.67802745
1.172607709750567	357.3561311669499	0.7280334
1.18421768707483	353.2515459175985	0.78238416
1.195827664399093	353.2515459175985	0.83794934
1.207437641723356	353.2515459175985	0.86538893
1.2190476190476192	353.2515459175985	0.8975643
1.230657596371882	357.3561311669499	0.9478282
1.242267573696145	361.50840939957027	0.9588427
1.253877551020408	369.95826791680173	0.9499266
1.2654875283446712	378.6056325144029	0.9418073
1.2770975056689342	387.45511967816526	0.9677961
1.2887074829931973	387.45511967816526	0.9741683
1.3003174603174603	391.95713131094	0.9770056
1.3119274376417234	391.95713131094	0.9710202
1.3235374149659864	391.95713131094	0.96323794
1.3351473922902495	391.95713131094	0.9536334
1.3467573696145125	391.95713131094	0.94446075
1.3583673469387756	391.95713131094	0.94275165
1.3699773242630386	387.45511967816526	0.9568001
1.3815873015873017	387.45511967816526	0.966042
1.3931972789115645	387.45511967816526	0.95660263
1.4048072562358276	387.45511967816526	0.95037514
1.4164172335600906	387.45511967816526	0.9331266
1.4280272108843537	391.95713131094	0.91767055
1.4396371882086167	396.5114537991202	0.92109984
1.4512471655328798	401.11869496556756	0.9100943
1.4628571428571429	405.779469695705	0.80527294
1.474467120181406	410.49440001958	0.42756474
1.486077097505669	410.49440001958	0.052327342
1.497687074829932	198.2557268995601	0.09124616
1.509297052154195	195.97856565547	0.1573765
1.5209070294784581	195.97856565547	0.21132818
1.5325170068027212	195.97856565547	0.21595496
1.5441269841269842	195.97856565547	0.20119314
1.555736961451247	195.97856565547	0.2189318
1.5673469387755101	195.97856565547	0.2255285
1.5789569160997732	195.97856565547	0.20825385
1.5905668934240362	195.97856565547	0.1615893
1.6021768707482993	97.98928282773498	0.16219625
1.6137868480725623	97.98928282773498	0.15766875
1.6253968253968254	99.12786344978005	0.13614146
1.6370068027210884	99.12786344978005	0.0983807
1.6486167800453515	99.12786344978005	0.05682558
1.6602267573696146	349.194105850881	0.1022386
1.6718367346938776	349.194105850881	0.25074556
1.6834467120181407	341.2185014506716	0.4433086
1.6950566893424037	333.425060106719	0.5570198
1.7066666666666668	329.59534665249885	0.6608645
1.7182766439909296	325.80962120906815	0.78360504
1.7298866213151927	329.59534665249885	0.83401453
1.7414965986394557	341.2185014506716	0.8481121
1.7531065759637188	349.194105850881	0.94270205
1.7647165532879818	361.50840939957027	0.9606745
1.7763265306122449	369.95826791680173	0.96781456
1.787936507936508	378.6056325144029	0.9743492
1.799546485260771	383.00481805937557	0.9613854
1.811156462585034	387.45511967816526	0.94227237
1.822766439909297	387.45511967816526	0.92265636
1.8343764172335602	387.45511967816526	0.93698233
1.8459863945578232	387.45511967816526	0.9311415
1.8575963718820863	387.45511967816526	0.8858906
1.8692063492063493	387.45511967816526	0.8563197
1.8808163265306121	383.00481805937557	0.79063267
1.8924263038548752	378.6056325144029	0.7356559
1.9040362811791383	374.2569759250636	0.6460178
1.9156462585034013	374.2569759250636	0.5216988
1.9272562358276644	369.95826791680173	0.4162082
1.9388662131519274	365.7089347812315	0.2433473
1.9504761904761905	353.2515459175985	0.15599819
1.9620861678004535	349.194105850881	0.0924975
1.9736961451247166	230.3821925327525	0.050537735
1.9853061224489796	187.1284879625318	0.039155502
1.9969160997732427	187.1284879625318	0.05572172
2.0085260770975055	187.1284879625318	0.070570484
2.020136054421769	189.30281625720144	0.070326574
2.0317460317460316	189.30281625720144	0.052855853
2.043356009070295	187.1284879625318	0.038840607
2.0549659863945577	187.1284879625318	0.03361482
2.066575963718821	187.1284879625318	0.032003127
2.078185941043084	187.1284879625318	0.031078732
2.089795918367347	168.64963634389696	0.05059313
2.10140589569161	168.64963634389696	0.029090945
2.1130158730158732	322.0673785310301	0.024362925
2.124625850340136	318.36811917622657	0.07613553
2.136235827664399	311.0965812847119	0.06902742
2.147845804988662	290.2633738929482	0.14740102
2.159455782312925	280.3759377994943	0.22670938
2.1710657596371883	270.82530407690433	0.45160836
2.182675736961451	270.82530407690433	0.6321891
2.1942857142857144	270.82530407690433	0.8232408
2.2058956916099772	273.972142529876	0.8979187
2.2175056689342405	277.15554548439167	0.93741506
2.2291156462585033	280.3759377994943	0.9372893
2.2407256235827666	280.3759377994943	0.87424636
2.2523356009070294	283.63374927085107	0.7945043
2.2639455782312927	280.3759377994943	0.89128274
2.2755555555555556	277.15554548439167	0.89500463
2.2871655328798184	273.972142529876	0.8819117
2.2987755102040817	267.7146101463563	0.8911637
2.3103854875283445	264.63964558298295	0.8523042
2.3219954648526078	264.63964558298295	0.87290716
2.3336054421768706	264.63964558298295	0.88874054
2.345215419501134	264.63964558298295	0.8997587
2.3568253968253967	264.63964558298295	0.91332966
2.36843537414966	264.63964558298295	0.9216934
2.380045351473923	264.63964558298295	0.90982646
2.391655328798186	267.7146101463563	0.919836
2.403265306122449	270.82530407690433	0.8613516
2.414875283446712	277.15554548439167	0.787343
2.426485260770975	280.3759377994943	0.7273465
2.4380952380952383	280.3759377994943	0.6203458
2.449705215419501	280.3759377994943	0.51002365
2.461315192743764	283.63374927085107	0.3838284
2.4729251700680273	283.63374927085107	0.2431526
2.48453514739229	280.3759377994943	0.12464967
2.4961451247165534	264.63964558298295	0.1888611
2.507755102040816	264.63964558298295	0.3543228
2.5193650793650795	261.6	0.6308382
2.5309750566893423	261.6	0.8243924
2.5425850340136056	261.6	0.8734929
2.5541950113378684	261.6	0.8444253
2.5658049886621317	261.6	0.8085032
2.5774149659863945	261.6	0.7801516
2.589024943310658	261.6	0.6803254
2.6006349206349206	264.63964558298295	0.52919704
2.6122448979591835	264.63964558298295	0.46586275
2.6238548752834467	264.63964558298295	0.44828564
2.6354648526077096	261.6	0.4739559
2.647074829931973	311.0965812847119	0.458699
2.6586848072562357	307.52333228379206	0.660486
2.670294784580499	307.52333228379206	0.83424926
2.681904761904762	307.52333228379206	0.8680504
2.693514739229025	303.9911255481709	0.91751367
2.705124716553288	300.4994896672244	0.8523805
2.716734693877551	297.0479586449415	0.7053847
2.728344671201814	293.63607183773195	0.60005665
2.7399546485260773	290.2633738929482	0.55667144
2.75156462585034	293.63607183773195	0.56747836
2.7631746031746034	293.63607183773195	0.62068135
2.7747845804988662	300.4994896672244	0.73721236
2.786394557823129	307.52333228379206	0.7728937
2.7980045351473923	311.0965812847119	0.8361248
2.809614512471655	311.0965812847119	0.8366869
2.8212244897959184	311.0965812847119	0.8809308
2.8328344671201813	311.0965812847119	0.90163916
2.8444444444444446	307.52333228379206	0.89533645
2.8560544217687074	300.4994896672244	0.88166493
2.8676643990929707	293.63607183773195	0.8626099
2.8792743764172335	290.2633738929482	0.7514678
2.8908843537414968	293.63607183773195	0.7560812
2.9024943310657596	293.63607183773195	0.8806566
2.914104308390023	297.0479586449415	0.91115206
2.9257142857142857	300.4994896672244	0.9410296
2.9373242630385485	303.9911255481709	0.94103205
2.948934240362812	303.9911255481709	0.9035105
2.9605442176870747	303.9911255481709	0.89146245
2.972154195011338	300.4994896672244	0.8937319
2.9837641723356008	297.0479586449415	0.84619427
2.995374149659864	293.63607183773195	0.8096957
3.006984126984127	293.63607183773195	0.80180997
3.01859410430839	297.0479586449415	0.8164953
3.030204081632653	297.0479586449415	0.8853381
3.0418140589569163	300.4994896672244	0.90849304
3.053424036281179	307.52333228379206	0.9141547
3.0650340136054424	307.52333228379206	0.9203975
3.076643990929705	311.0965812847119	0.84731567
3.0882539682539685	307.52333228379206	0.87879705
3.0998639455782313	303.9911255481709	0.906613
3.111473922902494	300.4994896672244	0.9145966
3.1230839002267574	293.63607183773195	0.88859105
3.1346938775510202	290.2633738929482	0.7918394
3.1463038548752835	286.92941468811415	0.58699983
3.1579138321995464	286.92941468811415	0.61940956
3.1695238095238096	293.63607183773195	0.6957292
3.1811337868480725	300.4994896672244	0.8601294
3.1927437641723357	303.9911255481709	0.8481812
3.2043537414965986	307.52333228379206	0.6607075
3.215963718820862	311.0965812847119	0.3431932
3.2275736961451247	529.2792911659659	0.085125476
3.239183673469388	529.2792911659659	0.07694831
3.250793650793651	523.2	0.060483497
3.2624036281179136	523.2	0.047743697
3.274013605442177	189.30281625720144	0.07230029
3.2856235827664397	189.30281625720144	0.13968207
3.297233560090703	189.30281625720144	0.20009989
3.308843537414966	189.30281625720144	0.19182298
3.320453514739229	189.30281625720144	0.08867429
3.332063492063492	1318.3813866099952	0.0739949
3.3436734693877552	1318.3813866099952	0.07039341
3.355283446712018	261.6	0.061565436
3.3668934240362813	261.6	0.09432036
3.378503401360544	261.6	0.12273639
3.3901133786848074	261.6	0.14656937
3.4017233560090703	261.6	0.16232641
3.4133333333333336	261.6	0.17796609
3.4249433106575964	261.6	0.19056198
3.436553287981859	261.6	0.19370665
3.4481632653061225	261.6	0.17737384
3.4597732426303853	261.6	0.15224133
3.4713832199546486	261.6	0.1310933
3.4829931972789114	261.6	0.11226517
3.4946031746031747	261.6	0.09801046
3.5062131519274375	261.6	0.091139175
3.517823129251701	261.6	0.09357231
3.5294331065759637	261.6	0.10147552
3.541043083900227	261.6	0.10251633
3.5526530612244898	261.6	0.10902571
3.564263038548753	264.63964558298295	0.14754836
3.575873015873016	264.63964558298295	0.23343125
3.5874829931972787	264.63964558298295	0.3221168
3.599092970521542	261.6	0.42740694
3.610702947845805	261.6	0.58029824
3.622312925170068	261.6	0.73023427
3.633922902494331	261.6	0.80061966
3.645532879818594	258.59526772431764	0.83381075
3.657142857142857	258.59526772431764	0.857737
3.6687528344671203	258.59526772431764	0.87101376
3.680362811791383	258.59526772431764	0.86604637
3.6919727891156464	258.59526772431764	0.8265664
3.7035827664399092	261.6	0.8364053
3.7151927437641725	261.6	0.8290246
3.7268027210884354	261.6	0.8052459
3.7384126984126986	261.6	0.78782374
3.7500226757369615	261.6	0.76423806
3.7616326530612243	261.6	0.70499575
3.7732426303854876	264.63964558298295	0.55359644
3.7848526077097504	264.63964558298295	0.35965335
3.7964625850340137	264.63964558298295	0.26137367
3.8080725623582765	264.63964558298295	0.16921614
3.81968253968254	264.63964558298295	0.09688989
3.8312925170068026	264.63964558298295	0.06015177
3.842902494331066	193.72755983908263	0.09173956
3.8545124716553287	191.50240902968778	0.17057054
3.866122448979592	191.50240902968778	0.28710294
3.877732426303855	189.30281625720144	0.37959796
3.889342403628118	189.30281625720144	0.43581605
3.900952380952381	189.30281625720144	0.338182
3.912562358276644	193.72755983908263	0.14609636
3.924172335600907	195.97856565547	0.10677966
3.93578231292517	198.2557268995601	0.08075931
3.947392290249433	198.2557268995601	0.06306084
3.959002267573696	198.2557268995601	0.06800825
3.9706122448979593	198.2557268995601	0.070139185
3.982222222222222	195.97856565547	0.056646768
3.9938321995464854	140.18796889974715	0.0657343
4.005442176870749	141.81687463542553	0.065340534
4.017052154195011	141.81687463542553	0.04677798
4.028662131519274	267.7146101463563	0.0767277
4.040272108843538	267.7146101463563	0.1563641
4.051882086167801	264.63964558298295	0.25741756
4.063492063492063	261.6	0.2621368
4.0751020408163265	258.59526772431764	0.24353924
4.08671201814059	258.59526772431764	0.2509482
4.098321995464852	258.59526772431764	0.22650053
4.1099319727891155	258.59526772431764	0.12622903
4.121541950113379	255.62504774239878	0.058550704
4.133151927437642	145.1316869464741	0.021021355
4.144761904761904	162.90481060453408	0.03104551
4.156371882086168	195.97856565547	0.105501324
4.167981859410431	195.97856565547	0.35705516
4.179591836734694	195.97856565547	0.62437475
4.191201814058957	195.97856565547	0.7308109
4.20281179138322	195.97856565547	0.73887557
4.214421768707483	193.72755983908263	0.73558223
4.2260317460317465	193.72755983908263	0.74940944
4.237641723356009	193.72755983908263	0.71728504
4.249251700680272	191.50240902968778	0.6699535
4.260861678004535	191.50240902968778	0.6593789
4.272471655328798	191.50240902968778	0.61234057
4.284081632653061	191.50240902968778	0.54541785
4.295691609977324	191.50240902968778	0.43737403
4.307301587301588	193.72755983908263	0.2970898
4.31891156462585	193.72755983908263	0.15654472
4.330521541950113	193.72755983908263	0.06847232
4.342131519274377	191.50240902968778	0.03915886
4.35374149659864	146.81803591886597	0.033346646
4.365351473922902	148.52397932247075	0.03948554
4.3769614512471655	150.2497448336122	0.036095273
4.388571428571429	150.2497448336122	0.030326342
4.400181405895691	493.83504039506204	0.03774293
4.4117913832199545	493.83504039506204	0.052628107
4.423401360544218	493.83504039506204	0.05968469
4.435011337868481	493.83504039506204	0.055681158
4.446621315192743	493.83504039506204	0.045284644
4.458231292517007	493.83504039506204	0.037708417
4.46984126984127	493.83504039506204	0.03289161
4.481451247165533	493.83504039506204	0.028646711
4.493061224489796	493.83504039506204	0.022913283
4.504671201814059	493.83504039506204	0.016474834
4.516281179138322	493.83504039506204	0.010876483
4.527891156462585	166.7125300533595	0.013712107
4.539501133786848	166.7125300533595	0.020375196
4.551111111111111	166.7125300533595	0.02267379
4.562721088435374	193.72755983908263	0.035562284
4.574331065759637	193.72755983908263	0.1377744
4.5859410430839	193.72755983908263	0.29615128
4.597551020408163	193.72755983908263	0.3730633
4.609160997732427	193.72755983908263	0.27950326
4.620770975056689	193.72755983908263	0.1251739
4.632380952380952	193.72755983908263	0.057925295
4.6439909297052155	191.50240902968778	0.030039366
4.655600907029479	277.15554548439167	0.021894783
4.667210884353741	280.3759377994943	0.03345999
4.6788208616780045	293.63607183773195	0.020592622
4.690430839002268	378.6056325144029	0.027069705
4.702040816326531	374.2569759250636	0.11762182
4.713650793650793	378.6056325144029	0.54143864
4.725260770975057	383.00481805937557	0.80100214
4.73687074829932	391.95713131094	0.86991113
4.748480725623582	396.5114537991202	0.90220344
4.760090702947846	396.5114537991202	0.9151695
4.771700680272109	401.11869496556756	0.9372774
4.783310657596372	405.779469695705	0.9520039
4.794920634920635	410.49440001958	0.9656281
4.806530612244898	420.0892517909185	0.97674245
4.818140589569161	424.9704537735825	0.9879716
4.829750566893424	429.90837259128557	0.9770115
4.841360544217687	429.90837259128557	0.9497195
4.85297052154195	429.90837259128557	0.93835086
4.864580498866213	424.9704537735825	0.8992558
4.876190476190477	424.9704537735825	0.6655016
4.887800453514739	420.0892517909185	0.25245902
4.899410430839002	387.45511967816526	0.07360554
4.911020408163266	387.45511967816526	0.09078184
4.922630385487528	195.97856565547	0.16943105
4.934240362811791	195.97856565547	0.2748806
4.9458503401360545	193.72755983908263	0.30323422
4.957460317460318	374.2569759250636	0.2585044
4.96907029478458	369.95826791680173	0.48745686
4.9806802721088435	361.50840939957027	0.5844468
4.992290249433107	357.3561311669499	0.5059948
5.00390022675737	357.3561311669499	0.39103743
5.015510204081632	357.3561311669499	0.39208424
5.027120181405896	357.3561311669499	0.4954969
5.038730158730159	357.3561311669499	0.61164767
5.050340136054421	357.3561311669499	0.7262731
5.061950113378685	357.3561311669499	0.77681834
5.073560090702948	353.2515459175985	0.7536415
5.085170068027211	353.2515459175985	0.59620553
5.0967800453514736	349.194105850881	0.42817974
5.108390022675737	97.98928282773498	0.2304757
5.12	97.98928282773498	0.20894977
5.131609977324263	97.98928282773498	0.16596316
5.143219954648526	97.98928282773498	0.13398893
5.154829931972789	97.98928282773498	0.105677254
5.166439909297052	587.2721436754641	0.09202479
5.178049886621316	587.2721436754641	0.26110548
5.189659863945578	587.2721436754641	0.4144598
5.201269841269841	587.2721436754641	0.50274307
5.2128798185941045	580.5267477858968	0.49532557
5.224489795918367	580.5267477858968	0.44616354
5.23609977324263	283.63374927085107	0.40363497
5.2477097505668935	283.63374927085107	0.36018828
5.259319727891157	293.63607183773195	0.4553325
5.270929705215419	300.4994896672244	0.82878757
5.282539682539682	300.4994896672244	0.8663686
5.294149659863946	300.4994896672244	0.8366693
5.305759637188209	297.0479586449415	0.8719683
5.317369614512471	293.63607183773195	0.89251524
5.328979591836735	286.92941468811415	0.83168566
5.340589569160998	283.63374927085107	0.8169208
5.352199546485261	280.3759377994943	0.7867453
5.363809523809524	277.15554548439167	0.6749628
5.375419501133787	270.82530407690433	0.6231083
5.38702947845805	264.63964558298295	0.7274869
5.3986394557823125	261.6	0.75762236
5.410249433106576	255.62504774239878	0.73995376
5.421859410430839	255.62504774239878	0.7579316
5.433469387755102	255.62504774239878	0.799795
5.445079365079365	255.62504774239878	0.81126326
5.456689342403628	258.59526772431764	0.77335286
5.468299319727891	261.6	0.5641335
5.479909297052155	255.62504774239878	0.1577956
5.491519274376417	322.0673785310301	0.14299415
5.50312925170068	329.59534665249885	0.59356624
5.5147392290249435	341.2185014506716	0.7288325
5.526349206349207	357.3561311669499	0.81101495
5.537959183673469	374.2569759250636	0.8834219
5.5495691609977325	387.45511967816526	0.9529698
5.561179138321996	396.5114537991202	0.9609284
5.572789115646258	396.5114537991202	0.96319425
5.584399092970521	401.11869496556756	0.9578396
5.596009070294785	401.11869496556756	0.95465666
5.607619047619048	401.11869496556756	0.90897554
5.61922902494331	401.11869496556756	0.8349697
5.630839002267574	401.11869496556756	0.70842695
5.642448979591837	396.5114537991202	0.60945976
5.6540589569161	396.5114537991202	0.41281962
5.6656689342403626	396.5114537991202	0.31751862
5.677278911564626	401.11869496556756	0.18885823
5.688888888888889	396.5114537991202	0.089280635
5.7004988662131515	198.2557268995601	0.13915008
5.712108843537415	198.2557268995601	0.17277281
5.723718820861678	198.2557268995601	0.16966261
5.735328798185941	198.2557268995601	0.12958401
5.746938775510204	198.2557268995601	0.08542819
5.758548752834467	378.6056325144029	0.16829398
5.77015873015873	374.2569759250636	0.69366574
5.7817687074829935	369.95826791680173	0.9419674
5.793378684807256	365.7089347812315	0.9505337
5.804988662131519	361.50840939957027	0.915776
5.8165986394557825	357.3561311669499	0.8993553
5.828208616780046	353.2515459175985	0.90468264
5.839818594104308	353.2515459175985	0.92548305
5.851428571428571	353.2515459175985	0.9106741
5.863038548752835	353.2515459175985	0.9045636
5.874648526077097	353.2515459175985	0.9157989
5.88625850340136	353.2515459175985	0.9138459
5.897868480725624	349.194105850881	0.942033
5.909478458049887	349.194105850881	0.94201785
5.921088435374149	345.18326945818916	0.9478591
5.932698412698413	345.18326945818916	0.87753665
5.944308390022676	341.2185014506716	0.81902844
5.955918367346939	341.2185014506716	0.63687295
5.9675283446712015	337.2992726877939	0.48323056
5.979138321995465	337.2992726877939	0.30868202
5.990748299319728	345.18326945818916	0.16721071
6.002358276643991	195.97856565547	0.09940983
6.013968253968254	195.97856565547	0.14628081
6.025578231292517	159.18405958811329	0.17875388
6.03718820861678	159.18405958811329	0.18319605
6.048798185941043	159.18405958811329	0.17914842
6.060408163265306	157.35567471954087	0.15211366
6.072018140589569	157.35567471954087	0.10929979
6.0836281179138325	157.35567471954087	0.10784457
6.095238095238095	159.18405958811329	0.0972579
6.106848072562358	161.03368926551505	0.13527128
6.1184580498866215	159.18405958811329	0.09098699
6.130068027210885	99.12786344978005	0.069018625
6.141678004535147	471.5342420379865	0.08531556
6.15328798185941	471.5342420379865	0.11039555
6.164897959183674	460.764385065505	0.11790226
6.176507936507937	193.72755983908263	0.12235293
6.188117913832199	193.72755983908263	0.11970232
6.199727891156463	193.72755983908263	0.105943866
6.211337868480726	193.72755983908263	0.09942794
6.222947845804988	193.72755983908263	0.107937455
6.2345578231292516	193.72755983908263	0.11980315
6.246167800453515	193.72755983908263	0.14025299
6.257777777777778	195.97856565547	0.16278562
6.2693877551020405	198.2557268995601	0.16252999
6.280997732426304	198.2557268995601	0.081754304
6.292607709750567	307.52333228379206	0.11024551
6.30421768707483	300.4994896672244	0.40085566
6.315827664399093	293.63607183773195	0.7245962
6.327437641723356	290.2633738929482	0.902629
6.339047619047619	286.92941468811415	0.93046355
6.350657596371882	283.63374927085107	0.92497456
6.362267573696145	283.63374927085107	0.8944847
6.373877551020408	280.3759377994943	0.8625894
6.3854875283446715	277.15554548439167	0.7654114
6.397097505668934	273.972142529876	0.7426671
6.408707482993197	270.82530407690433	0.77123386
6.42031746031746	270.82530407690433	0.7263175
6.431927437641724	270.82530407690433	0.686593
6.443537414965986	267.7146101463563	0.7325263
6.455147392290249	267.7146101463563	0.7506005
6.466757369614513	264.63964558298295	0.61768514
6.478367346938776	264.63964558298295	0.5710131
6.489977324263038	261.6	0.4921106
6.501587301587302	261.6	0.5313532
6.513197278911565	261.6	0.49309644
6.524807256235827	261.6	0.4049394
6.5364172335600905	261.6	0.39769757
6.548027210884354	261.6	0.5230182
6.559637188208617	261.6	0.62403
6.5712471655328795	261.6	0.6681476
6.582857142857143	261.6	0.673516
6.594467120181406	261.6	0.71285254
6.606077097505669	261.6	0.7613472
6.617687074829932	261.6	0.7505529
6.629297052154195	261.6	0.71803
6.640907029478458	261.6	0.7123931
6.6525170068027215	261.6	0.6785395
6.664126984126984	261.6	0.6184798
6.675736961451247	261.6	0.60334677
6.6873469387755105	261.6	0.5806512
6.698956916099773	261.6	0.5234767
6.710566893424036	261.6	0.48195454
6.722176870748299	261.6	0.53387177
6.733786848072563	261.6	0.6190702
6.745396825396825	261.6	0.67469513
6.757006802721088	261.6	0.67692494
6.768616780045352	261.6	0.66391265
6.780226757369615	261.6	0.6691115
6.791836734693877	264.63964558298295	0.6767658
6.8034467120181406	264.63964558298295	0.73801583
6.815056689342404	267.7146101463563	0.6540446
6.826666666666667	267.7146101463563	0.62065405
6.8382766439909295	267.7146101463563	0.6317893
6.849886621315193	264.63964558298295	0.71182764
6.861496598639456	264.63964558298295	0.79446083
6.873106575963718	264.63964558298295	0.8377796
6.884716553287982	264.63964558298295	0.8496635
6.896326530612245	267.7146101463563	0.7935045
6.907936507936508	267.7146101463563	0.8288454
6.919546485260771	270.82530407690433	0.73331505
6.931156462585034	270.82530407690433	0.76347876
6.942766439909297	273.972142529876	0.74149954
6.9543764172335605	273.972142529876	0.71848166
6.965986394557823	277.15554548439167	0.79762864
6.977596371882086	280.3759377994943	0.8731164
6.989206349206349	283.63374927085107	0.9004306
7.000816326530612	283.63374927085107	0.9155446
7.012426303854875	286.92941468811415	0.9501534
7.024036281179138	290.2633738929482	0.95375496
7.035646258503402	293.63607183773195	0.94910806
7.047256235827664	293.63607183773195	0.9431934
7.058866213151927	297.0479586449415	0.9314801
7.070476190476191	297.0479586449415	0.9025965
7.082086167800454	297.0479586449415	0.8487465
7.093696145124716	297.0479586449415	0.82043123
7.1053061224489795	297.0479586449415	0.768773
7.116916099773243	293.63607183773195	0.79746604
7.128526077097506	290.2633738929482	0.83132684
7.1401360544217685	286.92941468811415	0.7894853
7.151746031746032	286.92941468811415	0.7757036
7.163356009070295	290.2633738929482	0.8070788
7.174965986394557	293.63607183773195	0.8656112
7.186575963718821	297.0479586449415	0.91823465
7.198185941043084	297.0479586449415	0.9072962
7.209795918367347	300.4994896672244	0.8752723
7.22140589569161	297.0479586449415	0.85085994
7.233015873015873	297.0479586449415	0.8650569
7.244625850340136	297.0479586449415	0.80407923
7.2562358276643995	293.63607183773195	0.8035809
7.267845804988662	293.63607183773195	0.77538055
7.279455782312925	293.63607183773195	0.7297823
7.291065759637188	293.63607183773195	0.6825839
7.302675736961452	293.63607183773195	0.70084846
7.314285714285714	297.0479586449415	0.7616032
7.325895691609977	297.0479586449415	0.86626303
7.337505668934241	300.4994896672244	0.9335463
7.349115646258503	303.9911255481709	0.91554314
7.360725623582766	300.4994896672244	0.9141843
7.3723356009070296	300.4994896672244	0.8988043
7.383945578231293	297.0479586449415	0.8889799
7.395555555555555	293.63607183773195	0.8612089
7.4071655328798185	293.63607183773195	0.87526
7.418775510204082	290.2633738929482	0.79885167
7.430385487528345	290.2633738929482	0.80405253
7.441995464852607	290.2633738929482	0.84897363
7.453605442176871	293.63607183773195	0.8764862
7.465215419501134	297.0479586449415	0.83083814
7.476825396825397	300.4994896672244	0.7351782
7.48843537414966	300.4994896672244	0.5742145
7.500045351473923	300.4994896672244	0.5053303
7.511655328798186	297.0479586449415	0.4532702
7.523265306122449	297.0479586449415	0.528766
7.534875283446712	297.0479586449415	0.7420331
7.546485260770975	300.4994896672244	0.76443315
7.558095238095238	307.52333228379206	0.46023655
7.569705215419501	318.36811917622657	0.4057035
7.581315192743764	329.59534665249885	0.25323743
7.592925170068027	337.2992726877939	0.14102104
7.604535147392291	230.3821925327525	0.11492425
7.616145124716553	230.3821925327525	0.13294831
7.627755102040816	230.3821925327525	0.08656101
7.63936507936508	230.3821925327525	0.039873958
7.650975056689342	172.59163472909458	0.039950993
7.662585034013605	174.5970529254405	0.040368892
7.6741950113378685	176.62577295879925	0.038278434
7.685804988662132	180.75420469978513	0.051402718
7.697414965986394	180.75420469978513	0.041752107
7.7090249433106575	178.67806558347496	0.027052833
7.720634920634921	172.59163472909458	0.02779575
7.732244897959184	174.5970529254405	0.042907763
7.743854875283446	174.5970529254405	0.05875477
7.75546485260771	174.5970529254405	0.05972426
7.767074829931973	174.5970529254405	0.040723324
7.778684807256236	241.27791624208172	0.037201203
7.790294784580499	241.27791624208172	0.03506996
7.801904761904762	241.27791624208172	0.022822002
7.813514739229025	172.59163472909458	0.02088247
7.825124716553288	170.6092507253358	0.017540436
7.836734693877551	180.75420469978513	0.019109543
7.848344671201814	180.75420469978513	0.027542746
7.859954648526077	184.97913395840087	0.03145786
7.87156462585034	184.97913395840087	0.035210375
7.883174603174603	184.97913395840087	0.036606874
7.894784580498866	187.1284879625318	0.044738077
7.90639455782313	189.30281625720144	0.05781613
7.918004535147392	189.30281625720144	0.06866823
7.929614512471655	246.91752019753102	0.119463846
7.9412244897959186	249.78656358296496	0.14048815
7.952834467120182	249.78656358296496	0.12899402
7.964444444444444	252.68894364673966	0.094995216
7.9760544217687075	255.62504774239878	0.06708693
7.987664399092971	255.62504774239878	0.04535186
7.999274376417233	267.7146101463563	0.035377663
8.010884353741497	267.7146101463563	0.038053293
8.02249433106576	267.7146101463563	0.03881431
8.034104308390022	267.7146101463563	0.041814156
8.045714285714286	267.7146101463563	0.043450743
8.057324263038549	264.63964558298295	0.043152206
8.068934240362811	264.63964558298295	0.038530845
8.080544217687075	264.63964558298295	0.033104304
8.092154195011338	261.6	0.032849133
8.103764172335602	198.2557268995601	0.03412071
8.115374149659864	198.2557268995601	0.039982624
8.126984126984127	198.2557268995601	0.039666586
8.13859410430839	132.31982279149148	0.036457315
8.150204081632653	133.85730507317814	0.03753046
8.161814058956915	136.986071264938	0.03772115
8.17342403628118	138.57777274219583	0.029711366
8.185034013605442	267.7146101463563	0.039391644
8.196643990929704	195.97856565547	0.05084726
8.208253968253969	195.97856565547	0.0849172
8.219863945578231	195.97856565547	0.070160806
8.231473922902495	202.8897348478525	0.06644802
8.243083900226758	205.24720000979	0.08545728
8.25469387755102	207.6320575974405	0.10378863
8.266303854875284	207.6320575974405	0.07542811
8.277913832199546	207.6320575974405	0.031258132
8.289523809523809	172.59163472909458	0.022527767
8.301133786848073	172.59163472909458	0.047919303
8.312743764172335	172.59163472909458	0.0793491
8.324353741496598	172.59163472909458	0.10709506
8.335963718820862	172.59163472909458	0.17169884
8.347573696145124	172.59163472909458	0.23075762
8.359183673469389	261.6	0.20984876
8.370793650793651	261.6	0.20414929
8.382403628117913	261.6	0.15723883
8.394013605442177	261.6	0.11874034
8.40562358276644	261.6	0.12638433
8.417233560090702	261.6	0.18408532
8.428843537414966	261.6	0.3140024
8.440453514739229	261.6	0.3804823
8.452063492063493	261.6	0.35076132
8.463673469387755	261.6	0.3981116
8.475283446712018	261.6	0.5777485
8.486893424036282	264.63964558298295	0.740977
8.498503401360544	264.63964558298295	0.8176366
8.510113378684807	264.63964558298295	0.8101392
8.52172335600907	264.63964558298295	0.7905301
8.533333333333333	264.63964558298295	0.77828205
8.544943310657596	264.63964558298295	0.7638651
8.55655328798186	264.63964558298295	0.73409826
8.568163265306122	264.63964558298295	0.60319793
8.579773242630386	261.6	0.4596633
8.591383219954649	505.3778872934793	0.4668277
8.602993197278911	499.5731271659299	0.4668184
8.614603174603175	488.16286117205766	0.37453884
8.626213151927438	477.0132060136591	0.17307884
8.6378231292517	471.5342420379865	0.079731196
8.649433106575964	523.2	0.0921163
8.661043083900227	523.2	0.074887
8.672653061224489	523.2	0.041203666
8.684263038548753	714.7122623338998	0.024373025
8.695873015873016	714.7122623338998	0.049318742
8.70748299319728	723.0168187991405	0.1059109
8.719092970521542	731.417869562463	0.3372885
8.730702947845804	748.5139518501272	0.1744764
8.742312925170069	387.45511967816526	0.33256876
8.753922902494331	396.5114537991202	0.765472
8.765532879818593	410.49440001958	0.8365185
8.777142857142858	420.0892517909185	0.9035556
8.78875283446712	429.90837259128557	0.95814705
8.800362811791382	434.9036672619066	0.95833904
8.811972789115647	445.06905860948774	0.9316254
8.823582766439909	450.2405119662335	0.87368286
8.835192743764173	455.4720547165321	0.81054616
8.846802721088435	460.764385065505	0.80566126
8.858412698412698	460.764385065505	0.7309033
8.870022675736962	460.764385065505	0.7443242
8.881632653061224	460.764385065505	0.74995035
8.893242630385487	455.4720547165321	0.79355186
8.904852607709751	450.2405119662335	0.81511885
8.916462585034013	450.2405119662335	0.813272
8.928072562358278	450.2405119662335	0.7793895
8.93968253968254	455.4720547165321	0.7706656
8.951292517006802	460.764385065505	0.77930117
8.962902494331066	460.764385065505	0.77631754
8.974512471655329	466.1182093310256	0.7350408
8.986122448979591	460.764385065505	0.8258086
8.997732426303855	455.4720547165321	0.8516645
9.009342403628118	450.2405119662335	0.8752133
9.02095238095238	439.95700446074346	0.81320965
9.032562358276644	434.9036672619066	0.62271184
9.044172335600907	434.9036672619066	0.29331782
9.05578231292517	195.97856565547	0.16511618
9.067392290249433	195.97856565547	0.22137296
9.079002267573696	195.97856565547	0.24790308
9.09061224489796	195.97856565547	0.24419318
9.102222222222222	195.97856565547	0.22606243
9.113832199546485	195.97856565547	0.19723083
9.125442176870749	195.97856565547	0.16700596
9.137052154195011	195.97856565547	0.14290234
9.148662131519274	195.97856565547	0.13102983
9.160272108843538	195.97856565547	0.12462256
9.1718820861678	195.97856565547	0.10485511
9.183492063492064	193.72755983908263	0.080729924
9.195102040816327	193.72755983908263	0.05562087
9.206712018140589	193.72755983908263	0.041555136
9.218321995464853	193.72755983908263	0.032196373
9.229931972789116	193.72755983908263	0.0243827
9.241541950113378	329.59534665249885	0.053312432
9.253151927437642	333.425060106719	0.19127199
9.264761904761905	337.2992726877939	0.37867162
9.276371882086167	341.2185014506716	0.31602165
9.287981859410431	341.2185014506716	0.22676782
9.299591836734693	345.18326945818916	0.23531331
9.311201814058958	345.18326945818916	0.27413088
9.32281179138322	345.18326945818916	0.2759265
9.334421768707482	345.18326945818916	0.31181997
9.346031746031747	345.18326945818916	0.29884407
9.357641723356009	329.59534665249885	0.16509174
9.369251700680271	322.0673785310301	0.4461988
9.380861678004536	318.36811917622657	0.5168088
9.392471655328798	314.71134943908174	0.43053696
9.404081632653062	311.0965812847119	0.23892933
9.415691609977324	270.82530407690433	0.2180353
9.427301587301587	270.82530407690433	0.36977547
9.438911564625851	270.82530407690433	0.41258386
9.450521541950113	267.7146101463563	0.3461149
9.462131519274376	267.7146101463563	0.26524273
9.47374149659864	267.7146101463563	0.1891695
9.485351473922902	267.7146101463563	0.069663994
9.496961451247165	353.2515459175985	0.25514206
9.508571428571429	357.3561311669499	0.5981507
9.520181405895691	369.95826791680173	0.72023135
9.531791383219955	378.6056325144029	0.8201033
9.543401360544218	378.6056325144029	0.8009922
9.55501133786848	383.00481805937557	0.83297527
9.566621315192744	387.45511967816526	0.8107992
9.578231292517007	387.45511967816526	0.69785184
9.58984126984127	387.45511967816526	0.7083683
9.601451247165533	387.45511967816526	0.83779085
9.613061224489796	387.45511967816526	0.8720317
9.624671201814058	387.45511967816526	0.89773124
9.636281179138322	387.45511967816526	0.9108056
9.647891156462585	391.95713131094	0.9308564
9.659501133786849	396.5114537991202	0.935989
9.671111111111111	396.5114537991202	0.8967796
9.682721088435374	396.5114537991202	0.86278284
9.694331065759638	396.5114537991202	0.9048438
9.7059410430839	391.95713131094	0.89788795
9.717551020408163	387.45511967816526	0.8842465
9.729160997732427	383.00481805937557	0.78108823
9.740770975056689	383.00481805937557	0.6968814
9.752380952380953	383.00481805937557	0.78809386
9.763990929705216	387.45511967816526	0.8210358
9.775600907029478	391.95713131094	0.79917884
9.787210884353742	391.95713131094	0.8372021
9.798820861678005	391.95713131094	0.83438724
9.810430839002267	391.95713131094	0.82074755
9.822040816326531	391.95713131094	0.85719025
9.833650793650794	391.95713131094	0.88332963
9.845260770975056	391.95713131094	0.8955038
9.85687074829932	391.95713131094	0.9167252
9.868480725623582	396.5114537991202	0.9276013
9.880090702947847	396.5114537991202	0.9483961
9.891700680272109	396.5114537991202	0.9332645
9.903310657596371	396.5114537991202	0.9593694
9.914920634920636	396.5114537991202	0.9571249
9.926530612244898	387.45511967816526	0.91875994
9.93814058956916	374.2569759250636	0.84609115
9.949750566893425	365.7089347812315	0.86264503
9.961360544217687	365.7089347812315	0.5779417
9.97297052154195	365.7089347812315	0.23950565
9.984580498866213	365.7089347812315	0.09696055
9.996190476190476	97.98928282773498	0.069459565
10.00780045351474	325.80962120906815	0.13890675
10.019410430839002	333.425060106719	0.29090142
10.031020408163265	333.425060106719	0.45818532
10.042630385487529	333.425060106719	0.60283655
10.054240362811791	333.425060106719	0.56360966
10.065850340136054	333.425060106719	0.19425778
10.077460317460318	361.50840939957027	0.3142255
10.08907029478458	361.50840939957027	0.44086078
10.100680272108843	361.50840939957027	0.45511022
10.112290249433107	357.3561311669499	0.4689387
10.12390022675737	353.2515459175985	0.5169588
10.135510204081633	353.2515459175985	0.55812037
10.147120181405896	353.2515459175985	0.5558175
10.158730158730158	353.2515459175985	0.54506636
10.170340136054422	353.2515459175985	0.58780926
10.181950113378685	353.2515459175985	0.5697568
10.193560090702947	349.194105850881	0.61843514
10.205170068027211	345.18326945818916	0.5761474
10.216780045351474	345.18326945818916	0.5169779
10.228390022675738	345.18326945818916	0.43726113
10.24	349.194105850881	0.41229635
10.251609977324263	349.194105850881	0.4203508
10.263219954648527	349.194105850881	0.40443078
10.27482993197279	349.194105850881	0.39675775
10.286439909297052	349.194105850881	0.38737547
10.298049886621316	349.194105850881	0.39251813
10.309659863945578	349.194105850881	0.36069253
10.32126984126984	349.194105850881	0.31782797
10.332879818594105	349.194105850881	0.27383673
10.344489795918367	349.194105850881	0.23300868
10.356099773242631	349.194105850881	0.20956
10.367709750566894	353.2515459175985	0.16835286
10.379319727891156	353.2515459175985	0.10001141
10.39092970521542	193.72755983908263	0.10567698
10.402539682539683	195.97856565547	0.12464837
10.414149659863945	195.97856565547	0.1606207
10.425759637188209	195.97856565547	0.2152209
10.437369614512471	195.97856565547	0.2719085
10.448979591836734	195.97856565547	0.33017233
10.460589569160998	195.97856565547	0.3914885
10.47219954648526	195.97856565547	0.47491273
10.483809523809525	195.97856565547	0.52521104
10.495419501133787	195.97856565547	0.53972733
10.50702947845805	195.97856565547	0.541213
10.518639455782314	195.97856565547	0.5182141
10.530249433106576	195.97856565547	0.43195352
10.541859410430838	195.97856565547	0.28396794
10.553469387755102	195.97856565547	0.13324785
10.565079365079365	195.97856565547	0.06045202
10.576689342403627	391.95713131094	0.043881383
10.588299319727891	396.5114537991202	0.10075098
10.599909297052154	396.5114537991202	0.20691286
10.611519274376418	391.95713131094	0.40662503
10.62312925170068	391.95713131094	0.6083637
10.634739229024943	391.95713131094	0.6767485
10.646349206349207	391.95713131094	0.666151
10.65795918367347	391.95713131094	0.65673435
10.669569160997732	396.5114537991202	0.70700234
10.681179138321996	396.5114537991202	0.77277774
10.692789115646258	391.95713131094	0.8263242
10.704399092970522	391.95713131094	0.89704126
10.716009070294785	391.95713131094	0.9311115
10.727619047619047	391.95713131094	0.9396196
10.739229024943311	387.45511967816526	0.9566806
10.750839002267574	383.00481805937557	0.9332477
10.762448979591836	374.2569759250636	0.85965836
10.7740589569161	365.7089347812315	0.7826263
10.785668934240363	357.3561311669499	0.73467076
10.797278911564625	349.194105850881	0.40053776
10.80888888888889	341.2185014506716	0.17637786
10.820498866213152	774.9102393563303	0.06582869
10.832108843537416	774.9102393563303	0.06897467
10.843718820861678	774.9102393563303	0.037806142
10.85532879818594	682.4370029013435	0.055411372
10.866938775510205	357.3561311669499	0.18743859
10.878548752834467	361.50840939957027	0.5110216
10.89015873015873	365.7089347812315	0.6330879
10.901768707482994	374.2569759250636	0.55458844
10.913378684807256	383.00481805937557	0.47273868
10.924988662131518	391.95713131094	0.46672526
10.936598639455783	793.0229075982402	0.4743827
10.948208616780045	793.0229075982402	0.5490619
10.95981859410431	793.0229075982402	0.51367825
10.971428571428572	793.0229075982402	0.4310193
10.983038548752834	793.0229075982402	0.327116
10.994648526077098	793.0229075982402	0.24345256
11.00625850340136	396.5114537991202	0.2790928
11.017868480725623	396.5114537991202	0.36466798
11.029478458049887	396.5114537991202	0.45568115
11.04108843537415	396.5114537991202	0.5283263
11.052698412698414	396.5114537991202	0.5558542
11.064308390022676	396.5114537991202	0.53082
11.075918367346938	396.5114537991202	0.47045743
11.087528344671203	396.5114537991202	0.38052908
11.099138321995465	391.95713131094	0.2956534
11.110748299319727	391.95713131094	0.24335635
11.122358276643991	783.9142626218797	0.21882457
11.133968253968254	783.9142626218797	0.24391708
11.145578231292516	783.9142626218797	0.29680008
11.15718820861678	783.9142626218797	0.35064155
11.168798185941043	783.9142626218797	0.37247667
11.180408163265307	783.9142626218797	0.38195753
11.19201814058957	783.9142626218797	0.38597426
11.203628117913832	783.9142626218797	0.35681507
11.215238095238096	391.95713131094	0.28376824
11.226848072562358	391.95713131094	0.3688361
11.23845804988662	391.95713131094	0.46873614
11.250068027210885	391.95713131094	0.5682496
11.261678004535147	391.95713131094	0.65863794
11.27328798185941	391.95713131094	0.7365904
11.284897959183674	396.5114537991202	0.8134767
11.296507936507936	396.5114537991202	0.8578927
11.3081179138322	401.11869496556756	0.8590477
11.319727891156463	401.11869496556756	0.8598032
11.331337868480725	405.779469695705	0.87873095
11.34294784580499	415.264115194881	0.8907103
11.354557823129252	420.0892517909185	0.92790365
11.366167800453514	429.90837259128557	0.9098368
11.377777777777778	434.9036672619066	0.7915377
11.38938775510204	439.95700446074346	0.20425455
11.400997732426303	651.6192424181361	0.12664123
11.412607709750567	659.1906933049976	0.66405433
11.42421768707483	674.5985453755877	0.88002044
11.435827664399094	690.3665389163785	0.9420416
11.447437641723356	706.5030918351972	0.8895772
11.459047619047618	723.0168187991405	0.78662807
11.470657596371883	739.9165358336035	0.51042485
11.482267573696145	731.417869562463	0.07565662
11.493877551020407	783.9142626218797	0.03885031
11.505487528344672	193.72755983908263	0.06333898
11.517097505668934	193.72755983908263	0.13813795
11.528707482993198	193.72755983908263	0.20835564
11.54031746031746	195.97856565547	0.31488678
11.551927437641723	195.97856565547	0.49706972
11.563537414965987	195.97856565547	0.6295154
11.57514739229025	195.97856565547	0.71492875
11.586757369614512	195.97856565547	0.746599
11.598367346938776	195.97856565547	0.74270356
11.609977324263038	195.97856565547	0.7140584
11.6215873015873	195.97856565547	0.68885326
11.633197278911565	195.97856565547	0.6842122
11.644807256235827	195.97856565547	0.66673887
11.656417233560092	195.97856565547	0.6422983
11.668027210884354	195.97856565547	0.63153696
11.679637188208616	195.97856565547	0.65724117
11.69124716553288	195.97856565547	0.6933346
11.702857142857143	195.97856565547	0.7157798
11.714467120181405	195.97856565547	0.7062637
11.72607709750567	195.97856565547	0.66454405
11.737687074829932	195.97856565547	0.5992964
11.749297052154194	195.97856565547	0.5235533
11.760907029478458	195.97856565547	0.45489877
11.77251700680272	195.97856565547	0.4048838
11.784126984126985	195.97856565547	0.381365
11.795736961451247	195.97856565547	0.39089802
11.80734693877551	195.97856565547	0.42901164
11.818956916099774	195.97856565547	0.46480864
11.830566893424036	195.97856565547	0.46535757
11.842176870748299	195.97856565547	0.43277878
11.853786848072563	195.97856565547	0.37811396
11.865396825396825	195.97856565547	0.30450058
11.877006802721088	193.72755983908263	0.29273337
11.888616780045352	193.72755983908263	0.25431433
11.900226757369614	193.72755983908263	0.20998386
11.911836734693878	195.97856565547	0.25369677
11.92344671201814	195.97856565547	0.32438177
11.935056689342403	195.97856565547	0.36879474
11.946666666666667	195.97856565547	0.37999022
11.95827664399093	195.97856565547	0.34957585
11.969886621315192	195.97856565547	0.31276953
11.981496598639456	195.97856565547	0.28781074
11.993106575963719	195.97856565547	0.27043265
12.004716553287983	195.97856565547	0.26076883
12.016326530612245	195.97856565547	0.25974673
12.027936507936507	195.97856565547	0.2754628
12.039546485260772	195.97856565547	0.26669204
12.051156462585034	195.97856565547	0.2504437
12.062766439909296	195.97856565547	0.2530629
12.07437641723356	195.97856565547	0.27769306
12.085986394557823	195.97856565547	0.30970353
12.097596371882085	195.97856565547	0.33673462
12.10920634920635	195.97856565547	0.34510177
12.120816326530612	195.97856565547	0.3129925
12.132426303854876	195.97856565547	0.25747135
12.144036281179138	195.97856565547	0.20397942
12.1556462585034	195.97856565547	0.16487876
12.167256235827665	195.97856565547	0.13970363
12.178866213151927	195.97856565547	0.11906617
12.19047619047619	195.97856565547	0.09710455
12.202086167800454	195.97856565547	0.078519225
12.213696145124716	195.97856565547	0.070938386
12.225306122448979	195.97856565547	0.08048844
12.236916099773243	195.97856565547	0.100143254
12.248526077097505	195.97856565547	0.09113637
12.26013605442177	195.97856565547	0.08077207
12.271746031746032	195.97856565547	0.09522553
12.283356009070294	195.97856565547	0.0914078
12.294965986394558	193.72755983908263	0.08369152
12.30657596371882	193.72755983908263	0.0795136
12.318185941043083	191.50240902968778	0.058899235
12.329795918367347	187.1284879625318	0.037716303
12.34140589569161	182.85446739061575	0.060135465
12.353015873015874	182.85446739061575	0.089422606
12.364625850340136	180.75420469978513	0.12699172
12.376235827664399	182.85446739061575	0.19364181
12.387845804988663	182.85446739061575	0.20031907
12.399455782312925	187.1284879625318	0.23557365
12.411065759637188	189.30281625720144	0.35940918
12.422675736961452	189.30281625720144	0.48345947
12.434285714285714	191.50240902968778	0.55016214
12.445895691609977	193.72755983908263	0.5115663
12.45750566893424	193.72755983908263	0.6197816
12.469115646258503	193.72755983908263	0.6534834
12.480725623582767	195.97856565547	0.65104866
12.49233560090703	195.97856565547	0.63204396
12.503945578231292	195.97856565547	0.56942844
12.515555555555556	195.97856565547	0.4395099
12.527165532879819	195.97856565547	0.37838942
12.538775510204081	195.97856565547	0.3394361
12.550385487528345	195.97856565547	0.24165548
12.561995464852608	195.97856565547	0.12671876
12.57360544217687	195.97856565547	0.07509797
12.585215419501134	286.92941468811415	0.07696402
12.596825396825396	283.63374927085107	0.07716022
12.60843537414966	200.55934748278378	0.05467161
12.620045351473923	200.55934748278378	0.10477603
12.631655328798185	200.55934748278378	0.19155288
12.64326530612245	200.55934748278378	0.17479488
12.654875283446712	793.0229075982402	0.13757549
12.666485260770974	793.0229075982402	0.21913747
12.678095238095239	793.0229075982402	0.34828335
12.689705215419501	793.0229075982402	0.4512946
12.701315192743763	802.2373899311349	0.5229621
12.712925170068027	802.2373899311349	0.45623705
12.72453514739229	802.2373899311349	0.3325475
12.736145124716554	802.2373899311349	0.19688359
12.747755102040816	293.63607183773195	0.71092397
12.759365079365079	297.0479586449415	0.8921006
12.770975056689343	297.0479586449415	0.945535
12.782585034013605	297.0479586449415	0.93909615
12.794195011337868	300.4994896672244	0.9494662
12.805804988662132	300.4994896672244	0.93716615
12.817414965986394	303.9911255481709	0.9417183
12.829024943310658	303.9911255481709	0.9109798
12.84063492063492	303.9911255481709	0.8809869
12.852244897959183	300.4994896672244	0.6239393
12.863854875283447	300.4994896672244	0.3985431
12.87546485260771	300.4994896672244	0.5186871
12.887074829931972	303.9911255481709	0.63866657
12.898684807256236	303.9911255481709	0.5744223
12.910294784580499	303.9911255481709	0.302836
12.921904761904761	303.9911255481709	0.11829026
12.933514739229025	460.764385065505	0.054655224
12.945124716553288	460.764385065505	0.038515374
12.956734693877552	493.83504039506204	0.060141902
12.968344671201814	499.5731271659299	0.083511695
12.979954648526077	505.3778872934793	0.06706962
12.99156462585034	460.764385065505	0.054739594
13.003174603174603	455.4720547165321	0.097142875
13.014784580498866	460.764385065505	0.067999765
13.02639455782313	401.11869496556756	0.031579807
13.038004535147392	396.5114537991202	0.056811012
13.049614512471654	396.5114537991202	0.07759673
13.061224489795919	396.5114537991202	0.08300573
13.072834467120181	396.5114537991202	0.05171522
13.084444444444445	698.3882117017622	0.17565912
13.096054421768708	690.3665389163785	0.2646021
13.10766439909297	690.3665389163785	0.24319007
13.119274376417234	341.2185014506716	0.22730231
13.130884353741497	341.2185014506716	0.28503156
13.142494331065759	341.2185014506716	0.35469285
13.154104308390023	345.18326945818916	0.27854908
13.165714285714285	365.7089347812315	0.51934326
13.177324263038548	374.2569759250636	0.79317135
13.188934240362812	383.00481805937557	0.4788727
13.200544217687074	396.5114537991202	0.39810872
13.212154195011339	401.11869496556756	0.54823166
13.223764172335601	401.11869496556756	0.5160399
13.235374149659863	198.2557268995601	0.56081825
13.246984126984128	198.2557268995601	0.66858464
13.25859410430839	198.2557268995601	0.72936946
13.270204081632652	198.2557268995601	0.7556236
13.281814058956916	198.2557268995601	0.75392115
13.293424036281179	198.2557268995601	0.74626744
13.305034013605443	198.2557268995601	0.7627143
13.316643990929705	195.97856565547	0.80337846
13.328253968253968	195.97856565547	0.8209453
13.339863945578232	195.97856565547	0.79993075
13.351473922902494	195.97856565547	0.73987484
13.363083900226757	195.97856565547	0.53083533
13.374693877551021	193.72755983908263	0.2440148
13.386303854875283	345.18326945818916	0.419707
13.397913832199546	341.2185014506716	0.7899282
13.40952380952381	337.2992726877939	0.82499075
13.421133786848072	337.2992726877939	0.8665941
13.432743764172336	341.2185014506716	0.8855581
13.444353741496599	341.2185014506716	0.88085294
13.455963718820861	345.18326945818916	0.88251066
13.467573696145125	349.194105850881	0.84607095
13.479183673469388	349.194105850881	0.8596055
13.49079365079365	349.194105850881	0.8353175
13.502403628117914	349.194105850881	0.81661904
13.514013605442177	345.18326945818916	0.88494146
13.525623582766439	345.18326945818916	0.8547358
13.537233560090703	345.18326945818916	0.7321227
13.548843537414966	345.18326945818916	0.5528592
13.56045351473923	345.18326945818916	0.36310542
13.572063492063492	345.18326945818916	0.17593317
13.583673469387755	345.18326945818916	0.09428613
13.595283446712019	195.97856565547	0.08442163
13.606893424036281	195.97856565547	0.12551393
13.618503401360543	195.97856565547	0.13574524
13.630113378684808	195.97856565547	0.13918993
13.64172335600907	195.97856565547	0.13866247
13.653333333333334	195.97856565547	0.08980314
13.664943310657597	283.63374927085107	0.20406131
13.676553287981859	286.92941468811415	0.39850435
13.688163265306123	286.92941468811415	0.4782765
13.699773242630386	290.2633738929482	0.4919977
13.711383219954648	297.0479586449415	0.6027489
13.722993197278912	300.4994896672244	0.62134016
13.734603174603174	307.52333228379206	0.41095334
13.746213151927437	311.0965812847119	0.24771678
13.757823129251701	311.0965812847119	0.06794463
13.769433106575963	286.92941468811415	0.092085786
13.781043083900228	290.2633738929482	0.16265632
13.79265306122449	293.63607183773195	0.19476503
13.804263038548752	195.97856565547	0.2398269
13.815873015873017	195.97856565547	0.4218849
13.827482993197279	195.97856565547	0.56050473
13.839092970521541	195.97856565547	0.66489524
13.850702947845805	195.97856565547	0.6864346
13.862312925170068	195.97856565547	0.6609736
13.87392290249433	195.97856565547	0.59049493
13.885532879818594	195.97856565547	0.51339495
13.897142857142857	195.97856565547	0.43859875
13.908752834467121	195.97856565547	0.2835194
13.920362811791383	369.95826791680173	0.49237347
13.931972789115646	374.2569759250636	0.82790136
13.94358276643991	378.6056325144029	0.87240964
13.955192743764172	383.00481805937557	0.76148957
13.966802721088435	383.00481805937557	0.5665924
13.978412698412699	387.45511967816526	0.4102695
13.990022675736961	387.45511967816526	0.3310358
14.001632653061224	195.97856565547	0.48407382
14.013242630385488	195.97856565547	0.5788759
14.02485260770975	195.97856565547	0.60138655
14.036462585034014	195.97856565547	0.509086
14.048072562358277	195.97856565547	0.40527958
14.05968253968254	387.45511967816526	0.4872098
14.071292517006803	387.45511967816526	0.5044786
14.082902494331066	387.45511967816526	0.27033398
14.094512471655328	193.72755983908263	0.28069237
14.106122448979592	193.72755983908263	0.2568225
14.117732426303855	193.72755983908263	0.19797231
14.129342403628119	193.72755983908263	0.13744819
14.140952380952381	195.97856565547	0.10168897
14.152562358276644	195.97856565547	0.090908125
14.164172335600908	195.97856565547	0.13750358
14.17578231292517	195.97856565547	0.25135946
14.187392290249432	195.97856565547	0.22103624
14.199002267573697	195.97856565547	0.09339984
14.210612244897959	341.2185014506716	0.2249745
14.222222222222221	341.2185014506716	0.41949266
14.233832199546486	341.2185014506716	0.535554
14.245442176870748	341.2185014506716	0.6512763
14.257052154195012	345.18326945818916	0.77390283
14.268662131519275	349.194105850881	0.7201291
14.280272108843537	353.2515459175985	0.68716866
14.291882086167801	353.2515459175985	0.6415018
14.303492063492063	353.2515459175985	0.5853888
14.315102040816326	349.194105850881	0.37741828
14.32671201814059	345.18326945818916	0.26727435
14.338321995464852	195.97856565547	0.19367822
14.349931972789115	195.97856565547	0.31620762
14.361541950113379	195.97856565547	0.46030897
14.373151927437641	195.97856565547	0.6001584
14.384761904761906	195.97856565547	0.65863204
14.396371882086168	195.97856565547	0.6711506
14.40798185941043	195.97856565547	0.65788597
14.419591836734694	195.97856565547	0.6028681
14.431201814058957	195.97856565547	0.5097359
14.44281179138322	195.97856565547	0.40512365
14.454421768707483	195.97856565547	0.24513695
14.466031746031746	195.97856565547	0.06904562
14.477641723356008	325.80962120906815	0.2893597
14.489251700680272	307.52333228379206	0.41560468
14.500861678004535	297.0479586449415	0.7244741
14.512471655328799	290.2633738929482	0.8562367
14.524081632653061	290.2633738929482	0.853774
14.535691609977324	290.2633738929482	0.83147687
14.547301587301588	290.2633738929482	0.86134845
14.55891156462585	290.2633738929482	0.85574514
14.570521541950113	293.63607183773195	0.8744026
14.582131519274377	293.63607183773195	0.9208992
14.59374149659864	293.63607183773195	0.92727345
14.605351473922903	297.0479586449415	0.9234873
14.616961451247166	297.0479586449415	0.89906365
14.628571428571428	297.0479586449415	0.88701385
14.640181405895692	293.63607183773195	0.91358036
14.651791383219955	293.63607183773195	0.9119315
14.663401360544217	290.2633738929482	0.94435614
14.675011337868481	286.92941468811415	0.9426816
14.686621315192744	283.63374927085107	0.9095239
14.698231292517006	277.15554548439167	0.8050125
14.70984126984127	270.82530407690433	0.81926423
14.721451247165533	264.63964558298295	0.8235517
14.733061224489797	261.6	0.8082179
14.744671201814059	261.6	0.8605751
14.756281179138321	261.6	0.8562013
14.767891156462586	258.59526772431764	0.81070054
14.779501133786848	258.59526772431764	0.8002123
14.79111111111111	258.59526772431764	0.82223046
14.802721088435375	261.6	0.8716479
14.814331065759637	261.6	0.8874507
14.8259410430839	264.63964558298295	0.8541981
14.837551020408164	264.63964558298295	0.8643748
14.849160997732426	264.63964558298295	0.8202453
14.86077097505669	264.63964558298295	0.6738581
14.872380952380952	264.63964558298295	0.42827198
14.883990929705215	261.6	0.28942874
14.895600907029479	261.6	0.31186366
14.907210884353741	261.6	0.3234103
14.918820861678004	261.6	0.23908906
14.930430839002268	261.6	0.12542114
14.94204081632653	682.4370029013435	0.08837456
14.953650793650795	682.4370029013435	0.08753666
14.965260770975057	682.4370029013435	0.08931259
14.97687074829932	682.4370029013435	0.09321921
14.988480725623583	682.4370029013435	0.10782175
15.000090702947846	682.4370029013435	0.14298852
15.011700680272108	682.4370029013435	0.10665556
15.023310657596372	227.73602735826606	0.38124204
15.034920634920635	225.12025598311675	0.67591345
15.046530612244897	222.53452930474387	0.64077455
15.058140589569161	217.4518336309533	0.6853654
15.069750566893424	214.95418629564278	0.77781016
15.081360544217688	217.4518336309533	0.65482545
15.09297052154195	219.97850223037173	0.4131651
15.104580498866213	230.3821925327525	0.5362625
15.116190476190477	235.76712101899324	0.6490824
15.12780045351474	238.50660300682955	0.7275423
15.139410430839002	241.27791624208172	0.71215457
15.151020408163266	241.27791624208172	0.6709611
15.162630385487528	244.08143058602883	0.65729535
15.17424036281179	246.91752019753102	0.6892469
15.185850340136055	249.78656358296496	0.5938473
15.197460317460317	249.78656358296496	0.6006697
15.209070294784581	249.78656358296496	0.6477053
15.220680272108844	249.78656358296496	0.6498512
15.232290249433106	249.78656358296496	0.5851526
15.24390022675737	252.68894364673966	0.61406785
15.255510204081633	255.62504774239878	0.5959324
15.267120181405895	258.59526772431764	0.57488036
15.27873015873016	258.59526772431764	0.52046174
15.290340136054422	261.6	0.38115615
15.301950113378684	258.59526772431764	0.40340272
15.313560090702948	258.59526772431764	0.51652753
15.32517006802721	258.59526772431764	0.562833
15.336780045351475	258.59526772431764	0.59404624
15.348390022675737	258.59526772431764	0.63574076
15.36	258.59526772431764	0.64851445
15.371609977324264	258.59526772431764	0.6628535
15.383219954648526	255.62504774239878	0.726656
15.394829931972788	255.62504774239878	0.8683763
15.406439909297053	255.62504774239878	0.92579734
15.418049886621315	252.68894364673966	0.9485548
15.429659863945579	252.68894364673966	0.96200395
15.441269841269841	252.68894364673966	0.9440844
15.452879818594104	249.78656358296496	0.94579303
15.464489795918368	249.78656358296496	0.9334168
15.47609977324263	252.68894364673966	0.8936165
15.487709750566893	252.68894364673966	0.89097905
15.499319727891157	252.68894364673966	0.8824214
15.51092970521542	252.68894364673966	0.8645587
15.522539682539682	255.62504774239878	0.8448867
15.534149659863946	255.62504774239878	0.84549844
15.545759637188208	255.62504774239878	0.78359824
15.557369614512472	258.59526772431764	0.7820373
15.568979591836735	258.59526772431764	0.691823
15.580589569160997	261.6	0.5238515
15.592199546485261	261.6	0.4340088
15.603809523809524	258.59526772431764	0.4737384
15.615419501133786	261.6	0.5394577
15.62702947845805	261.6	0.61153114
15.638639455782313	261.6	0.64410925
15.650249433106575	261.6	0.6865231
15.66185941043084	261.6	0.7267619
15.673469387755102	261.6	0.7279363
15.685079365079366	264.63964558298295	0.7115317
15.696689342403628	264.63964558298295	0.75836474
15.70829931972789	267.7146101463563	0.67512065
15.719909297052155	267.7146101463563	0.7450888
15.731519274376417	267.7146101463563	0.76822215
15.74312925170068	267.7146101463563	0.7098072
15.754739229024944	270.82530407690433	0.61575496
15.766349206349206	270.82530407690433	0.4808238
15.777959183673469	267.7146101463563	0.50692815
15.789569160997733	267.7146101463563	0.53345776
15.801179138321995	267.7146101463563	0.492915
15.81278911564626	267.7146101463563	0.4596028
15.824399092970522	267.7146101463563	0.4448552
15.836009070294784	267.7146101463563	0.33059192
15.847619047619048	811.5589393914103	0.2603752
15.85922902494331	811.5589393914103	0.30369005
15.870839002267573	811.5589393914103	0.27712774
15.882448979591837	270.82530407690433	0.27982968
15.8940589569161	270.82530407690433	0.3127072
15.905668934240364	270.82530407690433	0.37170127
15.917278911564626	267.7146101463563	0.4248592
15.928888888888888	267.7146101463563	0.55014986
15.940498866213153	267.7146101463563	0.61979717
15.952108843537415	267.7146101463563	0.5906213
15.963718820861677	267.7146101463563	0.53464895
15.975328798185942	267.7146101463563	0.49673215
15.986938775510204	264.63964558298295	0.55157965
15.998548752834466	264.63964558298295	0.59175116
16.01015873015873	264.63964558298295	0.6923982
16.021768707482995	267.7146101463563	0.749411
16.033378684807257	267.7146101463563	0.8206082
16.04498866213152	273.972142529876	0.772622
16.056598639455782	280.3759377994943	0.7022278
16.068208616780044	290.2633738929482	0.78766555
16.07981859410431	293.63607183773195	0.89072645
16.091428571428573	293.63607183773195	0.85205454
16.103038548752835	293.63607183773195	0.8386653
16.114648526077097	293.63607183773195	0.88281614
16.12625850340136	290.2633738929482	0.8509989
16.137868480725622	286.92941468811415	0.7757913
16.149478458049888	283.63374927085107	0.6354138
16.16108843537415	283.63374927085107	0.58378184
16.172698412698413	283.63374927085107	0.62705714
16.184308390022675	286.92941468811415	0.67413735
16.195918367346938	290.2633738929482	0.7963433
16.207528344671204	297.0479586449415	0.8712175
16.219138321995466	300.4994896672244	0.848651
16.23074829931973	303.9911255481709	0.6961272
16.24235827664399	300.4994896672244	0.8134186
16.253968253968253	297.0479586449415	0.8214058
16.265578231292515	293.63607183773195	0.7845079
16.27718820861678	290.2633738929482	0.61249
16.288798185941044	706.5030918351972	0.46124482
16.300408163265306	706.5030918351972	0.5969335
16.31201814058957	706.5030918351972	0.5462978
16.32362811791383	706.5030918351972	0.48813877
16.335238095238097	706.5030918351972	0.36195064
16.34684807256236	714.7122623338998	0.1561482
16.35845804988662	353.2515459175985	0.11372552
16.370068027210884	353.2515459175985	0.11907937
16.381678004535146	349.194105850881	0.08179302
16.39328798185941	349.194105850881	0.056564264
16.404897959183675	651.6192424181361	0.029893123
16.416507936507937	636.7362383524531	0.028917842
16.4281179138322	622.1931625694237	0.043053005
16.439727891156462	636.7362383524531	0.074610345
16.451337868480724	644.1347570620602	0.15540019
16.46294784580499	651.6192424181361	0.164037
16.474557823129253	674.5985453755877	0.22945483
16.486167800453515	674.5985453755877	0.25381133
16.497777777777777	682.4370029013435	0.27388626
16.50938775510204	690.3665389163785	0.31119508
16.520997732426302	698.3882117017622	0.34653932
16.532607709750568	698.3882117017622	0.36691153
16.54421768707483	698.3882117017622	0.35020524
16.555827664399093	698.3882117017622	0.30707797
16.567437641723355	698.3882117017622	0.2646265
16.579047619047618	698.3882117017622	0.22854552
16.590657596371884	698.3882117017622	0.18671745
16.602267573696146	690.3665389163785	0.17644459
16.61387755102041	690.3665389163785	0.17586711
16.62548752834467	690.3665389163785	0.17494313
16.637097505668933	690.3665389163785	0.19916235
16.648707482993196	690.3665389163785	0.24515057
16.66031746031746	698.3882117017622	0.26130483
16.671927437641724	698.3882117017622	0.28730413
16.683537414965986	698.3882117017622	0.29493535
16.69514739229025	698.3882117017622	0.29429632
16.70675736961451	706.5030918351972	0.28628084
16.718367346938777	706.5030918351972	0.26953217
16.72997732426304	706.5030918351972	0.23689285
16.741587301587302	698.3882117017622	0.22666588
16.753197278911564	698.3882117017622	0.23131697
16.764807256235827	698.3882117017622	0.2505305
16.77641723356009	698.3882117017622	0.28780442
16.788027210884355	698.3882117017622	0.32665676
16.799637188208617	698.3882117017622	0.32621306
16.81124716553288	698.3882117017622	0.35506055
16.822857142857142	698.3882117017622	0.40919024
16.834467120181404	698.3882117017622	0.47408447
16.84607709750567	698.3882117017622	0.5453979
16.857687074829933	698.3882117017622	0.61692995
16.869297052154195	698.3882117017622	0.6614252
16.880907029478458	698.3882117017622	0.6386727
16.89251700680272	698.3882117017622	0.5361975
16.904126984126986	698.3882117017622	0.42148006
16.91573696145125	698.3882117017622	0.35422128
16.92734693877551	698.3882117017622	0.21157174
16.938956916099773	193.72755983908263	0.09908093
16.950566893424035	191.50240902968778	0.10731426
16.962176870748298	189.30281625720144	0.14403577
16.973786848072564	189.30281625720144	0.13816984
16.985396825396826	698.3882117017622	0.15637752
16.99700680272109	698.3882117017622	0.22983716
17.00861678004535	698.3882117017622	0.2831304
17.020226757369613	698.3882117017622	0.30002993
17.03183673469388	698.3882117017622	0.3304592
17.04344671201814	698.3882117017622	0.39612302
17.055056689342404	698.3882117017622	0.4684161
17.066666666666666	698.3882117017622	0.5267131
17.07827664399093	698.3882117017622	0.5958537
17.08988662131519	698.3882117017622	0.6571524
17.101496598639457	698.3882117017622	0.687755
17.11310657596372	698.3882117017622	0.7076947
17.124716553287982	698.3882117017622	0.7347249
17.136326530612244	698.3882117017622	0.7626312
17.147936507936507	698.3882117017622	0.78089184
17.159546485260773	698.3882117017622	0.7874113
17.171156462585035	698.3882117017622	0.779226
17.182766439909297	698.3882117017622	0.7493954
17.19437641723356	698.3882117017622	0.6964405
17.205986394557822	706.5030918351972	0.63283294
17.217596371882085	706.5030918351972	0.56604284
17.22920634920635	706.5030918351972	0.47422448
17.240816326530613	706.5030918351972	0.42961156
17.252426303854875	706.5030918351972	0.3489141
17.264036281179138	706.5030918351972	0.22183892
17.2756462585034	706.5030918351972	0.13166726
17.287256235827666	706.5030918351972	0.08721352
17.29886621315193	706.5030918351972	0.05813235
17.31047619047619	145.1316869464741	0.044688627
17.322086167800453	145.1316869464741	0.05799619
17.333696145124716	145.1316869464741	0.055272043
17.345306122448978	145.1316869464741	0.052530885
17.356916099773244	145.1316869464741	0.04833682
17.368526077097506	143.46470734405708	0.03710096
17.38013605442177	189.30281625720144	0.0372736
17.39174603174603	189.30281625720144	0.04103112
17.403356009070293	187.1284879625318	0.018578742
17.41496598639456	172.59163472909458	0.014866763
17.426575963718822	174.5970529254405	0.010782467
17.438185941043084	151.99556277408544	0.012171902
17.449795918367347	151.99556277408544	0.012347574
17.46140589569161	73.409017959433	0.01959223
17.47301587301587	73.409017959433	0.04302276
17.484625850340137	74.26198966123539	0.073934115
17.4962358276644	74.26198966123539	0.09122524
17.507845804988662	74.26198966123539	0.07263131
17.519455782312924	73.409017959433	0.059427157
17.531065759637187	72.56584347323705	0.061579928
17.542675736961453	72.56584347323705	0.061743613
17.554285714285715	72.56584347323705	0.048392184
17.565895691609978	71.73235367202854	0.042446215
17.57750566893424	71.73235367202854	0.027138509
17.589115646258502	71.73235367202854	0.012758485
17.600725623582765	66.92865253658908	0.0071515557
17.61233560090703	66.92865253658908	0.0061288024
17.623945578231293	66.15991139574574	0.0060261576
17.635555555555555	66.15991139574574	0.007181344
17.647165532879818	66.15991139574574	0.00866705
17.65877551020408	65.4	0.010507577
17.670385487528346	65.4	0.011273688
17.68199546485261	65.4	0.011161268
17.69360544217687	65.4	0.01035737
17.705215419501133	65.4	0.00908897
17.716825396825396	65.4	0.007778045
17.728435374149658	65.4	0.0066742585
17.740045351473924	62.446640895741254	0.0064694695
17.751655328798186	62.446640895741254	0.0061895894
17.76326530612245	62.446640895741254	0.005588083
17.77487528344671	62.446640895741254	0.0047614756
17.786485260770974	62.446640895741254	0.0038441776
17.79809523809524	62.446640895741254	0.0030738104
17.809705215419502	63.1722359116849	0.002552609
17.821315192743764	62.446640895741254	0.0024818387
17.832925170068027	70.09398444987357	0.0027452332
17.84453514739229	70.09398444987357	0.003044768
17.856145124716555	70.09398444987357	0.0032559282
17.867755102040817	70.09398444987357	0.0030758304
17.87936507936508	69.28888637109792	0.002324331
17.890975056689342	69.28888637109792	0.0014745374
17.902585034013605	64.64881693107941	0.0009831421
17.914195011337867	64.64881693107941	0.00089465914
17.925804988662133	64.64881693107941	0.0007556983
17.937414965986395	32.7	0.0008515432
17.949024943310658	32.7	0.0011665124
17.96063492063492	32.7	0.0014699817
17.972244897959182	32.7	0.0016641904
17.98385487528345	32.7	0.0018195861
17.99546485260771	32.7	0.001967682
18.007074829931973	32.7	0.0021213375
18.018684807256236	32.7	0.0022661833
18.030294784580498	32.7	0.002371357
18.04190476190476	32.7	0.0024189868
18.053514739229026	32.7	0.0024123073
18.06512471655329	32.7	0.0022859266
18.07673469387755	32.7	0.0021373294
18.088344671201813	32.7	0.0020161518
18.099954648526076	32.7	0.0019451012
18.11156462585034	32.7	0.0019145673
18.123174603174604	32.7	0.0019180822
18.134784580498867	32.7	0.0019397266
18.14639455782313	32.7	0.0019625253
18.15800453514739	32.7	0.0019740176
18.169614512471654	32.7	0.0019750842
18.18122448979592	32.7	0.0019706667
18.192834467120182	32.7	0.0019662208
18.204444444444444	32.7	0.0019631558
18.216054421768707	32.7	0.0019570151
18.22766439909297	32.7	0.0019418419
18.239274376417235	32.7	0.0019123673
18.250884353741498	32.7	0.0018732572
18.26249433106576	32.7	0.0018328732
18.274104308390022	32.7	0.0017986652
18.285714285714285	32.7	0.0017697882
18.297324263038547	32.7	0.001743934
18.308934240362813	32.7	0.0017174303
18.320544217687075	32.7	0.0016920682
18.332154195011338	32.7	0.0016660437
18.3437641723356	32.7	0.0016354222
18.355374149659863	32.7	0.0016018067
18.36698412698413	32.7	0.001564721
18.37859410430839	32.7	0.0015242572
18.390204081632653	32.7	0.001483519
18.401814058956916	32.7	0.0014452422
18.413424036281178	32.7	0.0014122408
18.42503401360544	32.7	0.0013842685
18.436643990929706	32.7	0.0013605335
18.44825396825397	32.7	0.0013406875
18.45986394557823	32.7	0.0013246357
18.471473922902494	32.7	0.001312137
18.483083900226756	32.7	0.0013027876
18.494693877551022	32.7	0.0012959352
18.506303854875284	32.7	0.0012905115
18.517913832199547	32.7	0.0012858411
18.52952380952381	32.7	0.0012815228
18.54113378684807	32.7	0.0012775662
18.552743764172334	32.7	0.0012737918
18.5643537414966	32.7	0.0012700519
18.575963718820862	32.7	0.0012665512
18.587573696145125	32.7	0.0012629788
18.599183673469387	32.7	0.00125917
18.61079365079365	32.7	0.0012551927
18.622403628117915	32.7	0.0012511577
18.634013605442178	32.7	0.001247094
18.64562358276644	32.7	0.001243143
18.657233560090702	32.7	0.0012395881
18.668843537414965	32.7	0.0012365775
18.68045351473923	32.7	0.0012340465
18.692063492063493	32.7	0.0012320194
18.703673469387756	32.7	0.0012302593
18.715283446712018	32.7	0.001228542
18.72689342403628	32.7	0.0012266396
18.738503401360543	32.7	0.0012245348
18.75011337868481	32.7	0.0012221867
18.76172335600907	32.7	0.0012197718
18.773333333333333	32.7	0.0012175043
18.784943310657596	32.7	0.0012156212
18.796553287981858	32.7	0.0012140978
18.808163265306124	32.7	0.001212824
18.819773242630387	32.7	0.0012114472
18.83138321995465	32.7	0.0012099446
18.84299319727891	32.7	0.0012083616
18.854603174603174	32.7	0.0012069604
18.866213151927436	32.7	0.0012056959
18.877823129251702	32.7	0.0012046288
18.889433106575964	32.7	0.0012036769
18.901043083900227	32.7	0.001202595
18.91265306122449	32.7	0.001201132
18.92426303854875	32.7	0.001199264
18.935873015873018	32.7	0.0011970168
18.94748299319728	32.7	0.0011944171
18.959092970521542	32.7	0.0011914734
18.970702947845805	32.7	0.0011881357
18.982312925170067	32.7	0.0011843088
18.99392290249433	32.7	0.001179847
19.005532879818595	32.7	0.0011748369
19.017142857142858	32.7	0.0011695392
19.02875283446712	32.7	0.0011644524
19.040362811791383	32.7	0.0011598344
19.051972789115645	32.7	0.0011556052
19.06358276643991	32.7	0.0011514856
19.075192743764173	32.7	0.0011474267
19.086802721088436	32.7	0.0011436053
19.098412698412698	32.7	0.0011397353
19.11002267573696	32.7	0.0011356198
19.121632653061223	32.7	0.0011311328
19.13324263038549	32.7	0.0011264157
19.14485260770975	32.7	0.00112184
19.156462585034014	32.7	0.0011174409
19.168072562358276	32.7	0.001113261
19.17968253968254	32.7	0.0011094259
19.191292517006804	32.7	0.0011058563
19.202902494331067	32.7	0.001102378
19.21451247165533	32.7	0.0010988227
19.22612244897959	32.7	0.0010950685
19.237732426303854	32.7	0.0010910996
19.249342403628116	32.7	0.0010867992
19.260952380952382	32.7	0.001082293
19.272562358276645	32.7	0.0010776833
19.284172335600907	32.7	0.001073137
19.29578231292517	32.7	0.0010687959
19.30739229024943	32.7	0.0010646563
19.319002267573698	32.7	0.0010607258
19.33061224489796	32.7	0.0010570055
19.342222222222222	32.7	0.0010535171
19.353832199546485	32.7	0.0010504513
19.365442176870747	32.7	0.001047933
19.37705215419501	32.7	0.0010462581
19.388662131519276	32.7	0.0010455183
19.400272108843538	32.7	0.0010457354
19.4118820861678	32.7	0.0010466968
19.423492063492063	32.7	0.0010480409
19.435102040816325	32.7	0.001049455
19.44671201814059	32.7	0.0010509769
19.458321995464853	32.7	0.001052741
19.469931972789116	32.7	0.0010549477
19.481541950113378	32.7	0.0010575872
19.49315192743764	32.7	0.0010607152
19.504761904761907	32.7	0.0010644312
19.51637188208617	32.7	0.0010687262
19.52798185941043	32.7	0.0010735585
19.539591836734694	32.7	0.0010789288
19.551201814058956	32.7	0.0010848324
19.56281179138322	32.7	0.0010910544
19.574421768707484	32.7	0.001097426
19.586031746031747	32.7	0.0011037576
19.59764172335601	32.7	0.0011098086
19.60925170068027	32.7	0.0011154121
19.620861678004534	32.7	0.0011204856
19.6324716553288	32.7	0.0011251325
19.644081632653062	32.7	0.0011294532
19.655691609977325	32.7	0.0011335906
19.667301587301587	32.7	0.0011378115
19.67891156462585	32.7	0.0011421334
19.690521541950112	32.7	0.0011463953
19.702131519274378	32.7	0.0011503838
19.71374149659864	32.7	0.0011538276
19.725351473922903	32.7	0.0011564168
19.736961451247165	32.7	0.0011581288
19.748571428571427	32.7	0.0011591115
19.760181405895693	32.7	0.0011595854
19.771791383219956	32.7	0.0011592105
19.783401360544218	32.7	0.0011531981
19.79501133786848	32.7	0.001145365
19.806621315192743	32.7	0.001164646
19.818231292517005	32.7	0.0012284389
19.82984126984127	32.7	0.0015757589
19.841451247165534	32.7	0.001827676
