0.412154195,1163
0.417959184,1180.82
0.423764172,1179.87
0.429569161,1180.9
0.435374150,1181.74
0.441179138,1183.69
0.446984127,1187.42
0.452789116,1193.15
0.458594104,1212.92
0.470204082,1323.28
0.476009070,1323.12
0.481814059,1322.76
0.487619048,1322.34
0.493424036,1321.52
0.499229025,1320.8
0.505034014,1319.21
0.510839002,1317.43
0.516643991,1316.45
0.522448980,1315.64
0.528253968,1313.38
0.534058957,1298.09
0.539863946,1236.31
0.545668934,1197.01
0.551473923,1185.76
0.557278912,1182.34
0.563083900,1180.69
0.568888889,1180.14
0.574693878,1179.7
0.580498866,1180.63
0.586303855,1182.56
0.592108844,1188.68
0.597913832,1196.2
0.603718821,1216.72
0.609523810,1277.53
0.615328798,1311.03
0.621133787,1317.21
0.626938776,1318.52
0.632743764,1318.94
0.638548753,1318.62
0.644353741,1316.24
0.650158730,1314.08
0.655963719,1314.03
0.661768707,1314.89
0.667573696,1316.68
0.673378685,1317.92
0.679183673,1318.23
0.684988662,1314.64
0.690793651,1284.99
0.696598639,1210.88
0.702403628,1192.44
0.708208617,1187.58
0.714013605,1185.18
0.719818594,1184.63
0.725623583,1184.1
0.731428571,1183.75
0.737233560,1184.82
0.743038549,1187.73
0.748843537,1191.81
0.754648526,1202.73
0.760453515,1246.47
0.766258503,1297.74
0.772063492,1314.01
0.777868481,1318
0.783673469,1317.02
0.789478458,1318.62
0.795283447,1316.87
0.801088435,1316.37
0.806893424,1316.67
0.812698413,1314.6
0.818503401,1315.59
0.824308390,1315.21
0.830113379,1312.71
0.835918367,1284.92
0.841723356,1219.91
0.847528345,1197.57
0.853333333,1189.25
0.859138322,1186.88
0.864943311,1185.78
0.870748299,1185.2
0.876553288,1184.92
0.882358277,1184.77
0.888163265,1184.69
0.893968254,1186.61
0.899773243,1190.12
0.905578231,1196.27
0.911383220,1220.22
0.917188209,1262.62
0.922993197,1307.96
0.928798186,1315.41
0.934603175,1318.36
0.940408163,1320.72
0.946213152,1320.77
0.952018141,1320.41
0.957823129,1319.65
0.963628118,1318.9
0.969433107,1318.78
0.975238095,1318.04
0.981043084,1316.82
0.986848073,1304.12
0.992653061,1236.69
0.998458050,1197.06
1.004263039,1188.94
1.010068027,1186.86
1.015873016,1185.84
1.021678005,1185.45
1.027482993,1185.12
1.033287982,1184.9
1.039092971,1185.47
1.044897959,1188.65
1.050702948,1192.18
1.056507937,1200.61
1.062312925,1250.26
1.068117914,1305.39
1.073922902,1317.07
1.079727891,1320.49
1.085532880,1320.26
1.091337868,1319.28
1.097142857,1318.69
1.102947846,1317.38
1.108752834,1317.56
1.114557823,1317.58
1.120362812,1317.09
1.126167800,1316.92
1.131972789,1315.52
1.137777778,1311.72
1.143582766,1288.03
1.149387755,1215.09
1.155192744,1192.76
1.160997732,1187.44
1.166802721,1185.64
1.172607710,1185.01
1.178412698,1184.77
1.184217687,1186.43
1.190022676,1189.27
1.195827664,1197.27
1.201632653,1253.07
1.207437642,1306.99
1.213242630,1315.1
1.219047619,1317.12
1.224852608,1319.03
1.230657596,1319.69
1.236462585,1319.83
1.242267574,1319.82
1.248072562,1319.24
1.253877551,1318.73
1.259682540,1318.02
1.265487528,1317.06
1.271292517,1316.78
1.277097506,1316.16
1.282902494,1314.99
1.288707483,1308.41
1.294512472,1253.79
1.300317460,1197.95
1.306122449,1188.41
1.311927438,1185.48
1.317732426,1183.82
1.323537415,1183.6
1.329342404,1183.47
1.335147392,1185.32
1.340952381,1187.54
1.346757370,1193.64
1.352562358,1242.08
1.358367347,1305.73
1.364172336,1315.23
1.369977324,1317.18
1.375782313,1318.21
1.381587302,1318.06
1.387392290,1317.73
1.393197279,1318.52
1.399002268,1318.02
1.404807256,1317.83
1.410612245,1318.03
1.416417234,1317.38
1.422222222,1317.31
1.428027211,1316.82
1.433832200,1309.33
1.439637188,1271.13
1.445442177,1198.02
1.451247166,1189.36
1.457052154,1186.39
1.462857143,1185.66
1.468662132,1185.34
1.474467120,1184.95
1.480272109,1185.21
1.486077098,1186.66
1.491882086,1189.04
1.503492063,1299.9
1.509297052,1310.32
1.515102041,1312.69
1.520907029,1314.76
1.526712018,1317.86
1.532517007,1317.5
1.538321995,1317.27
1.544126984,1316.72
1.549931973,1316.86
1.555736961,1317.47
1.561541950,1318.08
1.567346939,1318.44
1.573151927,1318.04
1.578956916,1316.87
1.584761905,1312.47
1.590566893,1297.04
1.602176871,1191.58
1.607981859,1186.88
1.613786848,1185.36
1.619591837,1184.97
1.625396825,1184.37
1.631201814,1183.92
1.637006803,1185.66
1.642811791,1189.04
1.654421769,1299.03
1.660226757,1312.01
1.666031746,1315.96
1.671836735,1317.63
1.677641723,1318.82
1.683446712,1319.01
1.689251701,1318.59
1.695056689,1318.39
1.700861678,1318.25
1.706666667,1318.23
1.712471655,1318.37
1.718276644,1318.33
1.724081633,1318.08
1.729886621,1317.93
1.735691610,1317.66
1.741496599,1316.66
1.747301587,1312.46
1.753106576,1298.02
1.764716553,1191.02
1.770521542,1185.52
1.776326531,1183.65
1.782131519,1182.84
1.787936508,1182.31
1.793741497,1183.74
1.799546485,1185.4
1.805351474,1190.66
1.811156463,1265.07
1.816961451,1303.96
1.822766440,1310.96
1.828571429,1314.37
1.834376417,1315.67
1.840181406,1316.84
1.845986395,1317.77
1.851791383,1317.68
1.857596372,1318.3
1.863401361,1318.4
1.869206349,1318.44
1.875011338,1318.73
1.880816327,1318.03
1.886621315,1317.14
1.892426304,1313.32
1.898231293,1304.64
1.909841270,1188.92
1.915646259,1184.88
1.921451247,1183.62
1.927256236,1183.31
1.933061224,1182.76
1.938866213,1182.72
1.944671202,1182.55
1.950476190,1182
1.956281179,1183.51
1.962086168,1185.15
1.973696145,1298.75
1.979501134,1310.97
1.985306122,1314.71
1.991111111,1315.48
1.996916100,1317.31
2.002721088,1317.62
2.008526077,1317.11
2.014331066,1316.26
2.020136054,1315.31
2.025941043,1314.27
2.031746032,1313.65
2.037551020,1314.05
2.043356009,1312.52
2.049160998,1306.66
2.054965986,1288.34
2.066575964,1186.97
2.072380952,1183.16
2.078185941,1181.85
2.083990930,1181.23
2.089795918,1180.68
2.095600907,1181.9
2.101405896,1183.89
2.113015873,1293.89
2.118820862,1308.21
2.124625850,1310.82
2.130430839,1311.3
2.136235828,1311.23
2.142040816,1311.12
2.147845805,1310.96
2.153650794,1310.43
2.159455782,1310.74
2.165260771,1310.8
2.171065760,1311.26
2.176870748,1311.31
2.182675737,1309.7
2.188480726,1306.32
2.194285714,1290.93
2.205895692,1184.34
2.211700680,1180.46
2.217505669,1178.78
2.223310658,1180.44
2.229115646,1182.59
2.234920635,1188.47
2.246530612,1304.44
2.252335601,1309.58
2.258140590,1310.74
2.263945578,1311.95
2.269750567,1312.01
2.275555556,1311.67
2.281360544,1312.34
2.287165533,1312.58
2.292970522,1312.6
2.298775510,1312.71
2.304580499,1312.42
2.310385488,1311.63
2.316190476,1310.01
2.321995465,1305.28
2.327800454,1293.43
2.339410431,1182.66
2.345215420,1178.48
2.351020408,1177.41
2.356825397,1177.96
2.362630385,1181.53
2.368435374,1186.48
2.374240363,1234.85
2.380045351,1299.18
2.385850340,1308.42
2.391655329,1309.33
2.397460317,1310.5
2.403265306,1311.27
2.409070295,1312.05
2.414875283,1312.67
2.420680272,1312.83
2.426485261,1312.24
2.432290249,1311.96
2.438095238,1311.44
2.443900227,1310.32
2.449705215,1303.8
2.461315193,1189.11
2.467120181,1183.03
2.472925170,1180.15
2.478730159,1179.13
2.484535147,1178.97
2.490340136,1180.74
2.496145125,1183.58
2.501950113,1191.35
2.507755102,1231.57
2.513560091,1293.2
2.519365079,1305.63
2.525170068,1307.45
2.530975057,1300.4
2.542585034,1193.62
2.548390023,1185.93
2.554195011,1182.07
2.560000000,1181.21
2.565804989,1180.1
2.571609977,1179.24
2.577414966,1179.24
2.583219955,1178.23
2.589024943,1177.45
2.594829932,1177.14
2.600634921,1175.45
2.606439909,1174.38
2.612244898,1174.67
2.618049887,1175.54
2.623854875,1176.52
2.629659864,1182.22
2.635464853,1185.51
2.641269841,1188.91
2.647074830,1194.72
2.652879819,1195
2.658684807,1196.56
2.664489796,1197.34
2.670294785,1189.52
2.676099773,1189.14
2.681904762,1188.05
2.687709751,1184.71
2.693514739,1184.72
2.699319728,1186.01
2.705124717,1183.95
2.710929705,1183.96
2.716734694,1181.44
2.722539683,1179.32
2.728344671,1180.88
2.734149660,1183.09
2.739954649,1184.14
2.745759637,1187.98
2.751564626,1189.47
2.757369615,1187.45
2.763174603,1184.72
2.768979592,1179.25
2.774784580,1177.44
2.780589569,1178.18
2.786394558,1178.74
2.792199546,1182.5
2.798004535,1184.05
2.803809524,1183.8
2.809614512,1184.3
2.815419501,1181.92
2.821224490,1181.55
2.827029478,1182.8
2.832834467,1184
2.838639456,1185.63
2.844444444,1186.3
2.850249433,1188.09
2.856054422,1187.5
2.861859410,1187.32
2.867664399,1190.4
2.873469388,1195.25
2.879274376,1196.59
2.885079365,1195.3
2.890884354,1191.83
2.896689342,1189.91
2.902494331,1190.68
2.908299320,1186.83
2.914104308,1184.19
2.919909297,1184.48
2.925714286,1184.53
2.931519274,1182.67
2.937324263,1181.6
2.943129252,1181.49
2.948934240,1181.27
2.954739229,1182.37
2.960544218,1184.28
2.966349206,1188.46
2.972154195,1200.77
2.977959184,1200.11
2.983764172,1199.55
2.989569161,1197.96
2.995374150,1194.7
3.001179138,1192.99
3.006984127,1191.28
3.012789116,1188.97
3.018594104,1186.87
3.024399093,1187.81
3.030204082,1190.89
3.036009070,1195.86
3.041814059,1197.63
3.047619048,1197.16
3.053424036,1193.74
3.059229025,1188.2
3.065034014,1187.59
3.070839002,1184.38
3.076643991,1184.82
3.082448980,1185.84
3.088253968,1187.08
3.094058957,1188.02
3.918367347,1169.07
3.924172336,1176.11
3.929977324,1182.93
3.935782313,1181.87
3.941587302,1182.73
3.947392290,1183
3.953197279,1183.79
3.959002268,1184.25
3.964807256,1184.54
3.970612245,1184.74
3.976417234,1184.72
3.982222222,1184.62
3.988027211,1184.44
3.993832200,1184.08
3.999637188,1183.63
4.005442177,1183.14
4.011247166,1182.73
4.017052154,1182.3
4.022857143,1181.62
4.028662132,1180.58
4.034467120,1178.87
4.040272109,1177.69
4.046077098,1178.31
4.051882086,1179.69
4.057687075,1182.02
4.063492063,1183.05
4.069297052,1183.79
4.075102041,1183.94
4.080907029,1183.85
4.086712018,1183.65
4.092517007,1183.62
4.098321995,1183.55
4.104126984,1183.42
4.109931973,1183.2
4.115736961,1183.02
4.121541950,1183.21
4.127346939,1183.31
4.133151927,1183.44
4.138956916,1183.18
4.144761905,1182.42
4.150566893,1181.28
4.156371882,1180.87
4.162176871,1181.87
4.167981859,1182.71
4.173786848,1181.96
4.179591837,1191.18
4.185396825,1197.28
4.191201814,1198.97
4.197006803,1198.58
4.202811791,1197.65
4.208616780,1196.74
4.214421769,1195.07
4.220226757,1194.04
4.226031746,1193.42
4.231836735,1192.75
4.237641723,1191.92
4.243446712,1191.65
4.249251701,1190.8
4.255056689,1189.88
4.260861678,1188.7
4.266666667,1187.24
4.272471655,1186.06
4.278276644,1185.5
4.284081633,1185.64
4.289886621,1185.59
4.295691610,1185.99
4.301496599,1186.12
4.307301587,1186.35
4.313106576,1188.16
4.318911565,1189.4
4.324716553,1190.79
4.330521542,1191.81
4.336326531,1191.33
4.342131519,1190.93
4.347936508,1192.09
4.353741497,1192.65
4.359546485,1193.57
4.365351474,1193.24
4.371156463,1192.08
4.376961451,1191.26
4.382766440,1190.69
4.388571429,1191.23
4.394376417,1191.44
4.400181406,1191.97
4.405986395,1192.47
4.411791383,1192.2
4.417596372,1192.56
4.423401361,1192.58
4.429206349,1191.56
4.435011338,1192.49
4.440816327,1193.02
4.446621315,1192.19
4.452426304,1191.45
4.458231293,1192
4.464036281,1192.1
4.469841270,1191.99
4.475646259,1191.46
4.481451247,1190.94
4.487256236,1190.36
4.493061224,1190.24
4.498866213,1191.13
4.504671202,1191.35
4.510476190,1191.4
4.516281179,1192.3
4.522086168,1192.09
4.527891156,1191.83
4.533696145,1191.76
4.539501134,1191.25
4.545306122,1190.76
4.551111111,1190.05
4.556916100,1189.36
4.562721088,1188.76
4.568526077,1188.85
4.574331066,1189.19
4.580136054,1189.8
4.585941043,1190.46
4.591746032,1191.09
4.597551020,1190.86
4.603356009,1191.27
4.609160998,1191.28
4.614965986,1190.05
4.620770975,1188.82
4.626575964,1187.8
4.632380952,1188.57
4.638185941,1189.14
4.643990930,1189.89
4.649795918,1190.19
4.655600907,1189.12
4.661405896,1187.97
4.667210884,1188.11
4.673015873,1188.02
4.678820862,1188.34
4.684625850,1188.56
4.707845805,1168.88
4.713650794,1190.19
4.719455782,1191.21
4.725260771,1191.81
4.731065760,1192.19
4.736870748,1192.24
4.742675737,1192.81
4.748480726,1193.24
4.754285714,1193.4
4.760090703,1193.6
4.765895692,1193.88
4.771700680,1193.99
4.777505669,1193.63
4.783310658,1193.28
4.789115646,1192.57
4.794920635,1191.16
4.800725624,1190.75
4.806530612,1189.96
4.812335601,1188.95
4.818140590,1188.81
4.823945578,1188.04
4.829750567,1187.77
4.835555556,1187.74
4.841360544,1187.6
4.847165533,1187.97
4.852970522,1188.74
4.858775510,1191.12
4.864580499,1192.27
4.870385488,1192.24
4.876190476,1192.61
4.881995465,1192.87
4.887800454,1193.63
4.893605442,1193.75
4.899410431,1193.75
4.905215420,1193.3
4.911020408,1192.33
4.916825397,1192.43
4.922630385,1192.21
4.928435374,1192.17
4.934240363,1192.25
4.940045351,1192.31
4.945850340,1192.2
4.951655329,1191.46
4.957460317,1191.3
4.963265306,1191.46
4.969070295,1191.55
4.974875283,1192.09
4.980680272,1192.59
4.986485261,1193.17
4.992290249,1192.87
4.998095238,1192.23
5.003900227,1191.87
5.009705215,1191.42
5.015510204,1191.13
5.021315193,1191.48
5.027120181,1191.56
5.032925170,1191.49
5.038730159,1192.09
5.044535147,1192.11
5.050340136,1192.35
5.056145125,1192.43
5.061950113,1192.35
5.067755102,1193.52
5.073560091,1193.09
5.079365079,1192.06
5.085170068,1191.41
5.090975057,1190.38
5.096780045,1190.42
5.102585034,1190.66
5.108390023,1190.47
5.114195011,1190.67
5.120000000,1190.9
6.101043084,1181.87
6.106848073,1194.61
6.112653061,1195.39
6.118458050,1195.97
6.124263039,1196.19
6.130068027,1195.91
6.135873016,1195.47
6.141678005,1194.83
6.147482993,1194.12
6.153287982,1193.36
6.159092971,1192.31
6.164897959,1191.13
6.170702948,1189.66
6.176507937,1188.38
6.182312925,1187.31
6.188117914,1186.03
6.193922902,1184.6
6.199727891,1184.16
6.205532880,1183.37
6.211337868,1182.56
6.217142857,1182.08
6.222947846,1182
6.228752834,1183.88
6.234557823,1188.2
6.240362812,1190.42
6.246167800,1190.79
6.251972789,1189.81
6.257777778,1189.39
6.263582766,1189.64
6.269387755,1189.69
6.275192744,1190.3
6.280997732,1191.02
6.286802721,1190.99
6.292607710,1190.81
6.298412698,1190.61
6.304217687,1190.03
6.310022676,1189.66
6.315827664,1189.75
6.321632653,1190.55
6.327437642,1189.86
6.333242630,1189.32
6.339047619,1188.89
6.344852608,1188.81
6.350657596,1189.05
6.356462585,1189.92
6.362267574,1190.98
6.368072562,1192.5
6.373877551,1191.92
6.379682540,1193.22
6.385487528,1196.86
6.391292517,1198.41
6.397097506,1198.97
6.402902494,1198.84
6.408707483,1199.08
6.414512472,1198.83
6.420317460,1198.8
6.426122449,1198.73
6.431927438,1198.23
6.437732426,1197.55
6.443537415,1196.71
6.449342404,1196.01
6.455147392,1195.24
6.460952381,1194.27
6.466757370,1193.05
6.472562358,1192.09
6.478367347,1191.22
6.484172336,1190.53
6.489977324,1189.7
6.495782313,1188.18
6.501587302,1186.71
6.507392290,1186.26
6.513197279,1186.68
6.519002268,1189.17
6.524807256,1191.86
6.530612245,1195.41
6.536417234,1194.52
6.542222222,1194.47
6.548027211,1194.65
6.553832200,1195.19
6.559637188,1195.72
6.565442177,1195.48
6.571247166,1195.61
6.577052154,1195.51
6.582857143,1195.72
6.588662132,1195.69
6.594467120,1194.99
6.600272109,1194.43
6.606077098,1193.99
6.611882086,1194.11
6.617687075,1194.2
6.623492063,1195.19
6.629297052,1195.89
6.635102041,1194.58
6.640907029,1194.39
6.646712018,1194.69
6.652517007,1193.81
6.658321995,1195.16
6.664126984,1195.82
6.669931973,1196.3
6.675736961,1195.82
6.681541950,1195.43
6.687346939,1195.2
6.693151927,1195.05
6.698956916,1195.61
6.704761905,1195.53
6.710566893,1195.43
6.716371882,1195.19
6.722176871,1195.46
6.727981859,1195.42
6.733786848,1195.35
6.739591837,1195.57
6.745396825,1194.25
6.751201814,1193.69
6.757006803,1193.6
6.762811791,1194.06
6.768616780,1194.42
6.774421769,1194.81
6.780226757,1195.14
6.786031746,1195.27
6.791836735,1196.07
6.797641723,1196.34
6.803446712,1196.44
6.809251701,1195.86
6.815056689,1195.53
6.820861678,1196.17
6.826666667,1195.95
6.832471655,1194.94
6.838276644,1194.08
6.844081633,1193.35
6.849886621,1192.59
6.855691610,1192.59
6.861496599,1192.54
6.867301587,1191.5
6.873106576,1193.35
6.878911565,1192.97
6.884716553,1191.45
6.890521542,1200.9
6.896326531,1199.48
6.902131519,1199.66
6.907936508,1199.5
6.913741497,1198.47
6.919546485,1198.19
6.925351474,1197.95
6.931156463,1197.73
6.936961451,1197.48
6.942766440,1196.7
6.948571429,1195.8
6.954376417,1194.76
6.960181406,1193.73
6.965986395,1192.92
6.971791383,1190.96
6.977596372,1190.14
6.983401361,1189.39
6.989206349,1188.46
6.995011338,1187.67
7.000816327,1187.26
7.006621315,1187.71
7.012426304,1188.77
7.018231293,1190.63
7.024036281,1193.44
7.029841270,1195.37
7.035646259,1195.84
7.041451247,1195.67
7.047256236,1195.94
7.053061224,1196.46
7.058866213,1196.44
7.064671202,1196.74
7.070476190,1196.43
7.076281179,1196.47
7.082086168,1196.78
7.087891156,1196.07
7.093696145,1196.15
7.099501134,1195.28
7.105306122,1194.61
7.111111111,1195.02
7.116916100,1194.53
7.122721088,1195.06
7.128526077,1195.45
7.134331066,1195.42
7.140136054,1195.36
7.145941043,1195.61
7.151746032,1196.64
7.157551020,1196.11
7.163356009,1195.85
7.169160998,1196.2
7.174965986,1196.45
7.180770975,1196.14
7.186575964,1195.63
7.192380952,1195.75
7.198185941,1195.31
7.203990930,1195.29
7.209795918,1195.84
7.215600907,1195.74
7.221405896,1195.77
7.227210884,1195.83
7.233015873,1195.76
7.238820862,1195.03
7.244625850,1194.76
7.250430839,1192.98
7.256235828,1192.72
7.262040816,1193.47
7.267845805,1193.99
7.273650794,1194.89
7.279455782,1195.19
7.285260771,1195.01
7.291065760,1195.07
7.296870748,1195.1
7.302675737,1195.54
7.308480726,1195.94
7.314285714,1195.49
7.320090703,1196.28
7.325895692,1195.35
7.331700680,1194.27
7.337505669,1193.74
7.343310658,1192.64
7.349115646,1192.21
7.354920635,1192.16
7.360725624,1191.72
7.366530612,1191.36
7.372335601,1191.35
7.378140590,1192.01
7.383945578,1193
7.389750567,1193.02
7.395555556,1191.63
7.401360544,1190.73
21.646802721,580.656
21.652607710,577.628
21.658412698,575.093
21.664217687,577.672
21.670022676,577.984
21.675827664,577.194
21.681632653,578.47
21.687437642,578.859
21.693242630,579.828
21.699047619,580.389
21.704852608,581.405
21.710657596,581.777
21.716462585,581.888
21.722267574,582.887
21.728072562,583.22
21.733877551,583.224
21.739682540,583.896
21.745487528,583.472
21.751292517,583.606
21.757097506,584.155
21.762902494,584.212
21.768707483,584.45
21.774512472,584.775
21.780317460,585.089
21.786122449,585.362
21.791927438,586.375
21.797732426,587.537
21.803537415,589.174
21.815147392,654.708
21.820952381,658.41
21.826757370,659.738
21.832562358,660.144
21.838367347,660.66
21.844172336,662.399
21.849977324,665.042
21.855782313,669.216
21.867392290,726.81
21.873197279,730.042
21.879002268,731.913
21.884807256,733.692
21.890612245,735.329
21.896417234,737.079
21.902222222,739.189
21.908027211,741.511
21.913832200,746.405
21.919637188,762.912
21.925442177,780.055
21.931247166,786.206
21.937052154,789.508
21.942857143,791.074
21.948662132,792.405
21.954467120,794.115
21.960272109,797.048
21.971882086,883.281
21.977687075,885.528
21.983492063,887.093
21.989297052,888.719
21.995102041,889.551
22.000907029,891.196
22.006712018,892.694
22.012517007,893.938
22.018321995,895.248
22.024126984,897.613
22.029931973,902.099
22.035736961,916.831
22.041541950,972.031
22.047346939,991.473
22.053151927,998.838
22.058956916,1001.54
22.064761905,1003.29
22.070566893,1004.96
22.076371882,1005.97
22.082176871,1010.11
22.087981859,1024.79
22.099591837,1108.84
22.105396825,1113.83
22.111201814,1120.22
22.117006803,1123.31
22.122811791,1123.58
22.128616780,1123.94
22.134421769,1123.55
22.140226757,1123.46
22.146031746,1122.91
22.151836735,1117.86
22.157641723,1110.66
22.163446712,1101.78
22.169251701,1093.38
22.175056689,1086.22
22.180861678,1082.54
22.186666667,1078.79
22.192471655,1075.08
22.198276644,1074.49
22.204081633,1099.46
22.215691610,1177.91
22.221496599,1179.91
22.227301587,1180.94
22.233106576,1180.19
22.238911565,1179.46
22.244716553,1179.66
22.250521542,1179.73
22.256326531,1180.01
22.262131519,1180.41
22.267936508,1181
22.273741497,1181.45
22.279546485,1181.78
22.285351474,1181.73
22.291156463,1181.07
22.296961451,1180.72
22.302766440,1180.42
22.308571429,1180.11
22.314376417,1180.54
22.320181406,1180.81
22.325986395,1180.95
22.331791383,1181.17
22.337596372,1180.65
22.343401361,1180.16
22.349206349,1179.71
22.355011338,1179.18
22.360816327,1179.45
22.366621315,1179.54
22.372426304,1179.76
22.378231293,1180.18
22.384036281,1180.46
22.389841270,1180.94
22.395646259,1181.76
22.401451247,1182.35
22.407256236,1183.24
22.413061224,1184.19
22.418866213,1185.44
22.424671202,1186.8
22.430476190,1187.82
22.436281179,1188.66
22.442086168,1189.54
22.447891156,1190.79
22.453696145,1191.35
22.459501134,1192.37
22.465306122,1193.38
22.471111111,1193.79
22.476916100,1193.88
22.482721088,1194.01
22.488526077,1193.94
22.494331066,1194.13
22.500136054,1194.2
22.505941043,1193.82
22.511746032,1193.19
22.517551020,1192.5
22.523356009,1191.6
22.529160998,1190.28
22.534965986,1188.91
22.540770975,1187.34
22.546575964,1185.94
22.552380952,1184.53
22.558185941,1183
22.563990930,1181.88
22.569795918,1181.67
22.575600907,1182.03
22.581405896,1183.21
22.587210884,1184.52
22.593015873,1187.24
22.598820862,1189.23
22.604625850,1191.21
22.610430839,1192.62
22.616235828,1194.25
22.622040816,1196.28
22.627845805,1197.07
22.633650794,1197.76
22.639455782,1197.85
22.645260771,1197.95
22.651065760,1197.52
22.656870748,1197.11
22.662675737,1196.93
22.668480726,1195.82
22.674285714,1195.16
22.680090703,1193.75
22.685895692,1192.25
22.691700680,1190.71
22.697505669,1188.68
22.703310658,1186.99
22.709115646,1185.55
22.714920635,1184.93
22.720725624,1185.65
22.726530612,1187.55
22.732335601,1189.15
22.738140590,1190.52
22.743945578,1191.44
22.749750567,1192.52
22.755555556,1194.22
22.761360544,1195.8
22.767165533,1197.35
22.772970522,1197.76
22.778775510,1198.14
22.784580499,1197.87
22.790385488,1197.98
22.796190476,1198.05
22.801995465,1197.77
22.807800454,1197.89
22.813605442,1197.08
22.819410431,1196.43
22.825215420,1195.57
22.831020408,1194.42
22.836825397,1193.2
22.842630385,1191.92
22.848435374,1190.64
22.854240363,1190.42
22.860045351,1190.2
22.865850340,1190.09
22.871655329,1190.28
22.877460317,1190.08
22.883265306,1190.03
22.889070295,1189.78
22.894875283,1189.21
22.900680272,1188.43
22.906485261,1186.97
22.912290249,1185.01
22.918095238,1183.71
22.923900227,1181.87
22.929705215,1184.99
22.935510204,1188.22
22.941315193,1190.36
22.947120181,1190.98
22.952925170,1192
22.958730159,1192.52
22.964535147,1192.47
22.970340136,1192.71
22.976145125,1192.47
22.981950113,1191.83
22.987755102,1191.02
22.993560091,1190.51
22.999365079,1190.95
23.005170068,1191.24
23.010975057,1191.95
23.040000000,1573.79
23.045804989,1573.29
23.051609977,1570.88
23.057414966,1568.21
23.063219955,1566.27
23.069024943,1565.87
23.074829932,1565.92
23.080634921,1567.07
23.086439909,1567.53
23.092244898,1566.76
23.098049887,1566.01
23.103854875,1566.1
23.109659864,1565.45
23.115464853,1563.68
23.121269841,1557.46
23.127074830,1544.92
23.132879819,1530.48
23.138684807,1512.08
23.144489796,1475.44
23.150294785,1458
23.156099773,1441.01
23.161904762,1412.72
23.167709751,1359.79
23.173514739,1323.83
23.179319728,1321.53
23.185124717,1322.33
23.190929705,1321.19
23.196734694,1324.57
23.202539683,1325.88
23.208344671,1330.32
23.214149660,1330.55
23.219954649,1329.65
23.225759637,1330.1
23.231564626,1322.02
23.237369615,1324.43
23.243174603,1320.37
23.248979592,1320.03
23.254784580,1320.65
23.260589569,1320.02
23.266394558,1320
23.272199546,1321.19
23.278004535,1321.02
23.283809524,1322.86
23.289614512,1330.04
23.301224490,1197.79
23.307029478,1192.12
23.312834467,1190.66
23.318639456,1189.84
23.324444444,1188.94
23.330249433,1188.53
23.336054422,1188.17
23.341859410,1187.64
23.347664399,1187.62
23.353469388,1187.31
23.359274376,1187.69
23.365079365,1187.84
23.370884354,1187.87
23.376689342,1187.61
23.382494331,1187.22
23.388299320,1186.3
23.394104308,1184.71
23.399909297,1183.14
23.405714286,1181.19
23.411519274,1180.03
23.417324263,1179.64
23.423129252,1179.86
23.428934240,1181.55
23.434739229,1183.86
23.440544218,1186.14
23.446349206,1188.6
23.452154195,1190.44
23.457959184,1191.42
23.463764172,1192.87
23.469569161,1193.69
23.475374150,1193.87
23.481179138,1193.55
23.486984127,1192.94
23.492789116,1192.22
23.498594104,1191.17
23.504399093,1189.77
23.510204082,1188.46
23.516009070,1187.71
23.521814059,1187.43
23.527619048,1187.47
23.533424036,1187.86
23.539229025,1188.21
23.545034014,1188.66
23.550839002,1189.16
23.556643991,1189.44
23.562448980,1189.7
23.568253968,1190.04
23.574058957,1190.06
23.579863946,1190.12
23.585668934,1190.17
23.591473923,1190.26
23.597278912,1189.93
23.603083900,1189.74
23.608888889,1189.5
23.614693878,1189.14
23.620498866,1189.07
23.626303855,1188.95
23.632108844,1188.87
23.637913832,1189.09
23.643718821,1189.06
23.649523810,1189.11
23.655328798,1188.74
23.661133787,1188
23.666938776,1187.83
23.672743764,1187.34
23.678548753,1187.02
23.684353741,1186.55
23.690158730,1185.19
23.695963719,1183.21
23.701768707,1181.83
23.707573696,1182.35
23.713378685,1184.98
23.719183673,1188.98
23.724988662,1189.53
23.730793651,1188.95
23.736598639,1188.52
23.742403628,1188.6
23.748208617,1188.49
23.754013605,1189.2
23.759818594,1189.6
23.765623583,1189.99
23.771428571,1189.74
23.777233560,1188.84
23.783038549,1188.95
23.788843537,1188.26
23.794648526,1188.09
23.800453515,1188.16
23.806258503,1187.81
23.812063492,1188.18
23.817868481,1188.34
23.823673469,1188.39
23.829478458,1189.17
23.835283447,1189.1
23.841088435,1189.29
23.846893424,1189.17
23.852698413,1189.01
23.858503401,1188.75
23.864308390,1188.03
23.870113379,1188.17
23.875918367,1188.19
23.881723356,1188.45
23.887528345,1189.17
23.893333333,1189.08
23.899138322,1189.24
23.904943311,1189.34
23.910748299,1189.14
23.916553288,1189.41
23.922358277,1189.18
23.928163265,1189.02
23.933968254,1188.57
23.939773243,1188.59
23.945578231,1188.58
23.951383220,1188.71
23.957188209,1188.82
23.962993197,1188.51
23.968798186,1188.63
23.974603175,1188.65
23.980408163,1188.87
23.986213152,1189.06
23.992018141,1188.72
23.997823129,1188.53
24.003628118,1188.86
24.009433107,1188.86
24.015238095,1189.09
24.021043084,1189.19
24.026848073,1188.81
24.032653061,1189.06
24.038458050,1188.88
24.044263039,1188.81
24.050068027,1188.51
24.055873016,1188.22
24.061678005,1188.21
24.067482993,1189.02
24.073287982,1194.26
24.102312925,1556.17
24.108117914,1561.46
24.113922902,1561.56
24.119727891,1563.24
24.125532880,1564.63
24.131337868,1561.15
24.137142857,1548.82
24.142947846,1536.52
24.148752834,1519
24.154557823,1499.88
24.160362812,1483.56
24.166167800,1470.36
24.171972789,1439.98
24.177777778,1372.56
24.183582766,1333.42
24.189387755,1329.43
24.195192744,1327.33
24.200997732,1326.83
24.206802721,1325.62
24.212607710,1324.64
24.218412698,1324.24
24.224217687,1323.43
24.230022676,1322.75
24.235827664,1322.96
24.241632653,1323.1
24.247437642,1323.12
24.253242630,1324.15
24.259047619,1323.93
24.264852608,1324.32
24.270657596,1324.1
24.276462585,1323.73
24.282267574,1322.89
24.288072562,1319.79
24.293877551,1317.72
24.299682540,1314.8
24.305487528,1309.59
24.311292517,1317.32
24.317097506,1334.01
24.322902494,1351.17
24.328707483,1365.9
24.334512472,1354.29
24.346122449,1203.85
24.351927438,1199.39
24.357732426,1196.64
24.363537415,1194.99
24.369342404,1193.39
24.375147392,1191.55
24.380952381,1189.9
24.386757370,1188.11
24.392562358,1185.67
24.398367347,1183.19
24.404172336,1180.05
24.409977324,1177.88
24.415782313,1180.77
24.421587302,1184.37
24.427392290,1190.8
24.433197279,1196.7
24.439002268,1201.01
24.444807256,1203.17
24.450612245,1204.04
24.456417234,1203.97
24.462222222,1203.57
24.468027211,1201.74
24.473832200,1199.93
24.479637188,1197.4
24.485442177,1193.94
24.491247166,1191.4
24.497052154,1189.92
24.502857143,1190.47
24.508662132,1191.66
24.514467120,1192.72
24.520272109,1194.15
24.526077098,1194.91
24.531882086,1195.99
24.537687075,1197.01
24.543492063,1197.31
24.549297052,1197.85
24.555102041,1197.51
24.560907029,1196.71
24.566712018,1195.98
24.572517007,1194.41
24.578321995,1192.85
24.584126984,1190.87
24.589931973,1189.28
24.595736961,1188.4
24.601541950,1188.2
24.607346939,1195.25
24.618956916,1305.07
24.624761905,1331.18
24.630566893,1373.15
24.636371882,1418.49
24.642176871,1438.07
24.647981859,1444
24.653786848,1441.84
24.659591837,1439.56
24.665396825,1426.98
24.671201814,1396.81
24.677006803,1343.99
24.682811791,1318.59
24.688616780,1314.58
24.694421769,1313.64
24.700226757,1310.14
24.706031746,1307.77
24.711836735,1310.92
24.717641723,1309.12
24.723446712,1306.51
24.729251701,1302.33
24.735056689,1295.58
24.740861678,1292.24
24.746666667,1276.67
24.752471655,1220.44
24.758276644,1187.1
24.764081633,1179.85
24.769886621,1178.45
24.775691610,1177.38
24.781496599,1177.15
24.787301587,1177.16
24.793106576,1177.57
24.798911565,1179.45
24.804716553,1182.1
24.810521542,1184.25
24.816326531,1185.91
24.822131519,1185.97
24.827936508,1185.1
24.833741497,1184.44
24.839546485,1183.73
24.845351474,1182.85
24.851156463,1181.76
24.856961451,1180.7
24.862766440,1179.5
24.868571429,1176.36
24.880181406,1083.93
24.885986395,1079.38
24.891791383,1077.58
24.897596372,1078.03
24.903401361,1077.26
24.909206349,1076.57
24.915011338,1074.93
24.920816327,1073.72
24.926621315,1073.44
24.932426304,1073.01
24.938231293,1072.47
24.944036281,1072.27
24.949841270,1071.21
24.955646259,1070.74
24.961451247,1069.83
24.967256236,1066.75
24.973061224,1062.66
24.978866213,1065.39
24.984671202,1083.8
24.996281179,1177.16
25.002086168,1179.45
25.007891156,1180.1
25.013696145,1181.54
25.019501134,1183.05
25.025306122,1184.03
25.031111111,1185
25.036916100,1184.96
25.042721088,1183.56
25.048526077,1182.93
25.054331066,1181.6
25.060136054,1181.48
25.065941043,1182.14
25.071746032,1181.94
25.077551020,1181.9
25.083356009,1182.38
25.089160998,1185.95
25.094965986,1190.65
25.106575964,1297.05
25.112380952,1350.17
25.118185941,1396.68
25.123990930,1426.07
25.129795918,1440.04
25.135600907,1448.7
25.141405896,1447.66
25.147210884,1448.63
25.153015873,1441.38
25.158820862,1435.09
25.164625850,1419.94
25.170430839,1362.45
25.176235828,1324.94
25.182040816,1318.67
25.187845805,1314.71
25.193650794,1311.37
25.199455782,1310.42
25.205260771,1309.91
25.211065760,1310.25
25.216870748,1309.4
25.222675737,1307.66
25.228480726,1308.36
25.234285714,1309.4
25.240090703,1312.16
25.245895692,1315.3
25.251700680,1316.51
25.257505669,1317.01
25.263310658,1317.97
25.269115646,1317.9
25.274920635,1317.98
25.280725624,1318.47
25.286530612,1320.06
25.292335601,1320.55
25.298140590,1320.38
25.303945578,1320.55
25.309750567,1319.6
25.315555556,1318.58
25.321360544,1319.2
25.327165533,1320.42
25.332970522,1319.82
25.338775510,1316.25
25.344580499,1315.43
25.350385488,1312.55
25.356190476,1307.02
25.361995465,1323.37
25.367800454,1316.23
25.373605442,1311.37
25.379410431,1314.08
25.385215420,1319.8
25.391020408,1335.4
25.396825397,1339.72
25.402630385,1340.12
25.408435374,1335.36
25.414240363,1328.37
25.425850340,1203.79
25.431655329,1197.7
25.437460317,1195.36
25.443265306,1193.84
25.449070295,1191.22
25.454875283,1189.66
25.460680272,1188.61
25.466485261,1188.06
25.472290249,1187.36
25.478095238,1186.9
25.483900227,1186.19
25.489705215,1185.83
25.495510204,1185.58
25.501315193,1184.86
25.507120181,1184.4
25.512925170,1184.66
25.518730159,1185.1
25.524535147,1186.35
25.530340136,1188.09
25.536145125,1190.08
25.541950113,1191.89
25.547755102,1192.92
25.553560091,1193.59
25.559365079,1193.96
25.565170068,1194.56
25.570975057,1195.15
25.576780045,1195
25.582585034,1194.75
25.588390023,1194.04
25.594195011,1193.48
25.600000000,1192.64
25.605804989,1191.71
25.611609977,1190.29
25.617414966,1188.92
25.623219955,1187.58
25.629024943,1186.67
25.634829932,1185.56
25.640634921,1184.71
25.646439909,1184.64
25.652244898,1185.06
25.658049887,1185.19
25.663854875,1186.02
25.669659864,1186.45
25.675464853,1187.24
25.681269841,1187.71
25.687074830,1188
25.692879819,1188.42
25.698684807,1188.51
25.704489796,1188.73
25.710294785,1188.59
25.716099773,1188.41
25.721904762,1188.33
25.727709751,1188.25
25.733514739,1188.12
25.739319728,1188.03
25.745124717,1187.81
25.750929705,1187.53
25.756734694,1187.69
25.762539683,1187.75
25.768344671,1187.78
25.774149660,1188.04
25.779954649,1187.79
25.785759637,1187.63
25.791564626,1187.44
25.797369615,1187.44
25.803174603,1187.63
25.808979592,1188.18
25.814784580,1188.42
25.820589569,1188.57
25.826394558,1188.95
25.832199546,1188.76
25.838004535,1188.99
25.843809524,1188.73
25.849614512,1188.57
25.855419501,1188.65
25.861224490,1188.37
25.867029478,1188.73
25.872834467,1188.51
25.878639456,1188.47
25.884444444,1188.08
25.890249433,1187.93
25.896054422,1188.02
25.901859410,1187.86
25.907664399,1188.24
25.913469388,1187.86
25.919274376,1188.08
25.925079365,1188.08
25.930884354,1187.81
25.936689342,1187.85
25.942494331,1187.89
25.948299320,1187.75
25.954104308,1187.74
25.959909297,1187.25
25.965714286,1186.06
25.971519274,1184.93
25.977324263,1182.01
25.983129252,1180.5
25.988934240,1179.55
25.994739229,1180.62
26.000544218,1185.88
26.006349206,1187.08
26.012154195,1187.25
26.017959184,1187.2
26.023764172,1187.48
26.029569161,1187.42
26.035374150,1187.31
26.041179138,1186.77
26.046984127,1186.72
26.052789116,1186.44
26.058594104,1186.27
26.064399093,1187.03
26.070204082,1187.05
26.076009070,1186.82
26.081814059,1186.72
26.087619048,1186.37
26.093424036,1186.46
26.099229025,1187.19
26.105034014,1187.76
26.110839002,1187.61
26.116643991,1187.42
26.122448980,1187.45
26.128253968,1187.48
26.134058957,1186.45
26.139863946,1185.4
26.145668934,1185.43
26.151473923,1185.28
26.157278912,1186.28
26.163083900,1187.21
26.168888889,1186.86
26.174693878,1186.88
26.180498866,1187.02
26.186303855,1187.51
26.192108844,1187.95
26.197913832,1187.96
26.203718821,1188.3
26.209523810,1187.99
26.215328798,1187.55
26.221133787,1187.77
26.226938776,1187.75
26.232743764,1187.98
26.238548753,1188.23
26.244353741,1187.73
26.250158730,1187.76
26.255963719,1187.5
26.261768707,1187.66
26.267573696,1187.77
26.273378685,1187.29
26.279183673,1187.18
26.284988662,1187.03
26.290793651,1187.66
26.296598639,1187.56
26.302403628,1187.61
26.308208617,1187.32
26.314013605,1187.49
26.319818594,1187.82
26.325623583,1187.6
26.331428571,1188.18
26.337233560,1187.35
26.343038549,1187.36
26.348843537,1187.78
26.354648526,1188.08
26.360453515,1188.51
26.366258503,1187.72
26.372063492,1187.63
26.377868481,1187.26
26.383673469,1187.41
26.389478458,1187.96
26.395283447,1185.97
26.401088435,1186.17
26.406893424,1185.69
26.499773243,902.201
26.505578231,896.838
26.511383220,895.04
26.517188209,893.729
26.522993197,893.282
26.528798186,892.383
26.534603175,891.199
26.540408163,889.404
26.546213152,887.332
26.552018141,885.019
26.557823129,883.195
26.563628118,881.852
26.569433107,880.091
26.575238095,879.978
26.581043084,875.939
26.586848073,880.672
26.592653061,888.625
26.598458050,891.483
26.604263039,892.315
26.610068027,891.999
26.615873016,890.767
26.621678005,886.752
26.627482993,886.577
26.633287982,886.478
26.639092971,886.815
26.644897959,887.257
26.650702948,884.803
26.656507937,884.272
26.662312925,883.587
26.668117914,883.115
26.673922902,884.254
26.679727891,884.739
26.685532880,885.552
26.691337868,887.072
26.697142857,888.352
26.702947846,888.93
26.708752834,889.034
26.714557823,888.342
26.720362812,887.659
26.726167800,887.302
26.731972789,886.365
26.737777778,886.184
26.743582766,886.033
26.749387755,886.219
26.755192744,887.811
26.760997732,888.109
26.766802721,888.635
26.772607710,888.996
26.778412698,889.428
26.784217687,889.182
26.790022676,889.492
26.795827664,889.98
26.801632653,884.424
26.807437642,886.049
26.813242630,887.833
26.819047619,887.858
26.824852608,888.038
26.830657596,889.201
26.836462585,890.15
26.842267574,890.398
26.848072562,890.291
26.853877551,889.562
26.859682540,888.213
26.865487528,886.671
26.871292517,884.275
26.877097506,881.89
26.882902494,879.597
26.888707483,878.337
26.894512472,876.175
26.900317460,875.425
26.906122449,878.922
26.911927438,882.982
26.917732426,887.639
26.923537415,892.968
26.929342404,897.75
26.935147392,900.47
26.940952381,903.351
26.946757370,906.518
26.952562358,908.476
26.958367347,908.531
26.964172336,907.376
26.969977324,903.82
26.975782313,899.181
26.981587302,894.99
26.987392290,890.58
26.993197279,885.355
26.999002268,881.153
27.004807256,879.105
27.010612245,877.485
27.016417234,876.975
27.022222222,875.921
27.028027211,879.274
27.033832200,882.62
27.039637188,887.187
27.045442177,892.336
27.051247166,896.847
27.057052154,899.689
27.062857143,901.214
27.068662132,903.427
27.074467120,904.515
27.080272109,904.858
27.086077098,904.343
27.091882086,902.676
27.097687075,900.755
27.103492063,898.537
27.109297052,896.875
27.115102041,894.318
27.120907029,892.052
27.126712018,888.5
27.132517007,886.741
27.138321995,886.337
27.144126984,886.654
27.149931973,887.22
27.155736961,887.657
27.161541950,888.196
27.167346939,889.074
27.173151927,889.424
27.178956916,889.781
27.184761905,890.025
27.190566893,890.255
27.196371882,890.638
27.202176871,891.424
27.207981859,891.992
27.213786848,893.11
27.219591837,894.215
27.225396825,895.147
27.231201814,895.067
27.237006803,893.553
27.242811791,892.38
27.248616780,889.481
27.254421769,885.561
27.260226757,889.162
27.266031746,892.018
27.271836735,894.263
27.277641723,893.652
27.283446712,893.436
27.289251701,892.497
27.295056689,890.833
27.300861678,889.463
27.306666667,891.087
27.312471655,890.744
27.318276644,891.293
27.324081633,893.958
27.353106576,1182.19
27.358911565,1181.55
27.364716553,1181.31
27.370521542,1181.01
27.376326531,1180.97
27.382131519,1180.73
27.387936508,1180.4
27.393741497,1180.53
27.399546485,1180.52
27.405351474,1180.51
27.411156463,1181.09
27.416961451,1180.55
27.422766440,1180.79
27.428571429,1180.58
27.434376417,1179.69
27.440181406,1179.37
27.445986395,1178.69
27.451791383,1178.56
27.457596372,1178.87
27.463401361,1178.93
27.469206349,1179.38
27.475011338,1179.87
27.480816327,1180.69
27.486621315,1182.18
27.492426304,1184.04
27.498231293,1185.61
27.504036281,1186.65
27.509841270,1187.47
27.515646259,1187.86
27.521451247,1188.56
27.527256236,1188.85
27.533061224,1186.99
27.538866213,1185.68
27.544671202,1184.18
27.550476190,1182.61
27.556281179,1185.12
27.562086168,1185.73
27.567891156,1183.63
27.573696145,1182.01
27.579501134,1181.69
27.585306122,1181.59
27.591111111,1177.51
27.596916100,1137.95
27.602721088,1089.47
27.608526077,1084.24
27.614331066,1081.22
27.620136054,1079.15
27.625941043,1076.99
27.631746032,1075.33
27.637551020,1074.24
27.643356009,1073.06
27.649160998,1072.41
27.654965986,1071.27
27.660770975,1070.32
27.666575964,1069.58
27.672380952,1068.86
27.678185941,1068.26
27.683990930,1068.4
27.689795918,1068.31
27.695600907,1066.78
27.701405896,1067.39
27.707210884,1070.16
27.718820862,1174.8
27.724625850,1175.13
27.730430839,1174.71
27.736235828,1175.06
27.742040816,1175.13
27.747845805,1175.63
27.753650794,1175.8
27.759455782,1176.02
27.765260771,1176.15
27.771065760,1176.37
27.776870748,1176.03
27.782675737,1175.9
27.788480726,1175.43
27.794285714,1174.79
27.800090703,1174.66
27.805895692,1174.1
27.811700680,1173.84
27.817505669,1173.52
27.823310658,1173.41
27.829115646,1173.1
27.834920635,1173.06
27.840725624,1173.59
27.852335601,1075.78
27.858140590,1072.54
27.863945578,1071.74
27.869750567,1071.59
27.875555556,1071.18
27.881360544,1070.87
27.887165533,1070.23
27.892970522,1069.4
27.898775510,1068.9
27.904580499,1068.2
27.910385488,1067.65
27.916190476,1067.01
27.921995465,1066.08
27.927800454,1065.46
27.933605442,1065.63
27.939410431,1068.2
27.945215420,1074.4
27.951020408,1083.69
27.956825397,1093.35
27.962630385,1096.95
27.968435374,1098.05
27.974240363,1096.09
27.980045351,1093.34
27.997460317,992.86
28.003265306,993.487
28.009070295,994.096
28.014875283,994.438
28.020680272,994.378
28.026485261,993.947
28.032290249,993.034
28.038095238,991.544
28.043900227,990.564
28.049705215,989.215
28.055510204,988.211
28.061315193,987.105
28.067120181,985.304
28.072925170,984.158
28.078730159,982.925
28.084535147,981.927
28.090340136,980.883
28.096145125,980.68
28.101950113,988.72
28.113560091,885.087
28.119365079,883.96
28.125170068,883.758
28.130975057,883.739
28.136780045,883.436
28.142585034,883.435
28.148390023,883.659
28.154195011,883.687
28.160000000,884.082
28.165804989,884.544
28.171609977,884.552
28.177414966,883.884
28.183219955,882.833
28.189024943,881.804
28.194829932,880.871
28.200634921,880.179
28.241269841,1016.01
28.247074830,1016.35
28.252879819,1020.5
28.258684807,1024.13
28.264489796,1025.76
28.270294785,1026.31
28.276099773,1024.42
28.281904762,1020.78
28.287709751,1018
28.293514739,1015.04
28.299319728,1014.84
28.305124717,1016.72
28.310929705,1013.71
28.316734694,1011.55
28.322539683,1005.4
28.328344671,998.321
28.334149660,995.929
28.339954649,991.978
28.345759637,985.568
28.351564626,984.845
28.357369615,985.058
28.438639456,1185.9
28.444444444,1185.32
28.450249433,1185.94
28.456054422,1186.73
28.461859410,1187.55
28.467664399,1188.44
28.473469388,1188.42
28.479274376,1187.45
28.485079365,1184.4
28.490884354,1180.63
28.496689342,1177.62
28.502494331,1175.47
28.508299320,1173.35
28.514104308,1171.3
28.519909297,1169.28
28.525714286,1166.83
28.531519274,1167.56
28.537324263,1168.78
28.543129252,1172.59
28.548934240,1176.95
28.554739229,1180.9
28.560544218,1184.32
28.566349206,1187.43
28.572154195,1188.74
28.577959184,1188.52
28.583764172,1187.8
28.589569161,1187.52
28.595374150,1187.24
28.601179138,1187.03
28.606984127,1186.59
28.612789116,1185.88
28.618594104,1185.36
28.624399093,1184.64
28.630204082,1184.64
28.636009070,1183.58
28.641814059,1182.49
28.647619048,1181.22
28.653424036,1179.33
28.659229025,1178.5
28.665034014,1176.79
28.670839002,1180.71
28.676643991,1179.89
28.682448980,1180.44
28.688253968,1182.74
28.694058957,1187.5
28.699863946,1191.69
28.705668934,1192.2
28.711473923,1191.31
28.717278912,1190.34
28.723083900,1189.42
28.728888889,1188.26
28.734693878,1186.85
28.740498866,1185.19
28.746303855,1183.27
28.752108844,1181.3
28.757913832,1179.91
28.763718821,1178.93
28.769523810,1177.59
28.775328798,1176
28.781133787,1176.96
28.786938776,1179.57
28.792743764,1182.48
28.798548753,1185.49
28.804353741,1187.82
28.810158730,1189.34
28.815963719,1190.53
28.821768707,1191.13
28.827573696,1192.2
28.833378685,1193.09
28.839183673,1193.46
28.844988662,1193.72
28.850793651,1193.6
28.856598639,1192.79
28.862403628,1192.13
28.868208617,1191.55
28.874013605,1190.14
28.879818594,1188.7
28.885623583,1185.5
28.891428571,1182.98
28.897233560,1180.73
28.903038549,1178.6
28.908843537,1179.17
28.914648526,1181.1
28.984308390,593.44
28.990113379,593.179
28.995918367,592.861
29.001723356,592.539
29.007528345,592.315
29.013333333,592.109
29.019138322,592.125
29.024943311,592.346
29.030748299,592.124
29.036553288,592.428
29.042358277,592.907
29.048163265,592.13
29.053968254,591.927
29.059773243,591.8
29.065578231,591.132
29.071383220,591.238
29.077188209,591.152
29.082993197,590.812
29.088798186,590.57
29.094603175,590.559
29.100408163,589.91
29.106213152,589.656
29.112018141,589.667
29.117823129,589.177
29.123628118,589.077
29.129433107,588.7
29.135238095,588.934
29.141043084,588.819
29.146848073,589.072
29.152653061,589.505
29.158458050,588.958
29.164263039,589.759
29.170068027,590.44
29.175873016,591.57
29.181678005,592.133
29.187482993,592.35
29.193287982,592.799
29.199092971,593.203
29.204897959,593.948
29.210702948,593.834
29.216507937,593.448
29.222312925,593.685
29.228117914,593.639
29.280362812,996.59
29.286167800,997.144
29.291972789,997.66
29.297777778,996.832
29.303582766,995.113
29.309387755,993.242
29.315192744,990.619
29.320997732,991.12
29.326802721,993.729
29.332607710,995.922
29.338412698,996.968
29.344217687,997.96
29.350022676,998.59
29.355827664,998.688
29.361632653,998.419
29.367437642,998.015
29.373242630,997.506
29.379047619,997.157
29.384852608,997.196
29.390657596,996.74
29.396462585,996.817
29.402267574,997.277
29.408072562,997.084
29.413877551,996.841
29.419682540,996.547
29.425487528,996.078
29.431292517,996.129
29.437097506,996.377
29.442902494,997.423
29.448707483,998.722
29.454512472,999.296
29.460317460,1000.89
29.466122449,1002.47
29.471927438,1003.32
29.477732426,1002.94
29.483537415,1001.29
29.489342404,1006.81
29.495147392,1007.06
29.500952381,1061.79
29.506757370,1106.2
29.512562358,1102.46
29.518367347,1095.43
29.524172336,1087.9
29.535782313,1000.51
29.541587302,998.396
29.547392290,997.802
29.553197279,996.636
29.559002268,995.375
29.564807256,993.96
29.570612245,992.22
29.576417234,990.266
29.582222222,987.93
29.588027211,985.29
29.593832200,982.499
29.599637188,980.515
29.605442177,978.472
29.611247166,976.065
29.617052154,975.278
29.622857143,974.482
29.628662132,974.305
29.634467120,974.806
29.640272109,974.196
29.646077098,973.542
29.651882086,985.176
29.663492063,881.442
29.669297052,881.1
29.675102041,881.365
29.680907029,881.235
29.686712018,880.591
29.692517007,879.735
29.698321995,879.22
29.704126984,878.801
29.709931973,878.643
29.715736961,878.598
29.721541950,878.677
29.727346939,878.825
29.733151927,879.018
29.738956916,879.142
29.744761905,879.082
29.750566893,878.919
29.756371882,878.51
29.762176871,878.366
29.767981859,878.037
29.773786848,877.933
29.779591837,877.5
29.785396825,876.816
29.791201814,875.471
29.797006803,873.706
29.802811791,870.428
29.814421769,789.886
29.820226757,787.973
29.826031746,788.223
29.831836735,788.353
29.837641723,787.467
29.843446712,786.667
29.849251701,784.442
29.855056689,783.469
29.860861678,782.598
29.866666667,782.545
29.872471655,783.357
29.878276644,784.562
29.884081633,784.45
29.889886621,784.472
29.895691610,784.719
29.901496599,782.742
29.907301587,782.698
29.913106576,782.184
29.918911565,781.199
29.924716553,782.037
29.930521542,783.028
29.936326531,784.601
29.942131519,786.551
29.947936508,788.294
29.953741497,790.14
29.959546485,791.942
29.965351474,792.954
29.971156463,794.354
29.976961451,794.907
29.982766440,795.095
29.988571429,794.996
29.994376417,794.424
30.000181406,794.624
30.005986395,793.834
30.011791383,793.459
30.017596372,792.613
30.023401361,791.183
30.029206349,790.548
30.035011338,790.015
30.040816327,789.506
30.046621315,789.172
30.052426304,788.752
30.058231293,788.738
30.064036281,788.536
30.069841270,788.725
30.075646259,789.069
30.081451247,789.139
30.087256236,789.872
30.093061224,790.514
30.098866213,791.33
30.104671202,792.076
30.110476190,792.586
30.116281179,792.903
30.122086168,793.278
30.127891156,793.382
30.133696145,793.133
30.139501134,793.178
30.145306122,792.587
30.151111111,792.354
30.156916100,791.513
30.162721088,790.893
30.168526077,790.222
30.174331066,789.692
30.180136054,789.635
30.185941043,789.451
30.191746032,789.544
30.197551020,789.495
30.203356009,789.503
30.209160998,789.297
30.214965986,789.029
30.220770975,788.822
30.226575964,788.595
30.232380952,788.321
30.238185941,788.202
30.243990930,788.072
30.249795918,788.031
30.255600907,787.819
30.261405896,788.05
30.267210884,788.173
30.273015873,788.418
30.278820862,788.592
30.284625850,788.705
30.290430839,789.133
30.296235828,789.178
30.302040816,789.21
30.307845805,788.99
30.313650794,788.794
30.319455782,788.762
30.325260771,789.547
30.331065760,790.159
30.336870748,791.268
30.342675737,792.646
30.348480726,791.209
30.354285714,791.193
30.360090703,790.62
30.365895692,789.921
30.371700680,789.515
30.377505669,788.981
30.383310658,788.569
30.389115646,788.336
30.394920635,788.513
30.400725624,788.916
30.406530612,789.227
30.412335601,789.281
30.418140590,788.972
30.423945578,788.866
30.429750567,788.529
30.435555556,788.521
30.441360544,789.208
30.447165533,789.657
30.452970522,789.793
30.458775510,790.018
30.464580499,789.622
30.470385488,789.085
30.476190476,789.152
30.481995465,789.505
30.487800454,789.285
30.493605442,789.591
30.499410431,789.651
30.505215420,789.172
30.511020408,789.284
30.516825397,789.47
30.522630385,789.263
30.528435374,789.395
30.534240363,789.577
30.540045351,789.375
30.545850340,789.426
30.551655329,789.517
30.557460317,789.384
30.563265306,788.829
30.569070295,788.757
30.574875283,788.699
30.580680272,788.662
30.586485261,789.016
30.592290249,789.131
30.598095238,789.118
30.603900227,789.17
30.609705215,789.07
30.615510204,789.272
30.621315193,789.241
30.627120181,789.421
30.632925170,789.656
30.638730159,790.012
30.644535147,790.019
30.650340136,790.143
30.656145125,789.827
30.661950113,789.13
30.667755102,788.91
39.636462585,1593.53
39.642267574,1597.19
39.648072562,1599.12
39.653877551,1599.89
39.659682540,1599.1
39.665487528,1597.07
39.671292517,1594.96
39.677097506,1591.62
39.682902494,1588.2
39.688707483,1585.67
39.694512472,1583.09
39.700317460,1581.31
39.706122449,1580.03
39.711927438,1578.36
39.717732426,1576.93
39.723537415,1575.62
39.729342404,1574.03
39.735147392,1571.32
39.740952381,1570.31
39.746757370,1573.73
39.752562358,1579.86
39.758367347,1586.68
39.764172336,1593.02
39.769977324,1594.19
39.775782313,1595.77
39.781587302,1597.94
39.787392290,1596.81
39.793197279,1594.67
39.799002268,1591.49
39.804807256,1588.64
39.810612245,1586.88
39.816417234,1585.74
39.822222222,1587.91
39.828027211,1592.74
39.833832200,1595.53
39.839637188,1595.49
39.845442177,1591.5
39.851247166,1588.03
39.857052154,1584.75
39.862857143,1580.86
39.868662132,1577.77
39.874467120,1577.39
39.880272109,1579.02
39.886077098,1581.13
39.891882086,1584.03
39.897687075,1585.73
39.903492063,1587.43
39.909297052,1587.68
39.915102041,1581.91
39.920907029,1581.33
39.926712018,1592.02
39.932517007,1594.42
39.938321995,1596.47
39.944126984,1597.58
39.949931973,1597.88
39.955736961,1597.15
39.961541950,1596.15
39.967346939,1593.87
39.973151927,1592.7
39.978956916,1592.12
39.984761905,1592.75
39.990566893,1593.06
39.996371882,1593.29
40.002176871,1590.95
40.007981859,1588.18
40.013786848,1586.83
40.019591837,1585.05
40.025396825,1584.38
40.031201814,1583.86
40.037006803,1582.1
40.042811791,1583.84
40.048616780,1592.94
40.205351474,394.875
40.211156463,395.127
40.216961451,395.049
40.222766440,394.596
40.228571429,394.03
40.234376417,393.827
40.240181406,393.706
40.245986395,393.575
40.251791383,393.516
40.257596372,393.42
40.263401361,393.264
40.269206349,393.062
40.275011338,392.93
40.280816327,392.863
40.286621315,392.797
40.292426304,392.685
40.298231293,392.6
40.304036281,392.423
40.309841270,392.207
40.315646259,392.007
40.321451247,391.788
40.327256236,391.791
40.333061224,391.861
40.338866213,391.863
40.344671202,391.96
40.350476190,392.094
40.356281179,392.372
40.362086168,392.593
40.367891156,392.78
40.373696145,393.031
40.379501134,393.24
40.385306122,393.41
40.391111111,393.618
40.396916100,393.582
40.402721088,393.391
40.408526077,393.492
40.414331066,393.461
40.420136054,393.309
40.425941043,393.234
40.431746032,393.118
40.437551020,393.02
40.443356009,393.075
40.449160998,393.093
40.454965986,392.979
40.460770975,392.937
40.466575964,392.851
40.472380952,392.819
40.478185941,392.939
40.483990930,392.976
40.489795918,393.058
40.495600907,393.146
40.501405896,393.217
40.507210884,393.29
40.513015873,393.337
40.518820862,393.357
40.524625850,393.269
40.530430839,393.2
40.536235828,393.227
40.542040816,393.028
40.547845805,392.726
40.553650794,392.558
40.559455782,392.471
40.565260771,392.849
40.571065760,393.227
40.576870748,393.302
40.582675737,393.314
40.588480726,393.185
40.594285714,393.136
40.600090703,393.124
40.605895692,393.347
40.611700680,393.542
40.617505669,393.553
40.623310658,393.572
40.629115646,393.404
40.634920635,393.134
40.640725624,392.897
40.646530612,392.813
40.652335601,392.819
40.658140590,392.764
40.663945578,392.78
40.669750567,392.764
40.675555556,392.869
40.681360544,393.091
40.687165533,393.098
40.692970522,393.018
40.698775510,393.037
40.704580499,393.112
40.710385488,393.204
40.716190476,393.315
40.721995465,393.474
40.727800454,393.59
40.733605442,393.603
40.739410431,393.423
40.745215420,393.232
40.751020408,393.073
40.756825397,393.047
40.762630385,393.324
40.768435374,393.537
40.774240363,393.762
40.780045351,393.857
40.785850340,393.765
40.791655329,393.561
44.193378685,774.402
44.199183673,779.914
44.204988662,785.284
44.210793651,786.127
44.216598639,788.251
44.222403628,790.231
44.228208617,790.905
44.234013605,792.241
44.239818594,796.451
44.245623583,804.077
44.251428571,830.337
44.257233560,868.433
44.263038549,874.587
44.268843537,877.838
44.274648526,878.701
44.280453515,879.199
44.286258503,879.669
44.292063492,878.931
44.297868481,878.026
44.303673469,877.445
44.309478458,875.895
44.315283447,872.006
44.321088435,867.377
44.326893424,854.037
44.332698413,813.467
44.338503401,798.805
44.344308390,798.037
44.350113379,797.546
44.355918367,797.164
44.361723356,797.072
44.367528345,796.904
44.373333333,796.907
44.379138322,797.11
44.384943311,796.184
44.390748299,796.712
44.396553288,800.9
44.402358277,817.712
44.408163265,848.393
44.413968254,866.987
44.419773243,875.427
44.425578231,879.374
44.431383220,881.193
44.437188209,882.121
44.442993197,882.53
44.448798186,882.508
44.454603175,881.651
44.460408163,880.248
44.466213152,878.524
44.472018141,873.857
44.477823129,866.351
44.483628118,850.928
44.489433107,807.763
44.495238095,797.75
44.501043084,797.411
44.506848073,797.02
44.512653061,795.88
44.518458050,796.092
44.524263039,795.017
44.530068027,794.087
44.535873016,793.67
44.541678005,798.488
44.547482993,812.137
44.553287982,847.367
44.559092971,866.076
44.564897959,872.993
44.570702948,876.378
44.576507937,877.511
44.582312925,878.861
44.588117914,879.241
44.593922902,880.233
44.599727891,880.094
44.605532880,879.792
44.611337868,878.803
44.617142857,877.018
44.622947846,873.995
44.628752834,870.753
44.634557823,864.89
44.640362812,852.053
44.651972789,794.083
44.657777778,794.552
44.663582766,794.369
44.669387755,795.039
44.675192744,794.91
44.680997732,795.153
44.686802721,794.634
44.692607710,795.114
44.698412698,800.677
44.704217687,817.973
44.710022676,851.546
44.715827664,867.564
44.721632653,873.593
44.727437642,876.623
44.733242630,878.127
44.739047619,879.887
44.744852608,880.49
44.750657596,880.532
44.756462585,880.744
44.762267574,880.46
44.768072562,880.266
44.773877551,880.175
44.779682540,880.178
44.785487528,879.355
44.791292517,876.538
44.797097506,871.513
44.802902494,853.704
44.808707483,807.619
44.814512472,798.26
44.820317460,797.86
44.826122449,797.133
44.831927438,796.29
44.837732426,795.593
44.843537415,794.842
44.849342404,797.037
44.855147392,807.082
44.860952381,846.387
44.866757370,865.371
44.872562358,873.238
44.878367347,875.496
44.884172336,876.553
44.889977324,877.477
44.895782313,877.66
44.901587302,878.299
44.907392290,877.972
44.913197279,878.299
44.919002268,877.677
44.924807256,877.053
44.930612245,876.518
44.936417234,876.02
44.942222222,874.792
44.948027211,872.227
44.953832200,869.408
44.959637188,863.505
44.971247166,792.52
44.977052154,792.242
44.982857143,792.23
44.988662132,792.633
44.994467120,792.752
45.000272109,793.028
45.006077098,795.019
45.011882086,801.519
45.023492063,870.49
45.029297052,875.691
45.035102041,878.037
45.040907029,879.637
45.046712018,880.572
45.052517007,880.473
45.058321995,880.969
45.064126984,880.88
45.069931973,881.154
45.075736961,881.304
45.081541950,881.073
45.087346939,881.168
45.093151927,880.489
45.098956916,879.189
45.104761905,875.53
45.110566893,872.765
45.122176871,796.266
45.127981859,794.426
45.133786848,793.909
45.139591837,792.779
45.145396825,792.261
45.151201814,791.772
45.157006803,791.293
45.162811791,791.508
45.168616780,793.682
45.174421769,799.508
45.186031746,869.994
45.191836735,873.48
45.197641723,875.657
45.203446712,877.132
45.209251701,878.372
45.215056689,879.036
45.220861678,878.953
45.226666667,879.262
45.232471655,879.234
45.238276644,877.835
45.244081633,874.705
45.249886621,874.736
45.261496599,790.149
45.267301587,790.195
45.273106576,790.626
45.278911565,790.373
45.284716553,790.318
45.290521542,790.285
45.296326531,790.343
45.302131519,790.615
45.307936508,790.701
45.313741497,791.919
45.319546485,794.905
45.331156463,874.458
45.336961451,875.298
45.342766440,876.717
45.348571429,878.444
45.354376417,879.624
45.360181406,879.976
45.365986395,880.55
45.371791383,880.849
45.377596372,880.212
45.383401361,879.954
45.389206349,879.627
45.395011338,879.213
45.400816327,879.128
45.406621315,878.404
45.412426304,875.04
45.418231293,874.498
45.429841270,790.186
45.435646259,790.92
45.441451247,791.279
45.447256236,790.989
45.453061224,790.51
45.458866213,790.335
45.464671202,791.283
45.470476190,793.625
45.476281179,800.852
45.487891156,872.797
45.493696145,874.243
45.499501134,876.434
45.505306122,877.147
45.511111111,877.466
45.516916100,877.49
45.522721088,877.328
45.528526077,877.483
45.534331066,877.771
45.540136054,877.897
45.545941043,878.047
45.551746032,877.468
45.557551020,876.271
45.563356009,877.795
45.574965986,789.904
45.580770975,791.607
45.586575964,791.131
45.592380952,790.841
45.598185941,790.521
45.603990930,790.137
45.609795918,790.175
45.615600907,791.595
45.621405896,794.709
45.633015873,876.735
45.638820862,873.83
45.644625850,875.211
45.650430839,876.406
45.656235828,877.224
45.662040816,877.685
45.667845805,877.795
45.673650794,878.802
45.679455782,879.013
45.685260771,879.803
45.691065760,879.306
45.696870748,875.046
45.702675737,879.803
45.714285714,790.171
45.720090703,791.044
45.725895692,791.224
45.731700680,791.09
45.737505669,790.712
45.743310658,790.654
45.749115646,791.098
45.754920635,792.136
45.760725624,794.88
45.772335601,875.491
45.778140590,877.337
45.783945578,879.476
45.789750567,880.471
45.795555556,880.367
45.801360544,879.827
45.807165533,879.946
45.812970522,879.712
45.818775510,879.19
45.824580499,878.637
45.830385488,878.096
45.836190476,879.233
45.847800454,789.592
45.853605442,791.425
45.859410431,791.156
45.865215420,791.252
45.871020408,790.92
45.876825397,790.514
45.882630385,790.386
45.888435374,790.226
45.894240363,790.336
45.900045351,790.487
45.905850340,791.196
45.911655329,793.01
45.917460317,798.761
45.929070295,873.981
45.934875283,876.607
45.940680272,876.673
45.946485261,876.732
45.952290249,877.064
45.958095238,875.484
45.963900227,877.284
45.969705215,880.612
45.981315193,791.309
45.987120181,793.099
45.992925170,793.825
45.998730159,794.085
46.004535147,794.182
46.010340136,793.568
46.016145125,793.382
46.021950113,793.407
46.027755102,793.884
46.033560091,794.085
46.039365079,794.53
46.045170068,796.221
46.050975057,802.862
46.056780045,822.529
46.062585034,859.643
46.068390023,869.606
46.074195011,875.277
46.080000000,877.514
46.085804989,874.543
46.091609977,874.121
46.097414966,872.087
46.103219955,869.991
46.109024943,869.663
46.114829932,862.089
46.120634921,857.26
46.126439909,857.027
46.172879819,1195.66
46.178684807,1190.15
46.184489796,1188.61
46.190294785,1188.37
46.196099773,1187.79
46.201904762,1187.23
46.207709751,1186.8
46.213514739,1186.3
46.219319728,1186.04
46.225124717,1185.81
46.230929705,1185.65
46.236734694,1185.4
46.242539683,1185.49
46.248344671,1188.33
46.254149660,1195.63
46.265759637,1305.14
46.271564626,1313.26
46.277369615,1315.62
46.283174603,1316.76
46.288979592,1316.39
46.294784580,1316.17
46.300589569,1315.42
46.306394558,1315.12
46.312199546,1314.66
46.318004535,1313.14
46.323809524,1313.25
46.329614512,1312.41
46.335419501,1309.45
46.341224490,1306.88
46.347029478,1300.79
46.352834467,1289.14
46.358639456,1260.11
46.364444444,1187.2
46.370249433,1180.9
46.376054422,1179.49
46.381859410,1179.07
46.387664399,1179.22
46.393469388,1178.37
46.399274376,1178.35
46.405079365,1179.55
46.410884354,1182.28
46.416689342,1194.78
46.422494331,1236.87
46.428299320,1296.08
46.434104308,1301.27
46.439909297,1308.48
46.445714286,1309.94
46.451519274,1310.78
46.457324263,1311
46.463129252,1311.23
46.468934240,1310.97
46.474739229,1310.33
46.480544218,1310.54
46.486349206,1310.57
46.492154195,1309.7
46.497959184,1308.4
46.503764172,1302.82
46.509569161,1293.38
46.515374150,1272
46.526984127,1176.24
46.532789116,1175.2
46.538594104,1176.13
46.544399093,1176.52
46.550204082,1177.22
46.556009070,1178.47
46.561814059,1180.64
46.567619048,1185.43
46.573424036,1212.76
46.579229025,1268.18
46.585034014,1293.02
46.590839002,1299.79
46.596643991,1308.26
46.602448980,1309.8
46.608253968,1310.74
46.614058957,1310.64
46.619863946,1309.85
46.625668934,1309.79
46.631473923,1309.18
46.637278912,1308.68
46.643083900,1307.95
46.648888889,1307.09
46.654693878,1303.42
46.660498866,1299.92
46.666303855,1290.81
46.672108844,1267.04
46.683718821,1178.23
46.689523810,1175.49
46.695328798,1175.72
46.701133787,1178.85
46.706938776,1201.43
46.712743764,1256.31
46.718548753,1291.99
46.724353741,1300.14
46.730158730,1308
46.735963719,1310.77
46.741768707,1312.99
46.747573696,1312.04
46.753378685,1311.7
46.759183673,1310.51
46.764988662,1310.31
46.770793651,1310.7
46.776598639,1310.22
46.782403628,1310.06
46.788208617,1306.44
46.794013605,1300.25
46.799818594,1288.81
46.805623583,1220.41
46.811428571,1183.15
46.817233560,1180.03
46.823038549,1179.78
46.828843537,1179.55
46.834648526,1178.51
46.840453515,1179.04
46.846258503,1179.29
46.852063492,1181.01
46.857868481,1188.69
46.863673469,1206.45
46.869478458,1280.27
46.875283447,1293.15
46.881088435,1303.83
46.886893424,1309.33
46.892698413,1311.24
46.898503401,1311.7
46.904308390,1311.36
46.910113379,1312
46.915918367,1311.87
46.921723356,1310.99
46.927528345,1310.61
46.933333333,1310.26
46.939138322,1308.79
46.944943311,1303.89
46.950748299,1295.58
46.956553288,1276.54
46.962358277,1207.17
46.968163265,1182.4
46.973968254,1180.61
46.979773243,1180.4
46.985578231,1181.15
46.991383220,1182.09
46.997188209,1185.8
47.002993197,1198.91
47.008798186,1242.44
47.014603175,1284.9
47.020408163,1296.52
47.026213152,1307.95
47.032018141,1311.58
47.037823129,1313.97
47.043628118,1314.47
47.049433107,1314.86
47.055238095,1315.05
47.061043084,1314.35
47.066848073,1314.34
47.072653061,1314.28
47.078458050,1314.36
47.084263039,1314.21
47.090068027,1312.04
47.095873016,1306.19
47.101678005,1298.07
47.107482993,1266.74
47.119092971,1185.22
47.124897959,1184.64
47.130702948,1184.87
47.136507937,1184.57
47.142312925,1184.79
47.148117914,1187.88
47.153922902,1196.04
47.159727891,1223.06
47.165532880,1291.19
47.171337868,1303.58
47.177142857,1311.68
47.182947846,1312.97
47.188752834,1314.09
47.194557823,1313.68
47.200362812,1315.03
47.206167800,1315.57
47.211972789,1314.42
47.217777778,1313.57
47.223582766,1313.07
47.229387755,1313.04
47.235192744,1313.21
47.240997732,1306.82
47.246802721,1300.48
47.252607710,1288.54
47.264217687,1182.62
47.270022676,1180.69
47.275827664,1180.42
47.281632653,1179.96
47.287437642,1179.42
47.293242630,1179.6
47.299047619,1180.42
47.304852608,1187.9
47.316462585,1285.47
47.322267574,1296.85
47.328072562,1306.89
47.333877551,1310.17
47.339682540,1311.95
47.345487528,1312.54
47.351292517,1312.61
47.357097506,1312.54
47.362902494,1313.01
47.368707483,1313.31
47.374512472,1313.2
47.380317460,1312.47
47.386122449,1311.58
47.391927438,1307.11
47.397732426,1303.19
47.403537415,1295.27
47.415147392,1182.62
47.420952381,1180.56
47.426757370,1179.73
47.432562358,1178.98
47.438367347,1179.01
47.444172336,1179.12
47.449977324,1181.2
47.455782313,1190.32
47.461587302,1239.57
47.467392290,1296.21
47.473197279,1300.45
47.479002268,1306.48
47.484807256,1309.05
47.490612245,1311.12
47.496417234,1312.2
47.502222222,1312.45
47.508027211,1312.28
47.513832200,1311.96
47.519637188,1312.08
47.525442177,1311.52
47.531247166,1305.09
47.537052154,1297.98
47.542857143,1277.42
47.548662132,1197.71
47.554467120,1183.06
47.560272109,1180.94
47.566077098,1179.86
47.571882086,1179.11
47.577687075,1178.53
47.583492063,1178.18
47.589297052,1179.37
47.595102041,1182.18
47.600907029,1188.12
47.606712018,1204.25
47.612517007,1264.86
47.618321995,1295.02
47.624126984,1307.3
47.629931973,1313.51
47.635736961,1315.98
47.641541950,1318.56
47.647346939,1317.46
47.653151927,1316.05
47.658956916,1315.62
47.664761905,1314.83
47.670566893,1314.52
47.676371882,1313.98
47.682176871,1312.15
47.687981859,1306.66
47.693786848,1300.79
47.699591837,1281.28
47.711201814,1183.93
47.717006803,1181.61
47.722811791,1180.24
47.728616780,1179.57
47.734421769,1180.13
47.740226757,1191.62
47.751836735,1296.66
47.757641723,1300.19
47.763446712,1308.66
47.769251701,1311.98
47.775056689,1314.52
47.780861678,1313.72
47.786666667,1312.94
47.792471655,1312.35
47.798276644,1311.08
47.804081633,1309.52
47.809886621,1303.69
47.815691610,1297.28
47.821496599,1286.54
47.856326531,1324.7
47.862131519,1296.56
47.867936508,1296.22
47.873741497,1299.61
47.879546485,1305.87
47.885351474,1306.46
47.891156463,1307.97
47.896961451,1307.66
47.902766440,1307.2
47.908571429,1306.53
47.914376417,1303.38
47.920181406,1296.71
47.925986395,1286.89
47.931791383,1234.22
47.937596372,1182.52
47.943401361,1177.46
47.949206349,1176.96
47.955011338,1176.98
47.960816327,1176.76
47.966621315,1176.26
47.972426304,1177.77
47.978231293,1178.63
47.984036281,1185.4
47.989841270,1204.27
47.995646259,1271.38
48.001451247,1289.12
48.007256236,1296.67
48.013061224,1306.48
48.018866213,1309.13
48.024671202,1308.99
48.030476190,1308.83
48.036281179,1307.04
48.042086168,1305.93
48.047891156,1301.16
48.053696145,1296.74
48.059501134,1286.39
48.065306122,1249.28
48.071111111,1187.63
48.076916100,1183.14
48.082721088,1182.08
48.088526077,1181.31
48.094331066,1179.04
48.100136054,1177.86
48.105941043,1176.72
48.111746032,1175.89
48.117551020,1176.74
48.123356009,1176.51
48.129160998,1177.34
48.134965986,1178.01
48.140770975,1177.34
48.146575964,1178.26
48.152380952,1177.33
48.158185941,1177
48.163990930,1177.93
48.169795918,1176.2
48.175600907,1176.3
48.181405896,1175.98
48.187210884,1174.72
48.193015873,1174.76
48.198820862,1174.43
48.204625850,1173.78
48.210430839,1173.19
48.216235828,1172.99
48.222040816,1171.83
48.227845805,1171.52
48.233650794,1171.32
48.239455782,1170.13
48.245260771,1171.4
48.251065760,1172.18
48.256870748,1173.43
48.262675737,1179.59
48.268480726,1179.52
48.274285714,1185.74
48.280090703,1189.3
48.285895692,1188.64
48.291700680,1190.57
48.297505669,1186.16
48.303310658,1183.22
48.309115646,1183.65
48.314920635,1179.64
48.320725624,1182.68
48.326530612,1186.91
48.332335601,1188.96
48.338140590,1197.08
48.343945578,1264.51
48.349750567,1203.81
48.355555556,1202.08
48.361360544,1198.91
48.367165533,1196.86
48.372970522,1195.57
48.378775510,1193.71
48.384580499,1190.76
48.390385488,1186.86
48.396190476,1182.03
48.401995465,1179.59
48.407800454,1181.48
48.413605442,1184.39
48.419410431,1190.29
48.425215420,1190.33
48.431020408,1188.64
48.436825397,1187.92
48.442630385,1186.64
48.448435374,1190.03
48.454240363,1190.87
48.460045351,1191.18
48.465850340,1192.21
48.471655329,1192.51
48.477460317,1193.48
48.483265306,1193.19
48.489070295,1191.13
48.494875283,1191.33
48.500680272,1191.2
48.506485261,1191.64
48.512290249,1193
48.518095238,1191.92
48.523900227,1191.37
48.529705215,1189.56
48.535510204,1189.7
48.541315193,1188.28
48.547120181,1187.22
48.552925170,1187.15
48.558730159,1186.57
48.564535147,1187.74
48.570340136,1189.1
48.576145125,1190.99
48.581950113,1191.75
48.587755102,1191.68
48.593560091,1190.36
48.599365079,1188.02
48.605170068,1189.94
48.610975057,1190.64
48.616780045,1191.34
48.622585034,1192.21
48.628390023,1191.55
48.634195011,1191.94
48.640000000,1198.92
48.645804989,1202.69
48.651609977,1190.54
48.657414966,1181.62
48.663219955,1182.49
48.669024943,1182.23
48.674829932,1182.78
48.680634921,1184.6
48.686439909,1185.48
48.692244898,1186.44
48.698049887,1187.39
48.703854875,1188.16
48.709659864,1188.87
48.715464853,1189.45
48.721269841,1189.76
48.727074830,1189.95
48.732879819,1190.77
48.738684807,1195.42
48.744489796,1205.71
48.756099773,1314.17
48.761904762,1326.47
48.767709751,1327.21
48.773514739,1329.25
48.779319728,1329.88
48.785124717,1329.99
48.790929705,1330.48
48.796734694,1330.5
48.802539683,1330.26
48.808344671,1330.53
48.814149660,1330.5
48.819954649,1331.28
48.825759637,1331.33
48.831564626,1333.7
48.837369615,1341.31
48.843174603,1348.23
48.854784580,1262.63
48.860589569,1220.91
48.866394558,1204.31
48.872199546,1200.54
48.878004535,1201.04
48.883809524,1201.57
48.889614512,1202.01
48.895419501,1201.77
48.901224490,1201.66
48.907029478,1203.8
48.912834467,1207.67
48.918639456,1225.65
48.924444444,1249.53
48.930249433,1265.63
48.936054422,1296.44
48.941859410,1312.34
48.947664399,1317.01
48.953469388,1322.16
48.959274376,1325.19
48.965079365,1333.34
48.970884354,1332.97
48.976689342,1333.72
48.982494331,1337.69
48.988299320,1328.84
48.994104308,1335.99
48.999909297,1342.17
49.005714286,1334.39
49.011519274,1327.42
49.017324263,1306.03
49.023129252,1275.01
49.028934240,1324.39
49.034739229,1349.43
49.040544218,1352.69
49.046349206,1335.35
49.052154195,1336.85
49.057959184,1327.66
49.063764172,1323.94
49.069569161,1321.24
49.075374150,1296.37
49.081179138,1257.42
49.086984127,1220.05
49.092789116,1203.94
49.098594104,1202.06
49.104399093,1206.57
49.110204082,1219.03
49.116009070,1226.49
49.121814059,1234.45
49.127619048,1235.58
49.133424036,1230.62
49.156643991,1025.26
49.162448980,1019.83
49.168253968,1018.09
49.174058957,1017.15
49.179863946,1016.77
49.185668934,1016.45
49.191473923,1016.06
49.197278912,1015.63
49.203083900,1014.8
49.208888889,1013.76
49.214693878,1012.32
49.220498866,1010.72
49.226303855,1008.85
49.232108844,1007.04
49.237913832,1006.54
49.243718821,1006.35
49.249523810,1007.76
49.255328798,1009.49
49.261133787,1013.31
49.266938776,1018.54
49.272743764,1019.2
49.278548753,1020.9
49.284353741,1021.12
49.290158730,1021.56
49.295963719,1020.68
49.301768707,1020.68
49.307573696,1019.81
49.313378685,1016.98
49.319183673,1015.69
49.324988662,1013.31
49.330793651,1012.39
49.336598639,1012.55
49.342403628,1014.56
49.348208617,1017.58
49.354013605,1017.82
49.359818594,1016.55
49.365623583,1016.16
49.371428571,1015.91
49.377233560,1015.49
49.383038549,1016.62
49.388843537,1015.47
49.394648526,1014.18
49.400453515,1015.87
49.406258503,1020.79
49.423673469,1195.3
49.429478458,1195.75
49.435283447,1195.64
49.441088435,1195.52
49.446893424,1195.08
49.452698413,1194.87
49.458503401,1194.8
49.464308390,1194.75
49.470113379,1194.32
49.475918367,1193.97
49.481723356,1193.41
49.487528345,1193.27
49.493333333,1193.48
49.499138322,1193.63
49.504943311,1194.23
49.510748299,1194.65
49.516553288,1194.69
49.522358277,1194.88
49.528163265,1194.37
49.533968254,1194.11
49.539773243,1194.01
49.545578231,1193.54
49.551383220,1193.38
49.557188209,1193
49.562993197,1192.59
49.568798186,1192.2
49.574603175,1191.84
49.580408163,1192.23
49.586213152,1192.28
49.592018141,1193.96
49.597823129,1194.33
49.603628118,1194.26
49.609433107,1194.44
49.615238095,1194
49.621043084,1194.18
49.626848073,1194.38
49.632653061,1194.28
49.638458050,1194.01
49.644263039,1193.48
49.650068027,1193.17
49.655873016,1193.48
49.661678005,1193.85
49.667482993,1193.21
49.673287982,1192.79
49.679092971,1192.21
49.684897959,1190.88
49.690702948,1191.63
49.696507937,1192.27
49.702312925,1192.82
49.708117914,1193.52
49.713922902,1193.88
49.719727891,1194.25
49.725532880,1194.53
49.731337868,1194.37
49.737142857,1194.07
49.742947846,1193.8
49.748752834,1193.86
49.754557823,1193.93
49.760362812,1194.08
49.766167800,1194.17
49.771972789,1194.24
49.777777778,1194.49
49.783582766,1194.61
49.789387755,1194.49
49.795192744,1194.78
49.800997732,1194.48
49.806802721,1194.33
49.812607710,1194.31
49.818412698,1194.11
49.824217687,1194.38
49.830022676,1194.49
50.845895692,1244.68
50.851700680,1205.46
50.857505669,1200.59
50.863310658,1200.18
50.869115646,1198.7
50.874920635,1196.46
50.880725624,1194.34
50.886530612,1192.37
50.892335601,1190.88
50.898140590,1190.82
50.903945578,1191.18
50.909750567,1191.52
50.915555556,1191.65
50.921360544,1191.6
50.927165533,1191.68
50.932970522,1191.62
50.938775510,1191.68
50.944580499,1193.8
50.950385488,1197.68
50.956190476,1209.45
50.967800454,1323.18
50.973605442,1327.4
50.979410431,1329.1
50.985215420,1328.26
50.991020408,1328.44
50.996825397,1328.66
51.002630385,1328.17
51.008435374,1329.36
51.014240363,1329.04
51.020045351,1328.8
51.025850340,1329.07
51.031655329,1327.31
51.037460317,1327.8
51.043265306,1327.53
51.049070295,1327
51.054875283,1325.71
51.060680272,1317.67
51.066485261,1268.85
51.072290249,1213.36
51.078095238,1203.86
51.083900227,1202.47
51.089705215,1201.94
51.095510204,1202.15
51.101315193,1202.45
51.107120181,1202.61
51.112925170,1202.83
51.118730159,1202.66
51.124535147,1202.64
51.130340136,1202.14
51.136145125,1202.56
51.141950113,1204.68
51.147755102,1206.55
51.153560091,1217.38
51.159365079,1228.31
51.165170068,1229.61
51.170975057,1268.97
51.176780045,1271.32
51.182585034,1253.03
51.188390023,1239.45
51.194195011,1238.24
51.200000000,1238
51.205804989,1235.99
51.211609977,1235.12
51.217414966,1228.19
51.223219955,1223.15
51.229024943,1220.85
51.234829932,1215.9
51.240634921,1215.43
51.246439909,1218.3
51.252244898,1223.29
51.258049887,1224.41
51.263854875,1227.12
51.269659864,1228.47
51.275464853,1218.36
51.281269841,1218.55
51.287074830,1218.62
51.292879819,1213.39
51.298684807,1218.18
51.304489796,1212.64
51.310294785,1208.99
51.316099773,1213.79
51.321904762,1210.18
51.327709751,1210.7
51.333514739,1212.96
51.339319728,1210.36
51.345124717,1212.78
51.350929705,1220.33
51.374149660,1011.7
51.379954649,1010.33
51.385759637,1010.54
51.391564626,1011.31
51.397369615,1012.76
51.403174603,1014.84
51.408979592,1016.11
51.414784580,1016.5
51.420589569,1016.55
51.426394558,1016.19
51.432199546,1016.21
51.438004535,1016.36
51.443809524,1016.37
51.449614512,1016.61
51.455419501,1016.4
51.461224490,1017.89
51.467029478,1025.62
51.530884354,1022.09
51.536689342,1019.88
51.542494331,1017.04
51.548299320,1016.67
51.554104308,1016.84
51.559909297,1016.63
51.565714286,1016.49
51.571519274,1015.04
51.577324263,1014.79
51.583129252,1014.48
51.588934240,1014.42
51.594739229,1015.55
51.600544218,1016
51.606349206,1018.02
51.612154195,1018.52
51.617959184,1017.73
51.623764172,1018.12
51.629569161,1017.63
51.646984127,1191.86
51.652789116,1197.99
51.658594104,1197.8
51.664399093,1197.16
51.670204082,1197.39
51.676009070,1196.65
51.681814059,1196.33
51.687619048,1196.52
51.693424036,1196.18
51.699229025,1196.22
51.705034014,1196.83
51.710839002,1197.23
51.716643991,1197.63
51.722448980,1197.84
51.728253968,1197.64
51.734058957,1197.04
51.739863946,1196.22
51.745668934,1194.91
51.751473923,1193.84
51.757278912,1193.29
51.763083900,1193.17
51.768888889,1192.71
51.774693878,1191.9
51.780498866,1191.31
51.786303855,1192.75
51.792108844,1195.15
51.797913832,1196.19
51.803718821,1196.43
51.809523810,1196.5
51.815328798,1196.97
51.821133787,1196.75
51.826938776,1196.66
51.832743764,1196.57
51.838548753,1196.54
51.844353741,1196.31
51.850158730,1195.98
51.855963719,1195.99
51.861768707,1195.69
51.867573696,1195.62
51.873378685,1195.68
51.879183673,1195.36
51.884988662,1194.96
51.890793651,1193.68
51.896598639,1192.6
51.902403628,1192.74
51.908208617,1193.14
51.914013605,1195.08
51.919818594,1196.44
51.925623583,1196.33
51.931428571,1196.72
51.937233560,1196.64
51.943038549,1196.72
51.948843537,1196.57
51.954648526,1196.39
51.960453515,1196.33
51.966258503,1196.16
51.972063492,1196.37
51.977868481,1196.3
51.983673469,1196.53
51.989478458,1196.67
51.995283447,1196.62
52.001088435,1197.06
52.006893424,1196.96
52.012698413,1196.99
52.018503401,1196.96
52.024308390,1196.81
52.030113379,1196.78
52.035918367,1196.67
52.041723356,1196.57
52.047528345,1196.4
52.053333333,1196.26
54.926802721,1008.09
54.932607710,1006.58
54.938412698,1009.34
54.944217687,1010.45
54.950022676,1011.77
54.955827664,1012.97
54.961632653,1014.17
54.967437642,1014.95
54.973242630,1014.91
54.979047619,1014.67
54.984852608,1013.69
54.990657596,1012.24
54.996462585,1010.1
55.002267574,1007.99
55.008072562,1006.85
55.013877551,1006.68
55.019682540,1007.09
55.025487528,1008.03
55.031292517,1009.84
55.037097506,1010.65
55.042902494,1011.38
55.048707483,1011.41
55.054512472,1010.9
55.060317460,1011.38
55.066122449,1011.52
55.071927438,1012.06
55.077732426,1012.72
55.083537415,1012.56
55.089342404,1012.86
55.095147392,1012.69
55.100952381,1012.24
55.106757370,1012.02
55.112562358,1011.94
55.118367347,1011.6
55.124172336,1011.78
55.129977324,1011.31
55.135782313,1011.24
55.141587302,1011.03
55.147392290,1010.96
55.153197279,1011.39
55.159002268,1011.12
55.164807256,1011.03
55.170612245,1010.78
55.176417234,1011.22
55.182222222,1010.55
55.188027211,1015.36
55.205442177,1207.54
55.211247166,1205.77
55.217052154,1204.14
55.222857143,1203.39
55.228662132,1202.11
55.234467120,1200.87
55.240272109,1200.24
55.246077098,1199.22
55.251882086,1198.3
55.257687075,1196.96
55.263492063,1196.59
55.269297052,1196.89
55.275102041,1197.54
55.280907029,1197.15
55.286712018,1195.72
55.292517007,1194.59
55.298321995,1193.84
55.304126984,1193.37
55.309931973,1193.26
55.315736961,1192.97
55.321541950,1194.84
55.327346939,1197.23
55.333151927,1197.92
55.338956916,1198.81
55.344761905,1198.87
55.350566893,1199.13
55.356371882,1199.35
55.362176871,1200.23
55.367981859,1200.95
55.373786848,1200.23
55.379591837,1199.38
55.385396825,1199.43
55.391201814,1198.27
55.397006803,1198.61
55.402811791,1198.96
55.408616780,1197.76
55.414421769,1197.24
55.420226757,1194.8
55.426031746,1195.23
55.431836735,1197.2
55.437641723,1198.39
55.443446712,1199.96
55.449251701,1199.61
55.455056689,1195.07
55.472471655,999.484
55.478276644,999.865
55.484081633,1000.42
55.489886621,1000.79
55.495691610,1001.33
55.501496599,1001.09
55.507301587,1002.22
55.513106576,1002.79
55.518911565,1003.11
55.524716553,1003.8
55.530521542,1003.72
55.536326531,1004.02
55.542131519,1004.01
55.547936508,1003.79
55.553741497,1005.9
55.559546485,1009.52
55.565351474,1026.36
55.571156463,1077.61
55.576961451,1087.58
55.582766440,1086.34
55.588571429,1084.11
55.594376417,1080.67
55.600181406,1080.19
55.605986395,1079.59
55.611791383,1079.69
55.617596372,1079.02
55.623401361,1077.9
55.629206349,1076.54
55.635011338,1076.71
55.640816327,1080.63
55.646621315,1087.55
55.652426304,1091.05
55.658231293,1088.68
55.664036281,1084.06
55.669841270,1063.46
55.675646259,1000.84
55.681451247,1000.23
55.687256236,1002
55.693061224,1004.02
55.698866213,1005.02
55.704671202,1005.01
55.710476190,1004.67
55.716281179,1004.46
55.722086168,1003.73
55.727891156,1003.09
55.733696145,1002.1
55.739501134,1001.29
55.745306122,1000.23
55.751111111,1000.29
55.756916100,1000.51
55.762721088,1000.64
55.768526077,999.645
55.774331066,992.378
55.780136054,964.146
55.785941043,905.994
55.791746032,901.83
55.797551020,900.558
55.803356009,901.157
55.809160998,902.148
55.814965986,902.495
55.820770975,902.941
55.826575964,902.787
55.832380952,901.667
55.838185941,899.407
55.843990930,897.09
55.849795918,893.144
55.855600907,888.656
55.861405896,893.903
55.867210884,895.964
55.873015873,897.766
55.878820862,902.77
55.884625850,905.151
55.890430839,907.971
55.896235828,916.282
55.902040816,928.647
55.907845805,953.52
55.913650794,965.54
55.919455782,951.217
55.925260771,927.548
55.931065760,919.339
55.936870748,923.385
55.942675737,924.949
55.960090703,807.198
55.965895692,801.643
55.971700680,800.988
55.977505669,800.735
55.983310658,800.129
55.989115646,800.057
55.994920635,799.547
56.000725624,798.964
56.006530612,798.577
56.012335601,798.071
56.018140590,797.262
56.023945578,796.642
56.029750567,795.556
56.035555556,794.922
56.041360544,794.783
56.047165533,794.524
56.052970522,794.706
56.058775510,795.099
56.064580499,795.624
56.070385488,795.551
56.076190476,796.019
56.081995465,796.206
56.087800454,796.367
56.093605442,796.574
56.099410431,796.613
56.105215420,796.778
56.111020408,797.176
56.116825397,797.401
56.122630385,797.525
56.128435374,797.641
56.134240363,797.707
56.140045351,797.898
56.145850340,797.853
56.151655329,798.075
56.157460317,798.051
56.163265306,798.114
56.169070295,798.281
56.174875283,798.423
56.180680272,798.657
56.186485261,799.022
56.192290249,799.489
56.198095238,799.826
56.203900227,800.272
56.209705215,800.725
56.215510204,801.347
56.221315193,801.565
56.227120181,802.147
56.232925170,802.794
56.238730159,804.942
56.250340136,899.553
56.256145125,897.742
56.261950113,897.28
56.267755102,897.911
56.273560091,899.579
56.279365079,900.559
56.285170068,902.363
56.290975057,902.945
56.296780045,901.411
56.308390023,1008.28
56.314195011,1008.23
56.320000000,1010.59
56.325804989,1012.37
56.331609977,1011.86
56.337414966,1010.76
56.343219955,1011.2
56.349024943,1011.22
56.354829932,1008.67
56.366439909,1105.78
56.372244898,1112.24
56.378049887,1177.72
56.383854875,1190.47
56.389659864,1194.11
56.395464853,1194.52
56.401269841,1196.08
56.407074830,1197.46
56.412879819,1199.15
56.418684807,1198.86
56.424489796,1198.35
56.430294785,1197.97
56.436099773,1196.75
56.441904762,1196.83
56.447709751,1199.66
56.453514739,1202.6
56.465124717,1337.32
56.470929705,1341.09
56.476734694,1348.49
56.482539683,1387.95
56.488344671,1465.22
56.494149660,1477.41
56.499954649,1481.62
56.505759637,1488.7
56.511564626,1499.43
56.517369615,1526.76
56.523174603,1555.88
56.528979592,1578.26
56.534784580,1587.6
56.540589569,1592.55
56.546394558,1592.88
56.552199546,1593.76
56.558004535,1593.06
56.563809524,1594.52
56.569614512,1593.92
56.575419501,1593.75
56.581224490,1595.13
56.587029478,1593.83
56.592834467,1595.43
56.598639456,1595.05
56.604444444,1594.01
56.610249433,1594.02
56.616054422,1591.57
56.621859410,1589.99
56.627664399,1586.37
56.633469388,1575.68
56.639274376,1557.77
56.645079365,1543.76
56.650884354,1546.92
56.656689342,1555.47
56.662494331,1564.34
56.668299320,1568.77
56.674104308,1581.03
56.679909297,1589.04
56.685714286,1590.52
56.691519274,1603.73
56.697324263,1600.42
56.703129252,1602.18
56.708934240,1600.98
56.714739229,1597.98
56.720544218,1606.02
56.726349206,1601.55
56.732154195,1609.18
56.737959184,1604.26
56.743764172,1590.93
56.749569161,1594.92
56.755374150,1590.32
56.761179138,1600.88
56.766984127,1609.52
56.772789116,1613.89
56.778594104,1607.54
56.784399093,1597.76
56.790204082,1589
56.796009070,1587.47
56.801814059,1579.67
56.807619048,1572.83
56.813424036,1562.58
56.819229025,1549.25
56.825034014,1547.61
56.830839002,1553.95
56.836643991,1570.09
56.842448980,1551.99
56.848253968,1553.6
56.854058957,1554.66
56.859863946,1553.5
56.865668934,1571.01
56.871473923,1577.5
56.877278912,1579.34
56.883083900,1582.56
56.888888889,1583.76
56.894693878,1580.03
56.900498866,1583.48
56.906303855,1572.81
56.912108844,1569.8
56.917913832,1557.17
56.923718821,1546.85
56.929523810,1552.91
56.935328798,1556.49
56.941133787,1569.58
56.946938776,1575.91
56.952743764,1578.97
56.958548753,1576.25
56.964353741,1577.79
56.970158730,1583.81
56.975963719,1583.29
56.981768707,1587.01
56.987573696,1591.72
56.993378685,1588.65
56.999183673,1592.35
57.004988662,1592.41
57.010793651,1587.21
57.016598639,1585.61
57.022403628,1588.21
57.028208617,1586.49
57.034013605,1588.14
57.039818594,1589.05
57.045623583,1589.59
57.051428571,1589.86
57.057233560,1591.74
57.063038549,1591.66
57.068843537,1589.09
57.074648526,1590.61
57.080453515,1585.91
57.086258503,1585.81
57.092063492,1585.82
57.097868481,1583.7
57.103673469,1584.55
57.109478458,1583.95
57.115283447,1578.19
57.121088435,1579.08
57.126893424,1577.75
57.132698413,1571.61
57.138503401,1569.16
57.144308390,1566.89
57.150113379,1572.72
57.155918367,1576.54
57.161723356,1576.48
57.167528345,1562.2
57.173333333,1559.79
57.179138322,1560.21
57.184943311,1562.53
57.190748299,1584.35
57.196553288,1583.78
57.202358277,1581.22
57.208163265,1574.79
57.213968254,1573.66
57.219773243,1575.51
57.225578231,1577.46
57.231383220,1582
57.237188209,1588.08
57.242993197,1584.43
57.248798186,1580.6
57.254603175,1576.95
57.260408163,1573.9
57.266213152,1575.02
57.272018141,1575.35
57.277823129,1580.98
57.283628118,1581.79
57.289433107,1580.88
57.295238095,1576.32
57.301043084,1572.51
57.306848073,1574.68
57.312653061,1572.67
57.318458050,1576.56
57.324263039,1577.06
57.330068027,1574.95
57.335873016,1578.44
57.341678005,1579.97
57.347482993,1583.01
57.353287982,1580.64
57.359092971,1577.27
57.364897959,1575.04
57.370702948,1575.92
57.376507937,1578.78
57.382312925,1583.65
57.388117914,1583.33
57.393922902,1580.99
57.399727891,1578.13
57.405532880,1576.44
57.411337868,1572.48
57.417142857,1573.93
57.422947846,1575.66
57.428752834,1575.83
57.434557823,1575.13
57.440362812,1571.32
57.446167800,1566.13
57.451972789,1569.15
57.457777778,1572.22
57.463582766,1570.68
