0.0	415.264115194881	0.073349185
0.011609977324263039	420.0892517909185	0.27688655
0.023219954648526078	420.0892517909185	0.34779626
0.034829931972789115	420.0892517909185	0.4214529
0.046439909297052155	420.0892517909185	0.5197667
0.058049886621315196	420.0892517909185	0.58335984
0.06965986394557823	420.0892517909185	0.5865666
0.08126984126984127	420.0892517909185	0.5620726
0.09287981859410431	420.0892517909185	0.54636467
0.10448979591836735	420.0892517909185	0.53521174
0.11609977324263039	424.9704537735825	0.52348095
0.12770975056689343	420.0892517909185	0.488596
0.13931972789115646	420.0892517909185	0.4844915
0.1509297052154195	420.0892517909185	0.48639604
0.16253968253968254	420.0892517909185	0.48120058
0.17414965986394557	420.0892517909185	0.4693069
0.18575963718820862	420.0892517909185	0.45720366
0.19736961451247165	420.0892517909185	0.43460098
0.2089795918367347	420.0892517909185	0.39894196
0.22058956916099773	420.0892517909185	0.31194478
0.23219954648526078	415.264115194881	0.24472134
0.2438095238095238	415.264115194881	0.19402097
0.25541950113378686	415.264115194881	0.17884251
0.26702947845804986	415.264115194881	0.1985433
0.2786394557823129	415.264115194881	0.2378911
0.29024943310657597	420.0892517909185	0.2983899
0.301859410430839	420.0892517909185	0.38659632
0.313469387755102	420.0892517909185	0.45185867
0.3250793650793651	420.0892517909185	0.4933647
0.33668934240362813	420.0892517909185	0.5234706
0.34829931972789113	420.0892517909185	0.5296392
0.3599092970521542	420.0892517909185	0.5144616
0.37151927437641724	420.0892517909185	0.47667804
0.3831292517006803	420.0892517909185	0.41095012
0.3947392290249433	420.0892517909185	0.3570451
0.40634920634920635	420.0892517909185	0.39211258
0.4179591836734694	420.0892517909185	0.4907932
0.4295691609977324	420.0892517909185	0.5534801
0.44117913832199546	420.0892517909185	0.5984945
0.4527891156462585	420.0892517909185	0.6316888
0.46439909297052157	420.0892517909185	0.6303913
0.47600907029478456	420.0892517909185	0.6022236
0.4876190476190476	420.0892517909185	0.5628217
0.4992290249433107	420.0892517909185	0.51806533
0.5108390022675737	420.0892517909185	0.46834522
0.5224489795918368	420.0892517909185	0.41465262
0.5340589569160997	420.0892517909185	0.37450787
0.5456689342403628	517.1905354486353	0.37465084
0.5572789115646258	517.1905354486353	0.4417005
0.5688888888888889	517.1905354486353	0.46494982
0.5804988662131519	517.1905354486353	0.4651725
0.592108843537415	517.1905354486353	0.43291196
0.603718820861678	523.2	0.4145844
0.615328798185941	523.2	0.41525465
0.626938775510204	523.2	0.39376783
0.6385487528344671	523.2	0.35812357
0.6501587301587302	523.2	0.33563706
0.6617687074829932	523.2	0.31816342
0.6733786848072563	523.2	0.30496344
0.6849886621315193	523.2	0.35574976
0.6965986394557823	523.2	0.41314963
0.7082086167800453	523.2	0.43366143
0.7198185941043084	523.2	0.43879652
0.7314285714285714	523.2	0.4110936
0.7430385487528345	523.2	0.3667203
0.7546485260770975	523.2	0.32967788
0.7662585034013606	523.2	0.32204032
0.7778684807256235	523.2	0.3414655
0.7894784580498866	523.2	0.37105647
0.8010884353741496	523.2	0.3869075
0.8126984126984127	523.2	0.36500546
0.8243083900226758	523.2	0.3056123
0.8359183673469388	523.2	0.26957372
0.8475283446712019	529.2792911659659	0.32548508
0.8591383219954648	529.2792911659659	0.42543107
0.8707482993197279	529.2792911659659	0.49012402
0.8823582766439909	529.2792911659659	0.45362687
0.893968253968254	529.2792911659659	0.42159954
0.905578231292517	529.2792911659659	0.48243275
0.9171882086167801	529.2792911659659	0.498799
0.9287981859410431	529.2792911659659	0.42808875
0.9404081632653061	261.6	0.44288146
0.9520181405895691	261.6	0.48106697
0.9636281179138322	264.63964558298295	0.4682373
0.9752380952380952	264.63964558298295	0.47412178
0.9868480725623583	264.63964558298295	0.471812
0.9984580498866213	264.63964558298295	0.4546669
1.0100680272108844	264.63964558298295	0.44031692
1.0216780045351475	264.63964558298295	0.4443835
1.0332879818594105	264.63964558298295	0.47808152
1.0448979591836736	264.63964558298295	0.5338865
1.0565079365079366	264.63964558298295	0.5901623
1.0681179138321995	264.63964558298295	0.53614736
1.0797278911564625	267.7146101463563	0.440469
1.0913378684807256	264.63964558298295	0.37031683
1.1029478458049886	264.63964558298295	0.4003642
1.1145578231292517	264.63964558298295	0.3646903
1.1261678004535147	264.63964558298295	0.30268636
1.1377777777777778	264.63964558298295	0.2597482
1.1493877551020408	264.63964558298295	0.1990864
1.1609977324263039	622.1931625694237	0.20808142
1.172607709750567	622.1931625694237	0.23767942
1.18421768707483	622.1931625694237	0.2585633
1.195827664399093	629.4226988781635	0.27043548
1.207437641723356	629.4226988781635	0.27427524
1.2190476190476192	629.4226988781635	0.29170883
1.230657596371882	629.4226988781635	0.34004596
1.242267573696145	629.4226988781635	0.4214687
1.253877551020408	629.4226988781635	0.50920904
1.2654875283446712	629.4226988781635	0.53213114
1.2770975056689342	629.4226988781635	0.51433843
1.2887074829931973	622.1931625694237	0.486192
1.3003174603174603	622.1931625694237	0.47634315
1.3119274376417234	622.1931625694237	0.45652503
1.3235374149659864	629.4226988781635	0.39449188
1.3351473922902495	629.4226988781635	0.37327805
1.3467573696145125	629.4226988781635	0.34709203
1.3583673469387756	629.4226988781635	0.3404152
1.3699773242630386	629.4226988781635	0.32847464
1.3815873015873017	629.4226988781635	0.32655966
1.3931972789115645	629.4226988781635	0.33628744
1.4048072562358276	629.4226988781635	0.35441673
1.4164172335600906	629.4226988781635	0.37178606
1.4280272108843537	629.4226988781635	0.36874875
1.4396371882086167	629.4226988781635	0.36919948
1.4512471655328798	629.4226988781635	0.37975428
1.4628571428571429	622.1931625694237	0.39250818
1.474467120181406	622.1931625694237	0.4423809
1.486077097505669	622.1931625694237	0.48961163
1.497687074829932	622.1931625694237	0.5150865
1.509297052154195	629.4226988781635	0.51243013
1.5209070294784581	629.4226988781635	0.546038
1.5325170068027212	629.4226988781635	0.5621717
1.5441269841269842	629.4226988781635	0.59056216
1.555736961451247	629.4226988781635	0.6143241
1.5673469387755101	629.4226988781635	0.583195
1.5789569160997732	629.4226988781635	0.5625291
1.5905668934240362	629.4226988781635	0.6095175
1.6021768707482993	629.4226988781635	0.64202917
1.6137868480725623	629.4226988781635	0.6577447
1.6253968253968254	629.4226988781635	0.6688935
1.6370068027210884	629.4226988781635	0.67912817
1.6486167800453515	629.4226988781635	0.67715704
1.6602267573696146	629.4226988781635	0.68088114
1.6718367346938776	629.4226988781635	0.7066055
1.6834467120181407	629.4226988781635	0.74120796
1.6950566893424037	629.4226988781635	0.7778599
1.7066666666666668	629.4226988781635	0.8108233
1.7182766439909296	629.4226988781635	0.8256296
1.7298866213151927	629.4226988781635	0.8164669
1.7414965986394557	629.4226988781635	0.80009097
1.7531065759637188	629.4226988781635	0.7769993
1.7647165532879818	629.4226988781635	0.7596626
1.7763265306122449	629.4226988781635	0.76537514
1.787936507936508	629.4226988781635	0.77031523
1.799546485260771	629.4226988781635	0.7618438
1.811156462585034	629.4226988781635	0.7389583
1.822766439909297	629.4226988781635	0.7116044
1.8343764172335602	629.4226988781635	0.6742868
1.8459863945578232	629.4226988781635	0.5994397
1.8575963718820863	311.0965812847119	0.54246783
1.8692063492063493	311.0965812847119	0.5330204
1.8808163265306121	629.4226988781635	0.4669544
1.8924263038548752	629.4226988781635	0.52488446
1.9040362811791383	629.4226988781635	0.59865177
1.9156462585034013	629.4226988781635	0.6722651
1.9272562358276644	629.4226988781635	0.7342775
1.9388662131519274	629.4226988781635	0.7584347
1.9504761904761905	629.4226988781635	0.76379913
1.9620861678004535	629.4226988781635	0.7306311
1.9736961451247166	629.4226988781635	0.67630255
1.9853061224489796	629.4226988781635	0.61493665
1.9969160997732427	629.4226988781635	0.5340073
2.0085260770975055	629.4226988781635	0.42245883
2.020136054421769	311.0965812847119	0.3749236
2.0317460317460316	311.0965812847119	0.29639393
2.043356009070295	629.4226988781635	0.21572018
2.0549659863945577	636.7362383524531	0.17415524
2.066575963718821	311.0965812847119	0.1543159
2.078185941043084	311.0965812847119	0.15661529
2.089795918367347	560.7518755989885	0.22250874
2.10140589569161	560.7518755989885	0.30802926
2.1130158730158732	560.7518755989885	0.39499715
2.124625850340136	560.7518755989885	0.4652119
2.136235827664399	560.7518755989885	0.51237494
2.147845804988662	560.7518755989885	0.53478444
2.159455782312925	560.7518755989885	0.5141559
2.1710657596371883	560.7518755989885	0.49870506
2.182675736961451	560.7518755989885	0.53339046
2.1942857142857144	560.7518755989885	0.583943
2.2058956916099772	560.7518755989885	0.6417822
2.2175056689342405	560.7518755989885	0.6770549
2.2291156462585033	560.7518755989885	0.6845857
2.2407256235827666	560.7518755989885	0.6846363
2.2523356009070294	560.7518755989885	0.688778
2.2639455782312927	560.7518755989885	0.6857316
2.2755555555555556	560.7518755989885	0.6703165
2.2871655328798184	560.7518755989885	0.66496897
2.2987755102040817	560.7518755989885	0.6616977
2.3103854875283445	560.7518755989885	0.6463272
2.3219954648526078	560.7518755989885	0.6135378
2.3336054421768706	560.7518755989885	0.57008755
2.345215419501134	560.7518755989885	0.54183865
2.3568253968253967	560.7518755989885	0.5379475
2.36843537414966	560.7518755989885	0.5540788
2.380045351473923	560.7518755989885	0.5747096
2.391655328798186	560.7518755989885	0.58657646
2.403265306122449	560.7518755989885	0.59753263
2.414875283446712	560.7518755989885	0.6144855
2.426485260770975	560.7518755989885	0.6358472
2.4380952380952383	560.7518755989885	0.656434
2.449705215419501	560.7518755989885	0.6733482
2.461315192743764	560.7518755989885	0.6928895
2.4729251700680273	560.7518755989885	0.73087204
2.48453514739229	560.7518755989885	0.78509617
2.4961451247165534	560.7518755989885	0.834341
2.507755102040816	560.7518755989885	0.8562729
2.5193650793650795	560.7518755989885	0.85077775
2.5309750566893423	560.7518755989885	0.8195758
2.5425850340136056	560.7518755989885	0.7685425
2.5541950113378684	560.7518755989885	0.70288205
2.5658049886621317	560.7518755989885	0.6321103
2.5774149659863945	560.7518755989885	0.5465815
2.589024943310658	560.7518755989885	0.40404367
2.6006349206349206	267.7146101463563	0.36183912
2.6122448979591835	267.7146101463563	0.38158473
2.6238548752834467	267.7146101463563	0.32429826
2.6354648526077096	264.63964558298295	0.29990718
2.647074829931973	264.63964558298295	0.3062318
2.6586848072562357	277.15554548439167	0.40870094
2.670294784580499	277.15554548439167	0.5011227
2.681904761904762	277.15554548439167	0.5018467
2.693514739229025	277.15554548439167	0.44346833
2.705124716553288	277.15554548439167	0.39325282
2.716734693877551	277.15554548439167	0.39271274
2.728344671201814	277.15554548439167	0.41251677
2.7399546485260773	277.15554548439167	0.40091246
2.75156462585034	277.15554548439167	0.34577784
2.7631746031746034	261.6	0.44864547
2.7747845804988662	261.6	0.5174718
2.786394557823129	261.6	0.5020501
2.7980045351473923	264.63964558298295	0.46354106
2.809614512471655	264.63964558298295	0.4556604
2.8212244897959184	264.63964558298295	0.4259044
2.8328344671201813	264.63964558298295	0.3946767
2.8444444444444446	523.2	0.4340445
2.8560544217687074	523.2	0.49024284
2.8676643990929707	523.2	0.48228163
2.8792743764172335	523.2	0.4389627
2.8908843537414968	523.2	0.38651857
2.9024943310657596	529.2792911659659	0.30385152
2.914104308390023	264.63964558298295	0.26697266
2.9257142857142857	264.63964558298295	0.27282566
2.9373242630385485	529.2792911659659	0.2848293
2.948934240362812	529.2792911659659	0.3518561
2.9605442176870747	529.2792911659659	0.39378938
2.972154195011338	523.2	0.45080653
2.9837641723356008	523.2	0.5547623
2.995374149659864	523.2	0.6510577
3.006984126984127	523.2	0.6873964
3.01859410430839	523.2	0.6196362
3.030204081632653	261.6	0.6545233
3.0418140589569163	261.6	0.73008466
3.053424036281179	261.6	0.76292014
3.0650340136054424	261.6	0.747345
3.076643990929705	264.63964558298295	0.74448985
3.0882539682539685	261.6	0.7559241
3.0998639455782313	261.6	0.8017284
3.111473922902494	261.6	0.83002305
3.1230839002267574	261.6	0.8346443
3.1346938775510202	261.6	0.8282854
3.1463038548752835	261.6	0.822645
3.1579138321995464	261.6	0.8183702
3.1695238095238096	261.6	0.8106188
3.1811337868480725	261.6	0.80516046
3.1927437641723357	261.6	0.78686684
3.2043537414965986	261.6	0.75921786
3.215963718820862	261.6	0.7396887
3.2275736961451247	261.6	0.720385
3.239183673469388	261.6	0.6951025
3.250793650793651	261.6	0.6876928
3.2624036281179136	261.6	0.6855297
3.274013605442177	264.63964558298295	0.6825033
3.2856235827664397	264.63964558298295	0.6344142
3.297233560090703	264.63964558298295	0.62776566
3.308843537414966	261.6	0.6558623
3.320453514739229	261.6	0.71747595
3.332063492063492	261.6	0.69996613
3.3436734693877552	261.6	0.65821934
3.355283446712018	261.6	0.6451504
3.3668934240362813	261.6	0.6517031
3.378503401360544	261.6	0.6487871
3.3901133786848074	261.6	0.6559252
3.4017233560090703	261.6	0.653112
3.4133333333333336	261.6	0.63692486
3.4249433106575964	261.6	0.597666
3.436553287981859	261.6	0.5745846
3.4481632653061225	261.6	0.56497335
3.4597732426303853	261.6	0.54883415
3.4713832199546486	261.6	0.54946816
3.4829931972789114	261.6	0.5622656
3.4946031746031747	261.6	0.55149025
3.5062131519274375	261.6	0.51927006
3.517823129251701	261.6	0.4505822
3.5294331065759637	523.2	0.38846838
3.541043083900227	523.2	0.39019638
3.5526530612244898	523.2	0.36639565
3.564263038548753	523.2	0.3523642
3.575873015873016	529.2792911659659	0.33888677
3.5874829931972787	529.2792911659659	0.34709933
3.599092970521542	529.2792911659659	0.3212896
3.610702947845805	529.2792911659659	0.29477903
3.622312925170068	523.2	0.28570664
3.633922902494331	523.2	0.2804556
3.645532879818594	523.2	0.2732227
3.657142857142857	261.6	0.31665117
3.6687528344671203	264.63964558298295	0.33442068
3.680362811791383	264.63964558298295	0.3317698
3.6919727891156464	264.63964558298295	0.3463652
3.7035827664399092	261.6	0.39972088
3.7151927437641725	261.6	0.45297456
3.7268027210884354	261.6	0.41631317
3.7384126984126986	261.6	0.33510402
3.7500226757369615	261.6	0.3283242
3.7616326530612243	261.6	0.35393354
3.7732426303854876	261.6	0.3421732
3.7848526077097504	523.2	0.3723171
3.7964625850340137	523.2	0.4382847
3.8080725623582765	523.2	0.53136045
3.81968253968254	523.2	0.62884104
3.8312925170068026	523.2	0.66991603
3.842902494331066	523.2	0.6390632
3.8545124716553287	523.2	0.58741224
3.866122448979592	523.2	0.5246307
3.877732426303855	523.2	0.4620175
3.889342403628118	523.2	0.43040803
3.900952380952381	523.2	0.45100403
3.912562358276644	523.2	0.48417372
3.924172335600907	523.2	0.50530577
3.93578231292517	523.2	0.53126407
3.947392290249433	523.2	0.5843675
3.959002267573696	523.2	0.6387032
3.9706122448979593	523.2	0.68684906
3.982222222222222	523.2	0.70638025
3.9938321995464854	523.2	0.7090615
4.005442176870749	523.2	0.7105044
4.017052154195011	523.2	0.7044644
4.028662131519274	523.2	0.6744472
4.040272108843538	523.2	0.5974482
4.051882086167801	523.2	0.4977215
4.063492063492063	529.2792911659659	0.4145836
4.0751020408163265	174.5970529254405	0.37451628
4.08671201814059	174.5970529254405	0.34440953
4.098321995464852	174.5970529254405	0.30610907
4.1099319727891155	174.5970529254405	0.26290572
4.121541950113379	523.2	0.23094147
4.133151927437642	523.2	0.27523986
4.144761904761904	523.2	0.30581397
4.156371882086168	523.2	0.3205125
4.167981859410431	523.2	0.33055994
4.179591836734694	523.2	0.3294263
4.191201814058957	523.2	0.3161677
4.20281179138322	523.2	0.31424722
4.214421768707483	523.2	0.34161296
4.2260317460317465	523.2	0.3769099
4.237641723356009	523.2	0.39743763
4.249251700680272	523.2	0.41293067
4.260861678004535	523.2	0.44274125
4.272471655328798	523.2	0.4815604
4.284081632653061	523.2	0.5019705
4.295691609977324	523.2	0.498249
4.307301587301588	523.2	0.47610822
4.31891156462585	523.2	0.42823726
4.330521541950113	523.2	0.37350264
4.342131519274377	523.2	0.34464833
4.35374149659864	523.2	0.34238634
4.365351473922902	523.2	0.33901873
4.3769614512471655	523.2	0.31606978
4.388571428571429	523.2	0.2867098
4.400181405895691	523.2	0.26175204
4.4117913832199545	261.6	0.29008132
4.423401360544218	261.6	0.37064588
4.435011337868481	261.6	0.45105052
4.446621315192743	261.6	0.51227206
4.458231292517007	261.6	0.51878947
4.46984126984127	261.6	0.50238556
4.481451247165533	261.6	0.50884414
4.493061224489796	261.6	0.5224346
4.504671201814059	261.6	0.52877206
4.516281179138322	264.63964558298295	0.5674999
4.527891156462585	264.63964558298295	0.5700217
4.539501133786848	523.2	0.57003856
4.551111111111111	529.2792911659659	0.5567738
4.562721088435374	529.2792911659659	0.57470495
4.574331065759637	529.2792911659659	0.5838278
4.5859410430839	529.2792911659659	0.56605166
4.597551020408163	264.63964558298295	0.54531926
4.609160997732427	264.63964558298295	0.571911
4.620770975056689	264.63964558298295	0.6057459
4.632380952380952	261.6	0.6216083
4.6439909297052155	261.6	0.6343762
4.655600907029479	261.6	0.6018723
4.667210884353741	261.6	0.59188193
4.6788208616780045	529.2792911659659	0.57485247
4.690430839002268	523.2	0.67638177
4.702040816326531	523.2	0.76907444
4.713650793650793	523.2	0.79828894
4.725260770975057	523.2	0.7984159
4.73687074829932	529.2792911659659	0.7988706
4.748480725623582	529.2792911659659	0.7869923
4.760090702947846	529.2792911659659	0.71476966
4.771700680272109	535.4292202927126	0.6732626
4.783310657596372	535.4292202927126	0.66079044
4.794920634920635	529.2792911659659	0.649555
4.806530612244898	529.2792911659659	0.6370048
4.818140589569161	529.2792911659659	0.6058088
4.829750566893424	529.2792911659659	0.5982312
4.841360544217687	529.2792911659659	0.60386235
4.85297052154195	523.2	0.58552855
4.864580498866213	523.2	0.61074
4.876190476190477	523.2	0.60123634
4.887800453514739	529.2792911659659	0.57125807
4.899410430839002	264.63964558298295	0.5563731
4.911020408163266	264.63964558298295	0.6401411
4.922630385487528	264.63964558298295	0.67516947
4.934240362811791	264.63964558298295	0.6348066
4.9458503401360545	264.63964558298295	0.51730174
4.957460317460318	529.2792911659659	0.4222801
4.96907029478458	529.2792911659659	0.50473195
4.9806802721088435	529.2792911659659	0.59911567
4.992290249433107	529.2792911659659	0.6420007
5.00390022675737	529.2792911659659	0.62249017
5.015510204081632	523.2	0.6272927
5.027120181405896	529.2792911659659	0.5993697
5.038730158730159	529.2792911659659	0.53307515
5.050340136054421	264.63964558298295	0.54572856
5.061950113378685	264.63964558298295	0.67630404
5.073560090702948	264.63964558298295	0.72048765
5.085170068027211	264.63964558298295	0.70917577
5.0967800453514736	264.63964558298295	0.6787352
5.108390022675737	264.63964558298295	0.6373977
5.12	264.63964558298295	0.6211531
5.131609977324263	264.63964558298295	0.6389476
5.143219954648526	264.63964558298295	0.68234396
5.154829931972789	264.63964558298295	0.7445347
5.166439909297052	264.63964558298295	0.77502716
5.178049886621316	264.63964558298295	0.80862623
5.189659863945578	264.63964558298295	0.8330489
5.201269841269841	264.63964558298295	0.8564128
5.2128798185941045	264.63964558298295	0.8657727
5.224489795918367	264.63964558298295	0.87305015
5.23609977324263	264.63964558298295	0.87989634
5.2477097505668935	264.63964558298295	0.86655486
5.259319727891157	264.63964558298295	0.8273004
5.270929705215419	264.63964558298295	0.7906463
5.282539682539682	264.63964558298295	0.7710574
5.294149659863946	264.63964558298295	0.7325559
5.305759637188209	264.63964558298295	0.67081684
5.317369614512471	264.63964558298295	0.6204739
5.328979591836735	264.63964558298295	0.59106237
5.340589569160998	264.63964558298295	0.519613
5.352199546485261	460.764385065505	0.43952468
5.363809523809524	466.1182093310256	0.43399426
5.375419501133787	466.1182093310256	0.4273008
5.38702947845805	466.1182093310256	0.38777107
5.3986394557823125	466.1182093310256	0.3035449
5.410249433106576	466.1182093310256	0.24230212
5.421859410430839	466.1182093310256	0.2207301
5.433469387755102	466.1182093310256	0.21535867
5.445079365079365	466.1182093310256	0.19601561
5.456689342403628	261.6	0.23649502
5.468299319727891	261.6	0.31642392
5.479909297052155	261.6	0.32989627
5.491519274376417	264.63964558298295	0.29592815
5.50312925170068	264.63964558298295	0.28489697
5.5147392290249435	264.63964558298295	0.2715897
5.526349206349207	264.63964558298295	0.25179067
5.537959183673469	264.63964558298295	0.21939522
5.5495691609977325	466.1182093310256	0.32685262
5.561179138321996	466.1182093310256	0.49607223
5.572789115646258	466.1182093310256	0.65919966
5.584399092970521	466.1182093310256	0.7327561
5.596009070294785	466.1182093310256	0.74661297
5.607619047619048	466.1182093310256	0.7161203
5.61922902494331	466.1182093310256	0.6502892
5.630839002267574	466.1182093310256	0.5501718
5.642448979591837	466.1182093310256	0.43522957
5.6540589569161	466.1182093310256	0.3333124
5.6656689342403626	466.1182093310256	0.24882886
5.677278911564626	466.1182093310256	0.20113128
5.688888888888889	466.1182093310256	0.2244853
5.7004988662131515	466.1182093310256	0.3080778
5.712108843537415	471.5342420379865	0.34226772
5.723718820861678	471.5342420379865	0.31175175
5.735328798185941	471.5342420379865	0.26485798
5.746938775510204	471.5342420379865	0.24109948
5.758548752834467	471.5342420379865	0.23825787
5.77015873015873	471.5342420379865	0.23666984
5.7817687074829935	471.5342420379865	0.22099705
5.793378684807256	471.5342420379865	0.18859442
5.804988662131519	471.5342420379865	0.15414213
5.8165986394557825	471.5342420379865	0.13498877
5.828208616780046	471.5342420379865	0.13469161
5.839818594104308	420.0892517909185	0.14087589
5.851428571428571	420.0892517909185	0.14122656
5.863038548752835	420.0892517909185	0.13452074
5.874648526077097	420.0892517909185	0.14258443
5.88625850340136	420.0892517909185	0.17251833
5.897868480725624	420.0892517909185	0.20203333
5.909478458049887	420.0892517909185	0.21721755
5.921088435374149	420.0892517909185	0.24613495
5.932698412698413	415.264115194881	0.3306348
5.944308390022676	415.264115194881	0.4431797
5.955918367346939	415.264115194881	0.50089955
5.9675283446712015	415.264115194881	0.5105215
5.979138321995465	415.264115194881	0.5053104
5.990748299319728	420.0892517909185	0.45654663
6.002358276643991	420.0892517909185	0.4210173
6.013968253968254	420.0892517909185	0.3904906
6.025578231292517	420.0892517909185	0.36627656
6.03718820861678	415.264115194881	0.36229208
6.048798185941043	415.264115194881	0.35775653
6.060408163265306	415.264115194881	0.36387098
6.072018140589569	415.264115194881	0.42329845
6.0836281179138325	415.264115194881	0.4908114
6.095238095238095	415.264115194881	0.52944064
6.106848072562358	415.264115194881	0.54524845
6.1184580498866215	415.264115194881	0.53167397
6.130068027210885	415.264115194881	0.49029207
6.141678004535147	415.264115194881	0.46788535
6.15328798185941	415.264115194881	0.48866868
6.164897959183674	415.264115194881	0.5353284
6.176507936507937	415.264115194881	0.517066
6.188117913832199	415.264115194881	0.46426472
6.199727891156463	415.264115194881	0.44682765
6.211337868480726	415.264115194881	0.44103086
6.222947845804988	415.264115194881	0.42305258
6.2345578231292516	415.264115194881	0.40646306
6.246167800453515	415.264115194881	0.41461527
6.257777777777778	410.49440001958	0.42027262
6.2693877551020405	415.264115194881	0.41664186
6.280997732426304	415.264115194881	0.45421067
6.292607709750567	415.264115194881	0.46189612
6.30421768707483	415.264115194881	0.4385595
6.315827664399093	415.264115194881	0.4362603
6.327437641723356	415.264115194881	0.45755693
6.339047619047619	415.264115194881	0.44771326
6.350657596371882	415.264115194881	0.41191578
6.362267573696145	415.264115194881	0.4022833
6.373877551020408	415.264115194881	0.4055596
6.3854875283446715	415.264115194881	0.39357263
6.397097505668934	415.264115194881	0.3855779
6.408707482993197	415.264115194881	0.4318332
6.42031746031746	415.264115194881	0.49790052
6.431927437641724	415.264115194881	0.4804625
6.443537414965986	415.264115194881	0.40834466
6.455147392290249	420.0892517909185	0.3691449
6.466757369614513	420.0892517909185	0.3737856
6.478367346938776	420.0892517909185	0.37831008
6.489977324263038	420.0892517909185	0.37403965
6.501587301587302	420.0892517909185	0.37625116
6.513197278911565	420.0892517909185	0.4249542
6.524807256235827	420.0892517909185	0.51823014
6.5364172335600905	420.0892517909185	0.57517415
6.548027210884354	420.0892517909185	0.62449104
6.559637188208617	415.264115194881	0.7104806
6.5712471655328795	415.264115194881	0.77957445
6.582857142857143	415.264115194881	0.7804678
6.594467120181406	415.264115194881	0.72122455
6.606077097505669	415.264115194881	0.5838549
6.617687074829932	420.0892517909185	0.4721126
6.629297052154195	420.0892517909185	0.42137524
6.640907029478458	420.0892517909185	0.3937749
6.6525170068027215	420.0892517909185	0.3283977
6.664126984126984	420.0892517909185	0.2793223
6.675736961451247	420.0892517909185	0.33985537
6.6873469387755105	420.0892517909185	0.46522108
6.698956916099773	420.0892517909185	0.48766303
6.710566893424036	420.0892517909185	0.48203
6.722176870748299	415.264115194881	0.49840236
6.733786848072563	415.264115194881	0.5040573
6.745396825396825	415.264115194881	0.5082384
6.757006802721088	415.264115194881	0.5568186
6.768616780045352	415.264115194881	0.6107114
6.780226757369615	415.264115194881	0.6400338
6.791836734693877	415.264115194881	0.555727
6.8034467120181406	415.264115194881	0.43296054
6.815056689342404	415.264115194881	0.40139362
6.826666666666667	415.264115194881	0.4223284
6.8382766439909295	415.264115194881	0.42303982
6.849886621315193	415.264115194881	0.38775092
6.861496598639456	420.0892517909185	0.34591115
6.873106575963718	420.0892517909185	0.28135476
6.884716553287982	420.0892517909185	0.23757301
6.896326530612245	420.0892517909185	0.2067955
6.907936507936508	207.6320575974405	0.21616125
6.919546485260771	207.6320575974405	0.21952277
6.931156462585034	207.6320575974405	0.21790467
6.942766439909297	207.6320575974405	0.2081212
6.9543764172335605	207.6320575974405	0.20569034
6.965986394557823	207.6320575974405	0.23850651
6.977596371882086	207.6320575974405	0.28077015
6.989206349206349	207.6320575974405	0.32162428
7.000816326530612	207.6320575974405	0.3253917
7.012426303854875	207.6320575974405	0.27959397
7.024036281179138	420.0892517909185	0.23533076
7.035646258503402	420.0892517909185	0.30942306
7.047256235827664	420.0892517909185	0.3793295
7.058866213151927	415.264115194881	0.4342766
7.070476190476191	415.264115194881	0.46129352
7.082086167800454	415.264115194881	0.46763214
7.093696145124716	415.264115194881	0.4484685
7.1053061224489795	415.264115194881	0.4069588
7.116916099773243	415.264115194881	0.33645967
7.128526077097506	415.264115194881	0.25390962
7.1401360544217685	207.6320575974405	0.20950837
7.151746031746032	207.6320575974405	0.21715194
7.163356009070295	207.6320575974405	0.21593681
7.174965986394557	207.6320575974405	0.18978895
7.186575963718821	210.04462589545926	0.15803672
7.198185941043084	210.04462589545926	0.11698842
7.209795918367347	311.0965812847119	0.10493684
7.22140589569161	311.0965812847119	0.11563027
7.233015873015873	311.0965812847119	0.124990106
7.244625850340136	311.0965812847119	0.1252511
7.2562358276643995	311.0965812847119	0.1264209
7.267845804988662	311.0965812847119	0.12901683
7.279455782312925	415.264115194881	0.15008113
7.291065759637188	415.264115194881	0.17077452
7.302675736961452	420.0892517909185	0.19118638
7.314285714285714	420.0892517909185	0.23889123
7.325895691609977	420.0892517909185	0.3032649
7.337505668934241	420.0892517909185	0.38890243
7.349115646258503	420.0892517909185	0.4529305
7.360725623582766	420.0892517909185	0.46690774
7.3723356009070296	420.0892517909185	0.43171075
7.383945578231293	420.0892517909185	0.42194825
7.395555555555555	420.0892517909185	0.45613188
7.4071655328798185	420.0892517909185	0.48068732
7.418775510204082	420.0892517909185	0.47895744
7.430385487528345	420.0892517909185	0.49890527
7.441995464852607	420.0892517909185	0.5505605
7.453605442176871	420.0892517909185	0.5964116
7.465215419501134	420.0892517909185	0.5976473
7.476825396825397	415.264115194881	0.5614359
7.48843537414966	415.264115194881	0.50554204
7.500045351473923	415.264115194881	0.43209764
7.511655328798186	415.264115194881	0.42729667
7.523265306122449	415.264115194881	0.5073973
7.534875283446712	420.0892517909185	0.57082725
7.546485260770975	420.0892517909185	0.6203451
7.558095238095238	420.0892517909185	0.63122594
7.569705215419501	420.0892517909185	0.6630232
7.581315192743764	420.0892517909185	0.6925896
7.592925170068027	420.0892517909185	0.70974547
7.604535147392291	420.0892517909185	0.715501
7.616145124716553	420.0892517909185	0.712144
7.627755102040816	420.0892517909185	0.70902866
7.63936507936508	420.0892517909185	0.7082842
7.650975056689342	420.0892517909185	0.70824784
7.662585034013605	420.0892517909185	0.70193267
7.6741950113378685	420.0892517909185	0.67676896
7.685804988662132	420.0892517909185	0.62606925
7.697414965986394	420.0892517909185	0.5772667
7.7090249433106575	420.0892517909185	0.5455531
7.720634920634921	420.0892517909185	0.5251292
7.732244897959184	420.0892517909185	0.51018924
7.743854875283446	420.0892517909185	0.496082
7.75546485260771	420.0892517909185	0.471027
7.767074829931973	420.0892517909185	0.42987758
7.778684807256236	415.264115194881	0.40822756
7.790294784580499	415.264115194881	0.38747546
7.801904761904762	415.264115194881	0.34736684
7.813514739229025	415.264115194881	0.30968547
7.825124716553288	415.264115194881	0.30193657
7.836734693877551	420.0892517909185	0.29874668
7.848344671201814	420.0892517909185	0.22695068
7.859954648526077	420.0892517909185	0.16044246
7.87156462585034	420.0892517909185	0.15033908
7.883174603174603	420.0892517909185	0.16781992
7.894784580498866	420.0892517909185	0.16713469
7.90639455782313	420.0892517909185	0.17612198
7.918004535147392	420.0892517909185	0.17194779
7.929614512471655	420.0892517909185	0.17392269
7.9412244897959186	420.0892517909185	0.1781863
7.952834467120182	420.0892517909185	0.16245905
7.964444444444444	420.0892517909185	0.13862674
7.9760544217687075	420.0892517909185	0.1189186
7.987664399092971	420.0892517909185	0.10586183
7.999274376417233	420.0892517909185	0.08636493
8.010884353741497	420.0892517909185	0.061572712
8.02249433106576	466.1182093310256	0.03949945
8.034104308390022	391.95713131094	0.062472533
8.045714285714286	391.95713131094	0.08235284
8.057324263038549	391.95713131094	0.07444199
8.068934240362811	420.0892517909185	0.07092783
8.080544217687075	420.0892517909185	0.08895072
8.092154195011338	420.0892517909185	0.08851101
8.103764172335602	391.95713131094	0.12550513
8.115374149659864	391.95713131094	0.23639977
8.126984126984127	391.95713131094	0.3427012
8.13859410430839	391.95713131094	0.37119168
8.150204081632653	391.95713131094	0.31786123
8.161814058956915	391.95713131094	0.2655147
8.17342403628118	391.95713131094	0.24603637
8.185034013605442	391.95713131094	0.24282064
8.196643990929704	396.5114537991202	0.24600947
8.208253968253969	396.5114537991202	0.27445003
8.219863945578231	391.95713131094	0.30183938
8.231473922902495	391.95713131094	0.3216666
8.243083900226758	391.95713131094	0.2990957
8.25469387755102	391.95713131094	0.27667534
8.266303854875284	391.95713131094	0.27256802
8.277913832199546	391.95713131094	0.28578454
8.289523809523809	391.95713131094	0.28897098
8.301133786848073	391.95713131094	0.2825823
8.312743764172335	391.95713131094	0.2817796
8.324353741496598	391.95713131094	0.28153157
8.335963718820862	391.95713131094	0.2806292
8.347573696145124	391.95713131094	0.31430843
8.359183673469389	391.95713131094	0.38335234
8.370793650793651	391.95713131094	0.44188794
8.382403628117913	391.95713131094	0.45811275
8.394013605442177	391.95713131094	0.43200254
8.40562358276644	391.95713131094	0.37648052
8.417233560090702	391.95713131094	0.30374148
8.428843537414966	391.95713131094	0.22640692
8.440453514739229	391.95713131094	0.16752481
8.452063492063493	391.95713131094	0.12564987
8.463673469387755	391.95713131094	0.09116936
8.475283446712018	311.0965812847119	0.07797045
8.486893424036282	311.0965812847119	0.071489945
8.498503401360544	391.95713131094	0.060023695
8.510113378684807	391.95713131094	0.065572366
8.52172335600907	391.95713131094	0.06934897
8.533333333333333	391.95713131094	0.069357924
8.544943310657596	391.95713131094	0.08041934
8.55655328798186	391.95713131094	0.1118844
8.568163265306122	391.95713131094	0.16960162
8.579773242630386	391.95713131094	0.26517922
8.591383219954649	391.95713131094	0.3498806
8.602993197278911	391.95713131094	0.3542186
8.614603174603175	391.95713131094	0.29154813
8.626213151927438	391.95713131094	0.2345494
8.6378231292517	391.95713131094	0.19804908
8.649433106575964	277.15554548439167	0.2371768
8.661043083900227	277.15554548439167	0.3122197
8.672653061224489	277.15554548439167	0.3284497
8.684263038548753	277.15554548439167	0.32131124
8.695873015873016	277.15554548439167	0.30302224
8.70748299319728	277.15554548439167	0.26888165
8.719092970521542	277.15554548439167	0.19558746
8.730702947845804	396.5114537991202	0.16577184
8.742312925170069	396.5114537991202	0.18137044
8.753922902494331	391.95713131094	0.22933143
8.765532879818593	391.95713131094	0.29140186
8.777142857142858	391.95713131094	0.3305876
8.78875283446712	391.95713131094	0.32537913
8.800362811791382	391.95713131094	0.28791535
8.811972789115647	391.95713131094	0.2351391
8.823582766439909	391.95713131094	0.18625374
8.835192743764173	391.95713131094	0.1443689
8.846802721088435	391.95713131094	0.11203934
8.858412698412698	391.95713131094	0.09779543
8.870022675736962	391.95713131094	0.102221824
8.881632653061224	391.95713131094	0.112932354
8.893242630385487	391.95713131094	0.13629769
8.904852607709751	391.95713131094	0.15866569
8.916462585034013	391.95713131094	0.1800006
8.928072562358278	391.95713131094	0.1924576
8.93968253968254	391.95713131094	0.19368555
8.951292517006802	391.95713131094	0.20023112
8.962902494331066	391.95713131094	0.22324662
8.974512471655329	391.95713131094	0.26981336
8.986122448979591	391.95713131094	0.33487162
8.997732426303855	391.95713131094	0.3840402
9.009342403628118	391.95713131094	0.39047095
9.02095238095238	391.95713131094	0.37908766
9.032562358276644	391.95713131094	0.33856913
9.044172335600907	391.95713131094	0.2606857
9.05578231292517	391.95713131094	0.17180519
9.067392290249433	391.95713131094	0.11494839
9.079002267573696	391.95713131094	0.092491634
9.09061224489796	391.95713131094	0.08960174
9.102222222222222	391.95713131094	0.088263
9.113832199546485	387.45511967816526	0.09926329
9.125442176870749	391.95713131094	0.1283365
9.137052154195011	391.95713131094	0.2049358
9.148662131519274	391.95713131094	0.3198401
9.160272108843538	391.95713131094	0.41927695
9.1718820861678	391.95713131094	0.490678
9.183492063492064	391.95713131094	0.5401054
9.195102040816327	391.95713131094	0.53380007
9.206712018140589	391.95713131094	0.45122135
9.218321995464853	391.95713131094	0.35150483
9.229931972789116	391.95713131094	0.2730417
9.241541950113378	391.95713131094	0.23983218
9.253151927437642	391.95713131094	0.22634345
9.264761904761905	391.95713131094	0.19254318
9.276371882086167	391.95713131094	0.15604715
9.287981859410431	391.95713131094	0.121446595
9.299591836734693	391.95713131094	0.09098505
9.311201814058958	391.95713131094	0.079120815
9.32281179138322	391.95713131094	0.08494414
9.334421768707482	391.95713131094	0.09756944
9.346031746031747	311.0965812847119	0.10830477
9.357641723356009	311.0965812847119	0.1361769
9.369251700680271	311.0965812847119	0.16862795
9.380861678004536	311.0965812847119	0.20158441
9.392471655328798	311.0965812847119	0.21993524
9.404081632653062	311.0965812847119	0.23118411
9.415691609977324	311.0965812847119	0.243952
9.427301587301587	311.0965812847119	0.26010627
9.438911564625851	311.0965812847119	0.24527647
9.450521541950113	311.0965812847119	0.19298884
9.462131519274376	311.0965812847119	0.15999919
9.47374149659864	311.0965812847119	0.16376457
9.485351473922902	311.0965812847119	0.18039407
9.496961451247165	311.0965812847119	0.17187594
9.508571428571429	311.0965812847119	0.12209193
9.520181405895691	233.0591046655128	0.081495486
9.531791383219955	233.0591046655128	0.10769874
9.543401360544218	233.0591046655128	0.11411767
9.55501133786848	233.0591046655128	0.114156164
9.566621315192744	391.95713131094	0.10255345
9.578231292517007	391.95713131094	0.13360758
9.58984126984127	391.95713131094	0.14824599
9.601451247165533	391.95713131094	0.12964469
9.613061224489796	391.95713131094	0.11560786
9.624671201814058	391.95713131094	0.12090727
9.636281179138322	391.95713131094	0.13687104
9.647891156462585	391.95713131094	0.16422445
9.659501133786849	391.95713131094	0.1801206
9.671111111111111	391.95713131094	0.20391019
9.682721088435374	391.95713131094	0.21796581
9.694331065759638	391.95713131094	0.22719854
9.7059410430839	391.95713131094	0.23539338
9.717551020408163	391.95713131094	0.25871518
9.729160997732427	396.5114537991202	0.33613825
9.740770975056689	396.5114537991202	0.39581123
9.752380952380953	396.5114537991202	0.41420496
9.763990929705216	396.5114537991202	0.3913744
9.775600907029478	391.95713131094	0.3426139
9.787210884353742	396.5114537991202	0.2847659
9.798820861678005	396.5114537991202	0.24605225
9.810430839002267	396.5114537991202	0.23749015
9.822040816326531	396.5114537991202	0.26924205
9.833650793650794	396.5114537991202	0.3132531
9.845260770975056	396.5114537991202	0.3416682
9.85687074829932	391.95713131094	0.34530792
9.868480725623582	391.95713131094	0.34194246
9.880090702947847	391.95713131094	0.35362378
9.891700680272109	391.95713131094	0.33002546
9.903310657596371	391.95713131094	0.2937135
9.914920634920636	391.95713131094	0.22324125
9.926530612244898	396.5114537991202	0.19085462
9.93814058956916	396.5114537991202	0.17748123
9.949750566893425	396.5114537991202	0.18771762
9.961360544217687	396.5114537991202	0.1668175
9.97297052154195	391.95713131094	0.13154614
9.984580498866213	391.95713131094	0.10073236
9.996190476190476	391.95713131094	0.07817371
10.00780045351474	396.5114537991202	0.06698851
10.019410430839002	396.5114537991202	0.07031523
10.031020408163265	391.95713131094	0.08488263
10.042630385487529	391.95713131094	0.11651256
10.054240362811791	391.95713131094	0.13982917
10.065850340136054	391.95713131094	0.1460835
10.077460317460318	391.95713131094	0.12330221
10.08907029478458	391.95713131094	0.08913714
10.100680272108843	230.3821925327525	0.12892805
10.112290249433107	230.3821925327525	0.17432335
10.12390022675737	230.3821925327525	0.1888747
10.135510204081633	233.0591046655128	0.18447396
10.147120181405896	233.0591046655128	0.1663872
10.158730158730158	233.0591046655128	0.14964904
10.170340136054422	233.0591046655128	0.16308728
10.181950113378685	233.0591046655128	0.18994372
10.193560090702947	233.0591046655128	0.18227574
10.205170068027211	233.0591046655128	0.20615138
10.216780045351474	233.0591046655128	0.29927948
10.228390022675738	233.0591046655128	0.42360803
10.24	233.0591046655128	0.4928912
10.251609977324263	233.0591046655128	0.50581294
10.263219954648527	233.0591046655128	0.49174148
10.27482993197279	233.0591046655128	0.42162904
10.286439909297052	233.0591046655128	0.28459492
10.298049886621316	233.0591046655128	0.2011267
10.309659863945578	233.0591046655128	0.18921676
10.32126984126984	233.0591046655128	0.19056687
10.332879818594105	230.3821925327525	0.17384045
10.344489795918367	230.3821925327525	0.15717155
10.356099773242631	391.95713131094	0.17952438
10.367709750566894	396.5114537991202	0.27820328
10.379319727891156	396.5114537991202	0.35476297
10.39092970521542	396.5114537991202	0.40748942
10.402539682539683	396.5114537991202	0.36793616
10.414149659863945	396.5114537991202	0.21599199
10.425759637188209	233.0591046655128	0.1706783
10.437369614512471	230.3821925327525	0.19284874
10.448979591836734	230.3821925327525	0.19159508
10.460589569160998	230.3821925327525	0.13567913
10.47219954648526	230.3821925327525	0.10242542
10.483809523809525	230.3821925327525	0.10494105
10.495419501133787	230.3821925327525	0.12924692
10.50702947845805	230.3821925327525	0.16472752
10.518639455782314	233.0591046655128	0.18161738
10.530249433106576	233.0591046655128	0.1933769
10.541859410430838	233.0591046655128	0.21088432
10.553469387755102	233.0591046655128	0.23559946
10.565079365079365	233.0591046655128	0.25774723
10.576689342403627	230.3821925327525	0.26104784
10.588299319727891	230.3821925327525	0.2511082
10.599909297052154	230.3821925327525	0.23161101
10.611519274376418	230.3821925327525	0.2230254
10.62312925170068	230.3821925327525	0.22706679
10.634739229024943	230.3821925327525	0.24916731
10.646349206349207	230.3821925327525	0.28395393
10.65795918367347	230.3821925327525	0.31897014
10.669569160997732	230.3821925327525	0.34217352
10.681179138321996	230.3821925327525	0.35806298
10.692789115646258	230.3821925327525	0.35614523
10.704399092970522	233.0591046655128	0.3575627
10.716009070294785	233.0591046655128	0.37743032
10.727619047619047	233.0591046655128	0.39564532
10.739229024943311	233.0591046655128	0.3641201
10.750839002267574	235.76712101899324	0.29542682
10.762448979591836	235.76712101899324	0.23970123
10.7740589569161	235.76712101899324	0.23831391
10.785668934240363	235.76712101899324	0.25946215
10.797278911564625	235.76712101899324	0.27307868
10.80888888888889	235.76712101899324	0.27478534
10.820498866213152	235.76712101899324	0.28099814
10.832108843537416	235.76712101899324	0.30774438
10.843718820861678	235.76712101899324	0.3496434
10.85532879818594	235.76712101899324	0.40644753
10.866938775510205	235.76712101899324	0.45278224
10.878548752834467	235.76712101899324	0.5035089
10.89015873015873	233.0591046655128	0.5717106
10.901768707482994	233.0591046655128	0.62097156
10.913378684807256	233.0591046655128	0.62139505
10.924988662131518	233.0591046655128	0.58796126
10.936598639455783	235.76712101899324	0.5929387
10.948208616780045	235.76712101899324	0.5824506
10.95981859410431	235.76712101899324	0.53497064
10.971428571428572	233.0591046655128	0.51502824
10.983038548752834	233.0591046655128	0.52892816
10.994648526077098	233.0591046655128	0.51120675
11.00625850340136	233.0591046655128	0.49086896
11.017868480725623	233.0591046655128	0.46808013
11.029478458049887	233.0591046655128	0.45236638
11.04108843537415	233.0591046655128	0.45855767
11.052698412698414	233.0591046655128	0.4952306
11.064308390022676	233.0591046655128	0.5247868
11.075918367346938	235.76712101899324	0.52561396
11.087528344671203	235.76712101899324	0.52495843
11.099138321995465	235.76712101899324	0.5068176
11.110748299319727	235.76712101899324	0.4834027
11.122358276643991	235.76712101899324	0.4209292
11.133968253968254	233.0591046655128	0.37813836
11.145578231292516	233.0591046655128	0.27194265
11.15718820861678	233.0591046655128	0.18503532
11.168798185941043	233.0591046655128	0.12860912
11.180408163265307	233.0591046655128	0.08208132
11.19201814058957	420.0892517909185	0.056100626
11.203628117913832	78.67783735977044	0.058286216
11.215238095238096	78.67783735977044	0.07822575
11.226848072562358	78.67783735977044	0.08466691
11.23845804988662	78.67783735977044	0.08434445
11.250068027210885	233.0591046655128	0.08662893
11.261678004535147	233.0591046655128	0.10575977
11.27328798185941	233.0591046655128	0.119221926
11.284897959183674	233.0591046655128	0.11381735
11.296507936507936	233.0591046655128	0.08600632
11.3081179138322	415.264115194881	0.117371306
11.319727891156463	415.264115194881	0.2030536
11.331337868480725	415.264115194881	0.30385783
11.34294784580499	415.264115194881	0.37433666
11.354557823129252	415.264115194881	0.38445526
11.366167800453514	415.264115194881	0.33309552
11.377777777777778	415.264115194881	0.26763853
11.38938775510204	210.04462589545926	0.35763824
11.400997732426303	210.04462589545926	0.43355438
11.412607709750567	210.04462589545926	0.43457428
11.42421768707483	210.04462589545926	0.38170946
11.435827664399094	210.04462589545926	0.3219901
11.447437641723356	210.04462589545926	0.26640168
11.459047619047618	415.264115194881	0.28125715
11.470657596371883	415.264115194881	0.28068733
11.482267573696145	415.264115194881	0.24764746
11.493877551020407	415.264115194881	0.19922896
11.505487528344672	207.6320575974405	0.20961207
11.517097505668934	207.6320575974405	0.27211642
11.528707482993198	207.6320575974405	0.35867095
11.54031746031746	210.04462589545926	0.47856757
11.551927437641723	210.04462589545926	0.57240707
11.563537414965987	210.04462589545926	0.62591445
11.57514739229025	210.04462589545926	0.6476659
11.586757369614512	210.04462589545926	0.63794315
11.598367346938776	210.04462589545926	0.59650105
11.609977324263038	207.6320575974405	0.50234413
11.6215873015873	207.6320575974405	0.33106044
11.633197278911565	207.6320575974405	0.21641998
11.644807256235827	415.264115194881	0.2456482
11.656417233560092	415.264115194881	0.27976376
11.668027210884354	415.264115194881	0.29678962
11.679637188208616	415.264115194881	0.29851347
11.69124716553288	415.264115194881	0.29443187
11.702857142857143	415.264115194881	0.29403096
11.714467120181405	415.264115194881	0.29904795
11.72607709750567	415.264115194881	0.29745123
11.737687074829932	415.264115194881	0.27610537
11.749297052154194	415.264115194881	0.23865408
11.760907029478458	415.264115194881	0.20400108
11.77251700680272	103.81602879872027	0.20194842
11.784126984126985	103.81602879872027	0.21280698
11.795736961451247	103.81602879872027	0.20943101
11.80734693877551	103.81602879872027	0.19828011
11.818956916099774	103.81602879872027	0.18361866
11.830566893424036	415.264115194881	0.16278543
11.842176870748299	210.04462589545926	0.17193998
11.853786848072563	210.04462589545926	0.23959647
11.865396825396825	210.04462589545926	0.307795
11.877006802721088	210.04462589545926	0.33412895
11.888616780045352	207.6320575974405	0.29866195
11.900226757369614	207.6320575974405	0.27692655
11.911836734693878	207.6320575974405	0.23599021
11.92344671201814	207.6320575974405	0.18079513
11.935056689342403	207.6320575974405	0.1191576
11.946666666666667	105.02231294772965	0.101141624
11.95827664399093	105.02231294772965	0.14410758
11.969886621315192	105.02231294772965	0.19544089
11.981496598639456	105.02231294772965	0.2526142
11.993106575963719	105.02231294772965	0.29336736
12.004716553287983	103.81602879872027	0.32450905
12.016326530612245	103.81602879872027	0.3431039
12.027936507936507	103.81602879872027	0.3708389
12.039546485260772	103.81602879872027	0.40758947
12.051156462585034	103.81602879872027	0.43546534
12.062766439909296	103.81602879872027	0.4237846
12.07437641723356	103.81602879872027	0.37297893
12.085986394557823	103.81602879872027	0.3091743
12.097596371882085	103.81602879872027	0.2609169
12.10920634920635	103.81602879872027	0.22454707
12.120816326530612	105.02231294772965	0.19200957
12.132426303854876	103.81602879872027	0.17148347
12.144036281179138	103.81602879872027	0.20508093
12.1556462585034	103.81602879872027	0.2445083
12.167256235827665	103.81602879872027	0.26090726
12.178866213151927	105.02231294772965	0.25561798
12.19047619047619	105.02231294772965	0.25356564
12.202086167800454	105.02231294772965	0.23722108
12.213696145124716	103.81602879872027	0.22579241
12.225306122448979	103.81602879872027	0.19752577
12.236916099773243	103.81602879872027	0.17055552
12.248526077097505	103.81602879872027	0.13963431
12.26013605442177	102.623600004895	0.118162215
12.271746031746032	52.51115647386482	0.12635846
12.283356009070294	52.51115647386482	0.16105784
12.294965986394558	52.51115647386482	0.18413207
12.30657596371882	52.51115647386482	0.20618162
12.318185941043083	52.51115647386482	0.22326598
12.329795918367347	52.51115647386482	0.22958747
12.34140589569161	52.51115647386482	0.22276272
12.353015873015874	52.51115647386482	0.20502563
12.364625850340136	51.90801439936013	0.18315239
12.376235827664399	51.90801439936013	0.17001945
12.387845804988663	51.90801439936013	0.15164784
12.399455782312925	51.90801439936013	0.13306093
12.411065759637188	51.90801439936013	0.116995536
12.422675736961452	102.623600004895	0.10644028
12.434285714285714	51.90801439936013	0.10012065
12.445895691609977	51.90801439936013	0.100239545
12.45750566893424	51.90801439936013	0.105452105
12.469115646258503	51.90801439936013	0.11412471
12.480725623582767	51.311800002447505	0.12816407
12.49233560090703	51.311800002447505	0.14972919
12.503945578231292	51.311800002447505	0.17327736
12.515555555555556	51.311800002447505	0.18877794
12.527165532879819	51.311800002447505	0.18811089
12.538775510204081	51.90801439936013	0.18665898
12.550385487528345	51.90801439936013	0.19588454
12.561995464852608	51.90801439936013	0.20199145
12.57360544217687	51.90801439936013	0.20466997
12.585215419501134	51.90801439936013	0.20731023
12.596825396825396	51.90801439936013	0.2128834
12.60843537414966	51.90801439936013	0.22334598
12.620045351473923	51.90801439936013	0.23573287
12.631655328798185	51.90801439936013	0.2486703
12.64326530612245	51.90801439936013	0.26246357
12.654875283446712	51.90801439936013	0.2774923
12.666485260770974	51.90801439936013	0.29464442
12.678095238095239	51.90801439936013	0.31474462
12.689705215419501	51.90801439936013	0.33078155
12.701315192743763	51.90801439936013	0.32815063
12.712925170068027	51.90801439936013	0.32067102
12.72453514739229	51.90801439936013	0.30979323
12.736145124716554	51.90801439936013	0.29117656
12.747755102040816	51.90801439936013	0.25462994
12.759365079365079	51.90801439936013	0.19690679
12.770975056689343	51.90801439936013	0.13511585
12.782585034013605	51.90801439936013	0.0856878
12.794195011337868	51.90801439936013	0.05260343
12.805804988662132	51.90801439936013	0.032417495
12.817414965986394	51.90801439936013	0.020320702
12.829024943310658	51.311800002447505	0.013758131
12.84063492063492	51.311800002447505	0.010177278
12.852244897959183	51.311800002447505	0.008171392
12.863854875283447	314.71134943908174	0.017890254
12.87546485260771	314.71134943908174	0.043419242
12.887074829931972	314.71134943908174	0.07058662
12.898684807256236	314.71134943908174	0.07036655
12.910294784580499	314.71134943908174	0.05845093
12.921904761904761	314.71134943908174	0.04035142
12.933514739229025	629.4226988781635	0.030143593
12.945124716553288	629.4226988781635	0.028154813
12.956734693877552	629.4226988781635	0.02571425
12.968344671201814	793.0229075982402	0.028755061
12.979954648526077	793.0229075982402	0.031671237
12.99156462585034	793.0229075982402	0.034983203
13.003174603174603	793.0229075982402	0.039857384
13.014784580498866	793.0229075982402	0.04618707
13.02639455782313	793.0229075982402	0.053522095
13.038004535147392	793.0229075982402	0.061906103
13.049614512471654	793.0229075982402	0.07147516
13.061224489795919	793.0229075982402	0.082657054
13.072834467120181	793.0229075982402	0.09537148
13.084444444444445	793.0229075982402	0.10894898
13.096054421768708	793.0229075982402	0.12180875
13.10766439909297	793.0229075982402	0.13433653
13.119274376417234	793.0229075982402	0.14686692
13.130884353741497	793.0229075982402	0.15699394
13.142494331065759	802.2373899311349	0.17062736
13.154104308390023	802.2373899311349	0.20407923
13.165714285714285	802.2373899311349	0.25006834
13.177324263038548	802.2373899311349	0.30099675
13.188934240362812	802.2373899311349	0.3394219
13.200544217687074	802.2373899311349	0.33132416
13.212154195011339	802.2373899311349	0.28434163
13.223764172335601	820.9888000391602	0.20253094
13.235374149659863	830.5282303897623	0.14830565
13.246984126984128	830.5282303897623	0.1255119
13.25859410430839	830.5282303897623	0.12438795
13.270204081632652	830.5282303897623	0.12059132
13.281814058956916	830.5282303897623	0.104115106
13.293424036281179	830.5282303897623	0.08827024
13.305034013605443	622.1931625694237	0.08785217
13.316643990929705	622.1931625694237	0.08743614
13.328253968253968	622.1931625694237	0.08666665
13.339863945578232	622.1931625694237	0.08871763
13.351473922902494	840.1785035818373	0.09682021
13.363083900226757	840.1785035818373	0.11433826
13.374693877551021	840.1785035818373	0.13409463
13.386303854875283	840.1785035818373	0.15587282
13.397913832199546	840.1785035818373	0.17367241
13.40952380952381	840.1785035818373	0.18231869
13.421133786848072	840.1785035818373	0.18069087
13.432743764172336	622.1931625694237	0.17023656
13.444353741496599	622.1931625694237	0.16977634
13.455963718820861	622.1931625694237	0.15525165
13.467573696145125	840.1785035818373	0.1397558
13.479183673469388	840.1785035818373	0.14170456
13.49079365079365	840.1785035818373	0.1477288
13.502403628117914	840.1785035818373	0.15165348
13.514013605442177	840.1785035818373	0.1474556
13.525623582766439	840.1785035818373	0.13672376
13.537233560090703	840.1785035818373	0.118388616
13.548843537414966	622.1931625694237	0.10893771
13.56045351473923	622.1931625694237	0.11226721
13.572063492063492	622.1931625694237	0.11814685
13.583673469387755	622.1931625694237	0.12184241
13.595283446712019	622.1931625694237	0.123421036
13.606893424036281	622.1931625694237	0.12572941
13.618503401360543	622.1931625694237	0.12669522
13.630113378684808	622.1931625694237	0.12138934
13.64172335600907	622.1931625694237	0.11206396
13.653333333333334	622.1931625694237	0.10501979
13.664943310657597	622.1931625694237	0.107828304
13.676553287981859	622.1931625694237	0.122460686
13.688163265306123	622.1931625694237	0.14620261
13.699773242630386	622.1931625694237	0.1687371
13.711383219954648	622.1931625694237	0.18029886
13.722993197278912	622.1931625694237	0.18125246
13.734603174603174	629.4226988781635	0.18843845
13.746213151927437	629.4226988781635	0.18843298
13.757823129251701	629.4226988781635	0.17893957
13.769433106575963	629.4226988781635	0.16221744
13.781043083900228	622.1931625694237	0.16013417
13.79265306122449	622.1931625694237	0.15567331
13.804263038548752	622.1931625694237	0.12615229
13.815873015873017	615.0466645675841	0.10247808
13.827482993197279	615.0466645675841	0.08935654
13.839092970521541	615.0466645675841	0.084001854
13.850702947845805	615.0466645675841	0.081613526
13.862312925170068	622.1931625694237	0.093503416
13.87392290249433	622.1931625694237	0.09053052
13.885532879818594	629.4226988781635	0.077859774
13.897142857142857	629.4226988781635	0.06040822
13.908752834467121	629.4226988781635	0.05035186
13.920362811791383	629.4226988781635	0.047015324
13.931972789115646	629.4226988781635	0.049302623
13.94358276643991	629.4226988781635	0.055551074
13.955192743764172	629.4226988781635	0.05419365
13.966802721088435	622.1931625694237	0.048105255
13.978412698412699	622.1931625694237	0.041838598
13.990022675736961	622.1931625694237	0.036815584
14.001632653061224	554.3110909687832	0.044836752
14.013242630385488	554.3110909687832	0.07394534
14.02485260770975	547.9442850597518	0.0911128
14.036462585034014	547.9442850597518	0.087169535
14.048072562358277	523.2	0.1197243
14.05968253968254	523.2	0.2035891
14.071292517006803	523.2	0.2690891
14.082902494331066	523.2	0.27461147
14.094512471655328	523.2	0.24295802
14.106122448979592	523.2	0.21750043
14.117732426303855	523.2	0.21280149
14.129342403628119	523.2	0.22272672
14.140952380952381	523.2	0.23594497
14.152562358276644	523.2	0.2564874
14.164172335600908	523.2	0.294859
14.17578231292517	523.2	0.35000512
14.187392290249432	523.2	0.4000088
14.199002267573697	523.2	0.41180775
14.210612244897959	523.2	0.38084543
14.222222222222221	523.2	0.33444688
14.233832199546486	523.2	0.29827216
14.245442176870748	523.2	0.28214452
14.257052154195012	523.2	0.28495905
14.268662131519275	523.2	0.29525325
14.280272108843537	523.2	0.3038115
14.291882086167801	523.2	0.3164945
14.303492063492063	523.2	0.3377223
14.315102040816326	523.2	0.36361146
14.32671201814059	523.2	0.38692442
14.338321995464852	523.2	0.40953946
14.349931972789115	523.2	0.43344566
14.361541950113379	523.2	0.4433091
14.373151927437641	523.2	0.4264704
14.384761904761906	523.2	0.38875762
14.396371882086168	523.2	0.3431776
14.40798185941043	523.2	0.30967227
14.419591836734694	523.2	0.30461174
14.431201814058957	523.2	0.32846862
14.44281179138322	523.2	0.3667338
14.454421768707483	523.2	0.40215695
14.466031746031746	523.2	0.43587935
14.477641723356008	523.2	0.46826673
14.489251700680272	523.2	0.49030674
14.500861678004535	523.2	0.5008721
14.512471655328799	523.2	0.4976688
14.524081632653061	523.2	0.486249
14.535691609977324	523.2	0.46977013
14.547301587301588	523.2	0.4440366
14.55891156462585	523.2	0.40857944
14.570521541950113	523.2	0.37659928
14.582131519274377	523.2	0.35667342
14.59374149659864	523.2	0.34447163
14.605351473922903	529.2792911659659	0.31863442
14.616961451247166	529.2792911659659	0.3099352
14.628571428571428	529.2792911659659	0.29238582
14.640181405895692	523.2	0.27631554
14.651791383219955	523.2	0.25151715
14.663401360544217	523.2	0.23359519
14.675011337868481	523.2	0.22576615
14.686621315192744	523.2	0.22030134
14.698231292517006	523.2	0.20850836
14.70984126984127	523.2	0.18615657
14.721451247165533	523.2	0.16615622
14.733061224489797	523.2	0.1463112
14.744671201814059	523.2	0.124584064
14.756281179138321	523.2	0.0956181
14.767891156462586	523.2	0.072675645
14.779501133786848	523.2	0.057518862
14.79111111111111	523.2	0.047695983
14.802721088435375	523.2	0.040053796
14.814331065759637	415.264115194881	0.03791103
14.8259410430839	415.264115194881	0.04376809
14.837551020408164	415.264115194881	0.044851866
14.849160997732426	415.264115194881	0.040396314
14.86077097505669	529.2792911659659	0.037216645
14.872380952380952	529.2792911659659	0.04360806
14.883990929705215	529.2792911659659	0.049464263
14.895600907029479	529.2792911659659	0.05283571
14.907210884353741	529.2792911659659	0.052995674
14.918820861678004	529.2792911659659	0.051077146
14.930430839002268	529.2792911659659	0.049144424
14.94204081632653	529.2792911659659	0.048022788
14.953650793650795	529.2792911659659	0.047678422
14.965260770975057	529.2792911659659	0.04641981
14.97687074829932	529.2792911659659	0.043096542
14.988480725623583	529.2792911659659	0.038931675
15.000090702947846	529.2792911659659	0.033190724
15.011700680272108	311.0965812847119	0.02884163
15.023310657596372	311.0965812847119	0.036129545
15.034920634920635	311.0965812847119	0.043837793
15.046530612244897	311.0965812847119	0.04871439
15.058140589569161	311.0965812847119	0.04137103
15.069750566893424	314.71134943908174	0.03411312
15.081360544217688	314.71134943908174	0.031672042
15.09297052154195	314.71134943908174	0.029387243
15.104580498866213	314.71134943908174	0.027044749
15.116190476190477	314.71134943908174	0.024478378
15.12780045351474	420.0892517909185	0.030356953
15.139410430839002	420.0892517909185	0.03565616
15.151020408163266	420.0892517909185	0.03780028
15.162630385487528	420.0892517909185	0.035557084
15.17424036281179	420.0892517909185	0.03041174
15.185850340136055	420.0892517909185	0.024543926
15.197460317460317	420.0892517909185	0.01970354
15.209070294784581	420.0892517909185	0.016647514
15.220680272108844	420.0892517909185	0.015525833
15.232290249433106	420.0892517909185	0.016066236
15.24390022675737	420.0892517909185	0.017876294
15.255510204081633	420.0892517909185	0.020523053
15.267120181405895	420.0892517909185	0.022795571
15.27873015873016	420.0892517909185	0.023374401
15.290340136054422	420.0892517909185	0.021735255
15.301950113378684	314.71134943908174	0.01898006
15.313560090702948	314.71134943908174	0.018839879
15.32517006802721	311.0965812847119	0.016933192
15.336780045351475	311.0965812847119	0.013701626
15.348390022675737	205.24720000979	0.018594494
15.36	205.24720000979	0.021150945
15.371609977324264	205.24720000979	0.02310662
15.383219954648526	205.24720000979	0.02253159
15.394829931972788	207.6320575974405	0.018954188
15.406439909297053	207.6320575974405	0.018069172
15.418049886621315	207.6320575974405	0.017465374
15.429659863945579	207.6320575974405	0.017192308
15.441269841269841	207.6320575974405	0.017353598
15.452879818594104	207.6320575974405	0.016996419
15.464489795918368	207.6320575974405	0.016760608
15.47609977324263	210.04462589545926	0.018168416
15.487709750566893	210.04462589545926	0.021054618
15.499319727891157	210.04462589545926	0.023428377
15.51092970521542	210.04462589545926	0.025240418
15.522539682539682	210.04462589545926	0.027371729
15.534149659863946	210.04462589545926	0.030473456
15.545759637188208	210.04462589545926	0.03466084
15.557369614512472	210.04462589545926	0.04014235
15.568979591836735	210.04462589545926	0.046461176
15.580589569160997	210.04462589545926	0.05341828
15.592199546485261	210.04462589545926	0.05953095
15.603809523809524	210.04462589545926	0.060117815
15.615419501133786	210.04462589545926	0.050757907
15.62702947845805	77.77414532117797	0.05753037
15.638639455782313	77.77414532117797	0.07967085
15.650249433106575	77.77414532117797	0.096492946
15.66185941043084	78.67783735977044	0.10364519
15.673469387755102	78.67783735977044	0.11141212
15.685079365079366	78.67783735977044	0.108868875
15.696689342403628	391.95713131094	0.17711069
15.70829931972789	391.95713131094	0.22566274
15.719909297052155	391.95713131094	0.25984746
15.731519274376417	391.95713131094	0.26997125
15.74312925170068	391.95713131094	0.2722093
15.754739229024944	396.5114537991202	0.29180473
15.766349206349206	396.5114537991202	0.32863295
15.777959183673469	396.5114537991202	0.34715185
15.789569160997733	396.5114537991202	0.35322392
15.801179138321995	391.95713131094	0.36910084
15.81278911564626	391.95713131094	0.4297849
15.824399092970522	391.95713131094	0.5010415
15.836009070294784	391.95713131094	0.5516947
15.847619047619048	391.95713131094	0.5636254
15.85922902494331	391.95713131094	0.50653756
15.870839002267573	391.95713131094	0.4208904
15.882448979591837	391.95713131094	0.34649462
15.8940589569161	391.95713131094	0.29819345
15.905668934240364	391.95713131094	0.2898657
15.917278911564626	391.95713131094	0.3200109
15.928888888888888	391.95713131094	0.36988735
15.940498866213153	391.95713131094	0.40244815
15.952108843537415	391.95713131094	0.3676743
15.963718820861677	391.95713131094	0.31881073
15.975328798185942	391.95713131094	0.28947526
15.986938775510204	391.95713131094	0.26898655
15.998548752834466	391.95713131094	0.2548335
16.01015873015873	391.95713131094	0.27730215
16.021768707482995	391.95713131094	0.30594403
16.033378684807257	391.95713131094	0.32288897
16.04498866213152	391.95713131094	0.2933998
16.056598639455782	391.95713131094	0.2170567
16.068208616780044	396.5114537991202	0.15384072
16.07981859410431	233.0591046655128	0.18249193
16.091428571428573	233.0591046655128	0.22521335
16.103038548752835	233.0591046655128	0.22539838
16.114648526077097	233.0591046655128	0.19284992
16.12625850340136	233.0591046655128	0.16708025
16.137868480725622	233.0591046655128	0.1485491
16.149478458049888	233.0591046655128	0.12851411
16.16108843537415	233.0591046655128	0.11288343
16.172698412698413	235.76712101899324	0.114165686
16.184308390022675	235.76712101899324	0.112035826
16.195918367346938	235.76712101899324	0.10237015
16.207528344671204	415.264115194881	0.11185116
16.219138321995466	415.264115194881	0.11934699
16.23074829931973	415.264115194881	0.1047547
16.24235827664399	415.264115194881	0.09466928
16.253968253968253	415.264115194881	0.097030304
16.265578231292515	415.264115194881	0.09363118
16.27718820861678	207.6320575974405	0.08418229
16.288798185941044	207.6320575974405	0.14038152
16.300408163265306	207.6320575974405	0.21022289
16.31201814058957	207.6320575974405	0.25405502
16.32362811791383	207.6320575974405	0.25026822
16.335238095238097	207.6320575974405	0.22910179
16.34684807256236	207.6320575974405	0.20466481
16.35845804988662	207.6320575974405	0.16433012
16.370068027210884	207.6320575974405	0.12585458
16.381678004535146	207.6320575974405	0.09514786
16.39328798185941	207.6320575974405	0.06289556
16.404897959183675	267.7146101463563	0.037002675
16.416507936507937	471.5342420379865	0.050668538
16.4281179138322	471.5342420379865	0.0819049
16.439727891156462	466.1182093310256	0.117832184
16.451337868480724	466.1182093310256	0.12610865
16.46294784580499	466.1182093310256	0.10536137
16.474557823129253	466.1182093310256	0.08667652
16.486167800453515	471.5342420379865	0.076292574
16.497777777777777	471.5342420379865	0.06907619
16.50938775510204	471.5342420379865	0.0656723
16.520997732426302	471.5342420379865	0.0594023
16.532607709750568	471.5342420379865	0.057947
16.54421768707483	471.5342420379865	0.062389333
16.555827664399093	233.0591046655128	0.08140583
16.567437641723355	466.1182093310256	0.116345406
16.579047619047618	466.1182093310256	0.15628283
16.590657596371884	466.1182093310256	0.17577183
16.602267573696146	466.1182093310256	0.1917517
16.61387755102041	466.1182093310256	0.2241452
16.62548752834467	466.1182093310256	0.23903158
16.637097505668933	466.1182093310256	0.21774286
16.648707482993196	466.1182093310256	0.17677313
16.66031746031746	466.1182093310256	0.14926533
16.671927437641724	466.1182093310256	0.14594892
16.683537414965986	466.1182093310256	0.15013476
16.69514739229025	466.1182093310256	0.14269948
16.70675736961451	466.1182093310256	0.12771586
16.718367346938777	233.0591046655128	0.13008657
16.72997732426304	233.0591046655128	0.15955998
16.741587301587302	233.0591046655128	0.16593575
16.753197278911564	233.0591046655128	0.14889792
16.764807256235827	233.0591046655128	0.13317408
16.77641723356009	210.04462589545926	0.20924799
16.788027210884355	210.04462589545926	0.29753232
16.799637188208617	210.04462589545926	0.38073736
16.81124716553288	210.04462589545926	0.43807185
16.822857142857142	210.04462589545926	0.46732098
16.834467120181404	207.6320575974405	0.5006377
16.84607709750567	207.6320575974405	0.54737407
16.857687074829933	207.6320575974405	0.5585455
16.869297052154195	207.6320575974405	0.54422754
16.880907029478458	207.6320575974405	0.512742
16.89251700680272	207.6320575974405	0.47004852
16.904126984126986	207.6320575974405	0.4422523
16.91573696145125	207.6320575974405	0.40020403
16.92734693877551	207.6320575974405	0.33770576
16.938956916099773	207.6320575974405	0.26706448
16.950566893424035	261.6	0.24249287
16.962176870748298	261.6	0.30610144
16.973786848072564	261.6	0.3476613
16.985396825396826	261.6	0.26726982
16.99700680272109	207.6320575974405	0.22061738
17.00861678004535	207.6320575974405	0.23843119
17.020226757369613	207.6320575974405	0.28158155
17.03183673469388	207.6320575974405	0.33092502
17.04344671201814	207.6320575974405	0.34831646
17.055056689342404	207.6320575974405	0.31774926
17.066666666666666	415.264115194881	0.2745491
17.07827664399093	415.264115194881	0.36138603
17.08988662131519	415.264115194881	0.4184553
17.101496598639457	415.264115194881	0.45888904
17.11310657596372	415.264115194881	0.4368596
17.124716553287982	420.0892517909185	0.45166442
17.136326530612244	420.0892517909185	0.5069166
17.147936507936507	420.0892517909185	0.5486904
17.159546485260773	420.0892517909185	0.53132135
17.171156462585035	420.0892517909185	0.4898734
17.182766439909297	420.0892517909185	0.39660427
17.19437641723356	420.0892517909185	0.2955022
17.205986394557822	207.6320575974405	0.3376783
17.217596371882085	415.264115194881	0.3277369
17.22920634920635	415.264115194881	0.38250694
17.240816326530613	415.264115194881	0.4274853
17.252426303854875	415.264115194881	0.4365697
17.264036281179138	415.264115194881	0.4174233
17.2756462585034	415.264115194881	0.45051387
17.287256235827666	415.264115194881	0.54952884
17.29886621315193	415.264115194881	0.6313609
17.31047619047619	415.264115194881	0.668036
17.322086167800453	415.264115194881	0.7105485
17.333696145124716	415.264115194881	0.7336545
17.345306122448978	415.264115194881	0.7362935
17.356916099773244	415.264115194881	0.74161834
17.368526077097506	415.264115194881	0.7305859
17.38013605442177	415.264115194881	0.6739828
17.39174603174603	415.264115194881	0.57379574
17.403356009070293	207.6320575974405	0.5335225
17.41496598639456	207.6320575974405	0.54947275
17.426575963718822	207.6320575974405	0.54762834
17.438185941043084	207.6320575974405	0.5285341
17.449795918367347	207.6320575974405	0.51046306
17.46140589569161	207.6320575974405	0.5044423
17.47301587301587	207.6320575974405	0.4954558
17.484625850340137	207.6320575974405	0.46905428
17.4962358276644	207.6320575974405	0.4323384
17.507845804988662	415.264115194881	0.41217303
17.519455782312924	415.264115194881	0.48972836
17.531065759637187	415.264115194881	0.5414501
17.542675736961453	415.264115194881	0.5364354
17.554285714285715	415.264115194881	0.47521526
17.565895691609978	415.264115194881	0.3792583
17.57750566893424	207.6320575974405	0.32431906
17.589115646258502	415.264115194881	0.28380004
17.600725623582765	415.264115194881	0.3053331
17.61233560090703	415.264115194881	0.34193245
17.623945578231293	415.264115194881	0.39216113
17.635555555555555	415.264115194881	0.4492105
17.647165532879818	415.264115194881	0.50696
17.65877551020408	415.264115194881	0.5439623
17.670385487528346	415.264115194881	0.5552533
17.68199546485261	415.264115194881	0.55051893
17.69360544217687	415.264115194881	0.55230826
17.705215419501133	415.264115194881	0.5547122
17.716825396825396	415.264115194881	0.54694116
17.728435374149658	415.264115194881	0.5269027
17.740045351473924	420.0892517909185	0.5011084
17.751655328798186	420.0892517909185	0.45571923
17.76326530612245	420.0892517909185	0.39641157
17.77487528344671	415.264115194881	0.36327142
17.786485260770974	415.264115194881	0.3549633
17.79809523809524	415.264115194881	0.3396643
17.809705215419502	415.264115194881	0.31475094
17.821315192743764	420.0892517909185	0.2900275
17.832925170068027	415.264115194881	0.26177847
17.84453514739229	415.264115194881	0.23170477
17.856145124716555	420.0892517909185	0.1980034
17.867755102040817	420.0892517909185	0.17844231
17.87936507936508	420.0892517909185	0.1747402
17.890975056689342	420.0892517909185	0.17987908
17.902585034013605	420.0892517909185	0.17512804
17.914195011337867	261.6	0.19458282
17.925804988662133	261.6	0.19541511
17.937414965986395	207.6320575974405	0.24608923
17.949024943310658	207.6320575974405	0.28401634
17.96063492063492	207.6320575974405	0.30820492
17.972244897959182	207.6320575974405	0.32117286
17.98385487528345	207.6320575974405	0.32647127
17.99546485260771	207.6320575974405	0.3279903
18.007074829931973	207.6320575974405	0.33361056
18.018684807256236	207.6320575974405	0.3460684
18.030294784580498	207.6320575974405	0.3587948
18.04190476190476	207.6320575974405	0.36938402
18.053514739229026	207.6320575974405	0.3681754
18.06512471655329	207.6320575974405	0.34806088
18.07673469387755	207.6320575974405	0.32219145
18.088344671201813	207.6320575974405	0.28942612
18.099954648526076	207.6320575974405	0.26578918
18.11156462585034	207.6320575974405	0.24554537
18.123174603174604	207.6320575974405	0.22757526
18.134784580498867	207.6320575974405	0.21125232
18.14639455782313	415.264115194881	0.23836555
18.15800453514739	415.264115194881	0.3299052
18.169614512471654	415.264115194881	0.36610225
18.18122448979592	415.264115194881	0.3533746
18.192834467120182	415.264115194881	0.3138593
18.204444444444444	415.264115194881	0.274915
18.216054421768707	207.6320575974405	0.29125583
18.22766439909297	207.6320575974405	0.30104658
18.239274376417235	207.6320575974405	0.2953721
18.250884353741498	207.6320575974405	0.29070657
18.26249433106576	207.6320575974405	0.3177294
18.274104308390022	207.6320575974405	0.36391762
18.285714285714285	207.6320575974405	0.3986801
18.297324263038547	207.6320575974405	0.42449087
18.308934240362813	207.6320575974405	0.4460147
18.320544217687075	207.6320575974405	0.4621172
18.332154195011338	207.6320575974405	0.46523452
18.3437641723356	207.6320575974405	0.45137954
18.355374149659863	207.6320575974405	0.42512003
18.36698412698413	207.6320575974405	0.395387
18.37859410430839	207.6320575974405	0.36744174
18.390204081632653	207.6320575974405	0.3428167
18.401814058956916	415.264115194881	0.38819197
18.413424036281178	415.264115194881	0.4157862
18.42503401360544	415.264115194881	0.41151038
18.436643990929706	415.264115194881	0.38419813
18.44825396825397	415.264115194881	0.34692103
18.45986394557823	207.6320575974405	0.3559435
18.471473922902494	207.6320575974405	0.38049662
18.483083900226756	207.6320575974405	0.40603188
18.494693877551022	207.6320575974405	0.4277781
18.506303854875284	207.6320575974405	0.43447322
18.517913832199547	207.6320575974405	0.42040852
18.52952380952381	207.6320575974405	0.391737
18.54113378684807	207.6320575974405	0.34566924
18.552743764172334	210.04462589545926	0.28583965
18.5643537414966	210.04462589545926	0.2304122
18.575963718820862	207.6320575974405	0.18683791
18.587573696145125	207.6320575974405	0.15720718
18.599183673469387	207.6320575974405	0.1371195
18.61079365079365	207.6320575974405	0.1342794
18.622403628117915	51.90801439936013	0.15823309
18.634013605442178	207.6320575974405	0.17619357
18.64562358276644	207.6320575974405	0.19021323
18.657233560090702	51.90801439936013	0.1872285
18.668843537414965	51.90801439936013	0.19740728
18.68045351473923	51.90801439936013	0.20209275
18.692063492063493	51.90801439936013	0.19394101
18.703673469387756	52.51115647386482	0.17596245
18.715283446712018	51.90801439936013	0.15826915
18.72689342403628	51.90801439936013	0.13526963
18.738503401360543	415.264115194881	0.14434843
18.75011337868481	415.264115194881	0.2254816
18.76172335600907	415.264115194881	0.28386393
18.773333333333333	415.264115194881	0.28880078
18.784943310657596	420.0892517909185	0.26348585
18.796553287981858	420.0892517909185	0.23366986
18.808163265306124	420.0892517909185	0.21559575
18.819773242630387	420.0892517909185	0.21786809
18.83138321995465	420.0892517909185	0.24065311
18.84299319727891	415.264115194881	0.27563536
18.854603174603174	415.264115194881	0.33673182
18.866213151927436	415.264115194881	0.3897941
18.877823129251702	415.264115194881	0.42140862
18.889433106575964	415.264115194881	0.42286247
18.901043083900227	415.264115194881	0.38713688
18.91265306122449	415.264115194881	0.31689197
18.92426303854875	415.264115194881	0.23634022
18.935873015873018	207.6320575974405	0.17573613
18.94748299319728	210.04462589545926	0.18017323
18.959092970521542	210.04462589545926	0.1723028
18.970702947845805	210.04462589545926	0.1508959
18.982312925170067	415.264115194881	0.17887591
18.99392290249433	420.0892517909185	0.2258562
19.005532879818595	420.0892517909185	0.2849863
19.017142857142858	415.264115194881	0.3694384
19.02875283446712	415.264115194881	0.45758203
19.040362811791383	415.264115194881	0.51339906
19.051972789115645	415.264115194881	0.53235674
19.06358276643991	415.264115194881	0.52733773
19.075192743764173	415.264115194881	0.51199883
19.086802721088436	415.264115194881	0.48517883
19.098412698412698	415.264115194881	0.44164863
19.11002267573696	415.264115194881	0.37831724
19.121632653061223	415.264115194881	0.31036302
19.13324263038549	415.264115194881	0.2501612
19.14485260770975	415.264115194881	0.20460926
19.156462585034014	261.6	0.17996883
19.168072562358276	261.6	0.21646045
19.17968253968254	261.6	0.24659537
19.191292517006804	261.6	0.2599833
19.202902494331067	261.6	0.25343883
19.21451247165533	261.6	0.22794253
19.22612244897959	261.6	0.1970443
19.237732426303854	261.6	0.17325276
19.249342403628116	261.6	0.16088092
19.260952380952382	420.0892517909185	0.20718497
19.272562358276645	420.0892517909185	0.27316248
19.284172335600907	420.0892517909185	0.32648793
19.29578231292517	420.0892517909185	0.36235613
19.30739229024943	420.0892517909185	0.38552842
19.319002267573698	420.0892517909185	0.39477608
19.33061224489796	420.0892517909185	0.3965081
19.342222222222222	420.0892517909185	0.3795346
19.353832199546485	420.0892517909185	0.34113532
19.365442176870747	420.0892517909185	0.29012978
19.37705215419501	420.0892517909185	0.2336933
19.388662131519276	420.0892517909185	0.1799048
19.400272108843538	420.0892517909185	0.13467644
19.4118820861678	420.0892517909185	0.099041365
19.423492063492063	52.51115647386482	0.07326069
19.435102040816325	52.51115647386482	0.067574024
19.44671201814059	52.51115647386482	0.06847225
19.458321995464853	52.51115647386482	0.06764779
19.469931972789116	52.51115647386482	0.064257756
19.481541950113378	52.51115647386482	0.061784435
19.49315192743764	52.51115647386482	0.06022667
19.504761904761907	51.90801439936013	0.06896723
19.51637188208617	51.90801439936013	0.06805218
19.52798185941043	52.51115647386482	0.07174433
19.539591836734694	52.51115647386482	0.07997529
19.551201814058956	52.51115647386482	0.075301014
19.56281179138322	207.6320575974405	0.08119906
19.574421768707484	207.6320575974405	0.096312575
19.586031746031747	207.6320575974405	0.11636061
19.59764172335601	207.6320575974405	0.1463125
19.60925170068027	207.6320575974405	0.18957841
19.620861678004534	207.6320575974405	0.23516399
19.6324716553288	207.6320575974405	0.27203378
19.644081632653062	207.6320575974405	0.26716715
19.655691609977325	207.6320575974405	0.2595465
19.667301587301587	415.264115194881	0.27228525
19.67891156462585	415.264115194881	0.2667605
19.690521541950112	415.264115194881	0.24051943
19.702131519274378	415.264115194881	0.19611613
19.71374149659864	415.264115194881	0.15182227
19.725351473922903	415.264115194881	0.11616964
19.736961451247165	207.6320575974405	0.12817526
19.748571428571427	207.6320575974405	0.15571186
19.760181405895693	207.6320575974405	0.20016119
19.771791383219956	207.6320575974405	0.25427836
19.783401360544218	207.6320575974405	0.31300357
19.79501133786848	207.6320575974405	0.362394
19.806621315192743	207.6320575974405	0.39126277
19.818231292517005	207.6320575974405	0.38868564
19.82984126984127	207.6320575974405	0.35249624
19.841451247165534	210.04462589545926	0.31445456
19.853061224489796	210.04462589545926	0.28817195
19.86467120181406	210.04462589545926	0.26021194
19.87628117913832	210.04462589545926	0.23999281
19.887891156462587	207.6320575974405	0.23337598
19.89950113378685	207.6320575974405	0.23083727
19.91111111111111	207.6320575974405	0.2283541
19.922721088435374	207.6320575974405	0.22771312
19.934331065759636	207.6320575974405	0.22539154
19.9459410430839	207.6320575974405	0.21497488
19.957551020408165	207.6320575974405	0.19502047
19.969160997732427	207.6320575974405	0.17424053
19.98077097505669	207.6320575974405	0.156346
19.99238095238095	415.264115194881	0.16323988
20.003990929705214	415.264115194881	0.1625626
20.01560090702948	207.6320575974405	0.14536668
20.027210884353742	52.51115647386482	0.17947088
20.038820861678005	52.51115647386482	0.21406941
20.050430839002267	207.6320575974405	0.24184626
20.06204081632653	207.6320575974405	0.29707864
20.073650793650792	207.6320575974405	0.3493773
20.085260770975058	207.6320575974405	0.39136237
20.09687074829932	207.6320575974405	0.40277764
20.108480725623583	207.6320575974405	0.39987028
20.120090702947845	207.6320575974405	0.38775766
20.131700680272107	210.04462589545926	0.3665875
20.143310657596373	415.264115194881	0.37255296
20.154920634920636	415.264115194881	0.446826
20.166530612244898	415.264115194881	0.49058184
20.17814058956916	415.264115194881	0.50224483
20.189750566893423	415.264115194881	0.49836257
20.201360544217685	415.264115194881	0.4974083
20.21297052154195	415.264115194881	0.46519473
20.224580498866214	415.264115194881	0.39732793
20.236190476190476	207.6320575974405	0.38358164
20.24780045351474	207.6320575974405	0.41348866
20.259410430839	207.6320575974405	0.42001945
20.271020408163267	207.6320575974405	0.3955627
20.28263038548753	207.6320575974405	0.3417971
20.29424036281179	415.264115194881	0.30536872
20.305850340136054	415.264115194881	0.375357
20.317460317460316	415.264115194881	0.43131965
20.329070294784582	415.264115194881	0.45340446
20.340680272108845	415.264115194881	0.42739755
20.352290249433107	415.264115194881	0.35619405
20.36390022675737	415.264115194881	0.26971456
20.375510204081632	415.264115194881	0.2005379
20.387120181405894	415.264115194881	0.15910476
20.39873015873016	415.264115194881	0.14471272
20.410340136054423	415.264115194881	0.14718771
20.421950113378685	415.264115194881	0.16640358
20.433560090702947	415.264115194881	0.21260695
20.44517006802721	415.264115194881	0.28038737
20.456780045351476	415.264115194881	0.34240586
20.468390022675738	415.264115194881	0.37843376
20.48	415.264115194881	0.38370562
20.491609977324263	415.264115194881	0.3627136
20.503219954648525	415.264115194881	0.32552758
20.514829931972788	415.264115194881	0.28657845
20.526439909297054	415.264115194881	0.24919756
20.538049886621316	415.264115194881	0.21149412
20.54965986394558	415.264115194881	0.17399554
20.56126984126984	207.6320575974405	0.14627741
20.572879818594103	207.6320575974405	0.14333642
20.58448979591837	207.6320575974405	0.14738943
20.59609977324263	207.6320575974405	0.15331486
20.607709750566894	207.6320575974405	0.15624537
20.619319727891156	207.6320575974405	0.15852705
20.63092970521542	207.6320575974405	0.16410361
20.64253968253968	207.6320575974405	0.17859069
20.654149659863947	207.6320575974405	0.1999848
20.66575963718821	207.6320575974405	0.22445056
20.67736961451247	210.04462589545926	0.25076783
20.688979591836734	210.04462589545926	0.27706218
20.700589569160996	207.6320575974405	0.29190025
20.712199546485262	415.264115194881	0.34701276
20.723809523809525	415.264115194881	0.39909983
20.735419501133787	415.264115194881	0.42393753
20.74702947845805	415.264115194881	0.42967254
20.758639455782312	415.264115194881	0.41788986
20.770249433106574	415.264115194881	0.3895849
20.78185941043084	415.264115194881	0.35547918
20.793469387755103	415.264115194881	0.32109872
20.805079365079365	415.264115194881	0.27745286
20.816689342403627	415.264115194881	0.22255847
20.82829931972789	415.264115194881	0.15460873
20.839909297052156	210.04462589545926	0.18644935
20.851519274376418	210.04462589545926	0.26563162
20.86312925170068	210.04462589545926	0.3220898
20.874739229024943	210.04462589545926	0.36241767
20.886349206349205	210.04462589545926	0.3763677
20.897959183673468	210.04462589545926	0.3815979
20.909569160997734	210.04462589545926	0.40103197
20.921179138321996	210.04462589545926	0.42312607
20.93278911564626	210.04462589545926	0.43234953
20.94439909297052	210.04462589545926	0.42105544
20.956009070294783	210.04462589545926	0.41420132
20.96761904761905	210.04462589545926	0.4148205
20.97922902494331	210.04462589545926	0.42723382
20.990839002267574	210.04462589545926	0.4459535
21.002448979591836	210.04462589545926	0.46513462
21.0140589569161	210.04462589545926	0.48142824
21.02566893424036	210.04462589545926	0.49421287
21.037278911564627	210.04462589545926	0.49964786
21.04888888888889	210.04462589545926	0.46015382
21.060498866213152	210.04462589545926	0.41976738
21.072108843537414	210.04462589545926	0.3891094
21.083718820861677	210.04462589545926	0.3600799
21.095328798185943	210.04462589545926	0.32482246
21.106938775510205	210.04462589545926	0.2824927
21.118548752834467	210.04462589545926	0.24297683
21.13015873015873	210.04462589545926	0.21795852
21.141768707482992	210.04462589545926	0.2107914
21.153378684807254	210.04462589545926	0.21643952
21.16498866213152	210.04462589545926	0.22698367
21.176598639455783	210.04462589545926	0.23792985
21.188208616780045	210.04462589545926	0.24062143
21.199818594104308	210.04462589545926	0.21601206
21.21142857142857	210.04462589545926	0.19345154
21.223038548752836	210.04462589545926	0.17489609
21.2346485260771	210.04462589545926	0.15543152
21.24625850340136	106.24261344339561	0.13835897
21.257868480725623	105.02231294772965	0.15329032
21.269478458049885	105.02231294772965	0.16223168
21.28108843537415	103.81602879872027	0.16001396
21.292698412698414	103.81602879872027	0.15254273
21.304308390022676	103.81602879872027	0.12745842
21.31591836734694	103.81602879872027	0.100481845
21.3275283446712	105.02231294772965	0.077924944
21.339138321995463	105.02231294772965	0.06974296
21.35074829931973	105.02231294772965	0.0761019
21.36235827664399	51.90801439936013	0.056833602
21.373968253968254	51.90801439936013	0.087692045
