0.0	439.95700446074346	0.021392884
0.011609977324263039	439.95700446074346	0.03741647
0.023219954648526078	439.95700446074346	0.080630004
0.034829931972789115	439.95700446074346	0.22615953
0.046439909297052155	439.95700446074346	0.4898844
0.058049886621315196	439.95700446074346	0.74302024
0.06965986394557823	439.95700446074346	0.843327
0.08126984126984127	439.95700446074346	0.8716892
0.09287981859410431	439.95700446074346	0.87773645
0.10448979591836735	445.06905860948774	0.87705797
0.11609977324263039	445.06905860948774	0.8875767
0.12770975056689343	445.06905860948774	0.8867629
0.13931972789115646	445.06905860948774	0.8709879
0.1509297052154195	445.06905860948774	0.8432929
0.16253968253968254	445.06905860948774	0.8237545
0.17414965986394557	445.06905860948774	0.8102298
0.18575963718820862	439.95700446074346	0.83101237
0.19736961451247165	439.95700446074346	0.84341115
0.2089795918367347	445.06905860948774	0.8716996
0.22058956916099773	445.06905860948774	0.88363576
0.23219954648526078	445.06905860948774	0.8634824
0.2438095238095238	445.06905860948774	0.83183825
0.25541950113378686	450.2405119662335	0.75224125
0.26702947845804986	460.764385065505	0.6365972
0.2786394557823129	466.1182093310256	0.7800684
0.29024943310657597	466.1182093310256	0.7539337
0.301859410430839	466.1182093310256	0.6625724
0.313469387755102	466.1182093310256	0.6308164
0.3250793650793651	471.5342420379865	0.6694211
0.33668934240362813	471.5342420379865	0.68817514
0.34829931972789113	471.5342420379865	0.68559736
0.3599092970521542	471.5342420379865	0.7035845
0.37151927437641724	471.5342420379865	0.73783505
0.3831292517006803	471.5342420379865	0.77717674
0.3947392290249433	471.5342420379865	0.81207025
0.40634920634920635	471.5342420379865	0.8021116
0.4179591836734694	471.5342420379865	0.7660473
0.4295691609977324	471.5342420379865	0.70962805
0.44117913832199546	471.5342420379865	0.6138046
0.4527891156462585	466.1182093310256	0.48722565
0.46439909297052157	523.2	0.44652024
0.47600907029478456	523.2	0.740383
0.4876190476190476	529.2792911659659	0.8439909
0.4992290249433107	523.2	0.8590804
0.5108390022675737	523.2	0.8897244
0.5224489795918368	523.2	0.88963485
0.5340589569160997	523.2	0.8387399
0.5456689342403628	523.2	0.7796756
0.5572789115646258	523.2	0.7549047
0.5688888888888889	523.2	0.7779193
0.5804988662131519	523.2	0.79641765
0.592108843537415	523.2	0.76325655
0.603718820861678	523.2	0.68834376
0.615328798185941	523.2	0.6050399
0.626938775510204	523.2	0.56864554
0.6385487528344671	523.2	0.46293622
0.6501587301587302	529.2792911659659	0.36322486
0.6617687074829932	739.9165358336035	0.3381706
0.6733786848072563	739.9165358336035	0.37205574
0.6849886621315193	739.9165358336035	0.4401661
0.6965986394557823	739.9165358336035	0.4950135
0.7082086167800453	739.9165358336035	0.49702176
0.7198185941043084	739.9165358336035	0.50955576
0.7314285714285714	739.9165358336035	0.53637606
0.7430385487528345	739.9165358336035	0.5044834
0.7546485260770975	739.9165358336035	0.42390034
0.7662585034013606	739.9165358336035	0.34298384
0.7778684807256235	739.9165358336035	0.31140515
0.7894784580498866	739.9165358336035	0.2704235
0.8010884353741496	739.9165358336035	0.22269747
0.8126984126984127	739.9165358336035	0.1908044
0.8243083900226758	739.9165358336035	0.16654612
0.8359183673469388	739.9165358336035	0.13175505
0.8475283446712019	587.2721436754641	0.0816038
0.8591383219954648	587.2721436754641	0.06731565
0.8707482993197279	587.2721436754641	0.052904144
0.8823582766439909	629.4226988781635	0.11596547
0.893968253968254	629.4226988781635	0.22517747
0.905578231292517	629.4226988781635	0.3120501
0.9171882086167801	629.4226988781635	0.3784553
0.9287981859410431	629.4226988781635	0.42595103
0.9404081632653061	629.4226988781635	0.45265442
0.9520181405895691	629.4226988781635	0.46394053
0.9636281179138322	629.4226988781635	0.48957482
0.9752380952380952	629.4226988781635	0.5285569
0.9868480725623583	629.4226988781635	0.5205316
0.9984580498866213	629.4226988781635	0.43943802
1.0100680272108844	629.4226988781635	0.33116883
1.0216780045351475	629.4226988781635	0.2571953
1.0332879818594105	636.7362383524531	0.17856854
1.0448979591836736	636.7362383524531	0.09469234
1.0565079365079366	587.2721436754641	0.09268588
1.0681179138321995	587.2721436754641	0.094023764
1.0797278911564625	529.2792911659659	0.11617818
1.0913378684807256	529.2792911659659	0.20220722
1.1029478458049886	529.2792911659659	0.32397097
1.1145578231292517	529.2792911659659	0.38832515
1.1261678004535147	529.2792911659659	0.41104463
1.1377777777777778	529.2792911659659	0.4441393
1.1493877551020408	529.2792911659659	0.4748151
1.1609977324263039	529.2792911659659	0.4962574
1.172607709750567	529.2792911659659	0.49985573
1.18421768707483	529.2792911659659	0.48263004
1.195827664399093	529.2792911659659	0.4390247
1.207437641723356	529.2792911659659	0.37809783
1.2190476190476192	523.2	0.33644858
1.230657596371882	529.2792911659659	0.2420981
1.242267573696145	529.2792911659659	0.15927008
1.253877551020408	439.95700446074346	0.23810287
1.2654875283446712	439.95700446074346	0.34812737
1.2770975056689342	439.95700446074346	0.4896706
1.2887074829931973	439.95700446074346	0.6468515
1.3003174603174603	439.95700446074346	0.7777235
1.3119274376417234	439.95700446074346	0.81476444
1.3235374149659864	439.95700446074346	0.78413236
1.3351473922902495	439.95700446074346	0.7623811
1.3467573696145125	439.95700446074346	0.774773
1.3583673469387756	439.95700446074346	0.7854702
1.3699773242630386	439.95700446074346	0.7793918
1.3815873015873017	439.95700446074346	0.7130888
1.3931972789115645	439.95700446074346	0.6601933
1.4048072562358276	439.95700446074346	0.6730232
1.4164172335600906	439.95700446074346	0.6789065
1.4280272108843537	439.95700446074346	0.67000794
1.4396371882086167	439.95700446074346	0.6719689
1.4512471655328798	439.95700446074346	0.6892766
1.4628571428571429	439.95700446074346	0.69624275
1.474467120181406	439.95700446074346	0.6895797
1.486077097505669	439.95700446074346	0.66161734
1.497687074829932	439.95700446074346	0.6185467
1.509297052154195	439.95700446074346	0.5644212
1.5209070294784581	439.95700446074346	0.5463894
1.5325170068027212	439.95700446074346	0.5752038
1.5441269841269842	439.95700446074346	0.6066902
1.555736961451247	439.95700446074346	0.6154485
1.5673469387755101	594.0959172898832	0.59581465
1.5789569160997732	594.0959172898832	0.53259254
1.5905668934240362	587.2721436754641	0.4227504
1.6021768707482993	439.95700446074346	0.42691642
1.6137868480725623	439.95700446074346	0.4708612
1.6253968253968254	439.95700446074346	0.29495707
1.6370068027210884	587.2721436754641	0.14223754
1.6486167800453515	466.1182093310256	0.3171917
1.6602267573696146	466.1182093310256	0.46401793
1.6718367346938776	466.1182093310256	0.5903402
1.6834467120181407	466.1182093310256	0.69075954
1.6950566893424037	466.1182093310256	0.73953545
1.7066666666666668	466.1182093310256	0.70566607
1.7182766439909296	471.5342420379865	0.713379
1.7298866213151927	471.5342420379865	0.67951185
1.7414965986394557	466.1182093310256	0.63978034
1.7531065759637188	466.1182093310256	0.63537586
1.7647165532879818	471.5342420379865	0.67269486
1.7763265306122449	471.5342420379865	0.7174559
1.787936507936508	471.5342420379865	0.7291191
1.799546485260771	471.5342420379865	0.72513425
1.811156462585034	466.1182093310256	0.66398746
1.822766439909297	466.1182093310256	0.5793413
1.8343764172335602	466.1182093310256	0.41226834
1.8459863945578232	466.1182093310256	0.36934012
1.8575963718820863	466.1182093310256	0.46315506
1.8692063492063493	466.1182093310256	0.56476736
1.8808163265306121	466.1182093310256	0.59845585
1.8924263038548752	466.1182093310256	0.54353595
1.9040362811791383	793.0229075982402	0.5576792
1.9156462585034013	783.9142626218797	0.6728719
1.9272562358276644	783.9142626218797	0.7260814
1.9388662131519274	783.9142626218797	0.72180235
1.9504761904761905	783.9142626218797	0.70600754
1.9620861678004535	783.9142626218797	0.7114015
1.9736961451247166	783.9142626218797	0.73148775
1.9853061224489796	783.9142626218797	0.7318007
1.9969160997732427	783.9142626218797	0.69306946
2.0085260770975055	783.9142626218797	0.62961125
2.020136054421769	783.9142626218797	0.5717808
2.0317460317460316	793.0229075982402	0.48473138
2.043356009070295	793.0229075982402	0.32603696
2.0549659863945577	587.2721436754641	0.22822815
2.066575963718821	587.2721436754641	0.39475915
2.078185941043084	587.2721436754641	0.52768725
2.089795918367347	587.2721436754641	0.61685824
2.10140589569161	587.2721436754641	0.6831795
2.1130158730158732	587.2721436754641	0.7326135
2.124625850340136	587.2721436754641	0.76661956
2.136235827664399	587.2721436754641	0.7852492
2.147845804988662	587.2721436754641	0.7956701
2.159455782312925	587.2721436754641	0.8042831
2.1710657596371883	587.2721436754641	0.7971708
2.182675736961451	587.2721436754641	0.7498713
2.1942857142857144	594.0959172898832	0.6823036
2.2058956916099772	594.0959172898832	0.6073628
2.2175056689342405	587.2721436754641	0.54329926
2.2291156462585033	594.0959172898832	0.5455398
2.2407256235827666	594.0959172898832	0.41251203
2.2523356009070294	466.1182093310256	0.42986834
2.2639455782312927	466.1182093310256	0.42626467
2.2755555555555556	466.1182093310256	0.39844498
2.2871655328798184	466.1182093310256	0.38745272
2.2987755102040817	466.1182093310256	0.41632214
2.3103854875283445	471.5342420379865	0.48245844
2.3219954648526078	471.5342420379865	0.59933645
2.3336054421768706	471.5342420379865	0.7130197
2.345215419501134	471.5342420379865	0.78997755
2.3568253968253967	471.5342420379865	0.81596375
2.36843537414966	471.5342420379865	0.80003625
2.380045351473923	471.5342420379865	0.7706501
2.391655328798186	471.5342420379865	0.7474342
2.403265306122449	471.5342420379865	0.7081126
2.414875283446712	471.5342420379865	0.639716
2.426485260770975	471.5342420379865	0.5796423
2.4380952380952383	471.5342420379865	0.52106816
2.449705215419501	471.5342420379865	0.44556388
2.461315192743764	391.95713131094	0.5844862
2.4729251700680273	391.95713131094	0.6735472
2.48453514739229	391.95713131094	0.71729445
2.4961451247165534	391.95713131094	0.7598946
2.507755102040816	391.95713131094	0.80623174
2.5193650793650795	391.95713131094	0.8361106
2.5309750566893423	391.95713131094	0.85671246
2.5425850340136056	391.95713131094	0.8688967
2.5541950113378684	391.95713131094	0.8691026
2.5658049886621317	391.95713131094	0.8581259
2.5774149659863945	396.5114537991202	0.83667004
2.589024943310658	396.5114537991202	0.8317205
2.6006349206349206	396.5114537991202	0.8148834
2.6122448979591835	391.95713131094	0.79780596
2.6238548752834467	391.95713131094	0.8042942
2.6354648526077096	391.95713131094	0.80747086
2.647074829931973	391.95713131094	0.8028954
2.6586848072562357	391.95713131094	0.80226415
2.670294784580499	391.95713131094	0.8084852
2.681904761904762	391.95713131094	0.7989783
2.693514739229025	391.95713131094	0.7821509
2.705124716553288	391.95713131094	0.76639986
2.716734693877551	391.95713131094	0.7270066
2.728344671201814	391.95713131094	0.65650403
2.7399546485260773	391.95713131094	0.5822897
2.75156462585034	391.95713131094	0.55687624
2.7631746031746034	391.95713131094	0.56275666
2.7747845804988662	391.95713131094	0.5303042
2.786394557823129	391.95713131094	0.43284407
2.7980045351473923	391.95713131094	0.22427648
2.809614512471655	420.0892517909185	0.16695619
2.8212244897959184	420.0892517909185	0.30739233
2.8328344671201813	420.0892517909185	0.49771938
2.8444444444444446	420.0892517909185	0.61929524
2.8560544217687074	420.0892517909185	0.62356716
2.8676643990929707	420.0892517909185	0.6103902
2.8792743764172335	420.0892517909185	0.5783459
2.8908843537414968	420.0892517909185	0.5603749
2.9024943310657596	415.264115194881	0.5773884
2.914104308390023	415.264115194881	0.641221
2.9257142857142857	415.264115194881	0.60754323
2.9373242630385485	415.264115194881	0.5266884
2.948934240362812	415.264115194881	0.4307553
2.9605442176870747	415.264115194881	0.2991967
2.972154195011338	415.264115194881	0.1806271
2.9837641723356008	117.88356050949662	0.26170585
2.995374149659864	117.88356050949662	0.3295823
3.006984126984127	117.88356050949662	0.33981887
3.01859410430839	119.25330150341478	0.3064837
3.030204081632653	587.2721436754641	0.29403827
3.0418140589569163	587.2721436754641	0.38524216
3.053424036281179	587.2721436754641	0.47313127
3.0650340136054424	587.2721436754641	0.53743
3.076643990929705	587.2721436754641	0.5746615
3.0882539682539685	587.2721436754641	0.6025096
3.0998639455782313	587.2721436754641	0.62324995
3.111473922902494	594.0959172898832	0.6163305
3.1230839002267574	594.0959172898832	0.68506354
3.1346938775510202	594.0959172898832	0.7070429
3.1463038548752835	594.0959172898832	0.7018703
3.1579138321995464	594.0959172898832	0.67550594
3.1695238095238096	587.2721436754641	0.6131605
3.1811337868480725	587.2721436754641	0.54414916
3.1927437641723357	117.88356050949662	0.5398885
3.2043537414965986	117.88356050949662	0.551366
3.215963718820862	117.88356050949662	0.5356242
3.2275736961451247	117.88356050949662	0.50888175
3.239183673469388	117.88356050949662	0.4717702
3.250793650793651	523.2	0.60224205
3.2624036281179136	523.2	0.7140093
3.274013605442177	523.2	0.76564574
3.2856235827664397	523.2	0.7868101
3.297233560090703	523.2	0.7925704
3.308843537414966	523.2	0.78187853
3.320453514739229	523.2	0.7398611
3.332063492063492	529.2792911659659	0.7005294
3.3436734693877552	529.2792911659659	0.6551435
3.355283446712018	529.2792911659659	0.6004992
3.3668934240362813	529.2792911659659	0.5442195
3.378503401360544	529.2792911659659	0.5042504
3.3901133786848074	529.2792911659659	0.49870577
3.4017233560090703	529.2792911659659	0.49393648
3.4133333333333336	529.2792911659659	0.48720253
3.4249433106575964	420.0892517909185	0.5139212
3.436553287981859	424.9704537735825	0.55900025
3.4481632653061225	424.9704537735825	0.6166633
3.4597732426303853	420.0892517909185	0.6863369
3.4713832199546486	420.0892517909185	0.77049935
3.4829931972789114	420.0892517909185	0.8050849
3.4946031746031747	420.0892517909185	0.83282244
3.5062131519274375	420.0892517909185	0.84073853
3.517823129251701	420.0892517909185	0.79389447
3.5294331065759637	420.0892517909185	0.7126004
3.541043083900227	420.0892517909185	0.55846196
3.5526530612244898	424.9704537735825	0.4847876
3.564263038548753	424.9704537735825	0.36023614
3.575873015873016	424.9704537735825	0.3098667
3.5874829931972787	117.88356050949662	0.29685017
3.599092970521542	117.88356050949662	0.36934125
3.610702947845805	117.88356050949662	0.42704225
3.622312925170068	349.194105850881	0.57455266
3.633922902494331	349.194105850881	0.6893777
3.645532879818594	349.194105850881	0.7261946
3.657142857142857	349.194105850881	0.74308777
3.6687528344671203	349.194105850881	0.75262743
3.680362811791383	349.194105850881	0.7440701
3.6919727891156464	345.18326945818916	0.79834604
3.7035827664399092	345.18326945818916	0.7972074
3.7151927437641725	349.194105850881	0.84907603
3.7268027210884354	349.194105850881	0.86059237
3.7384126984126986	349.194105850881	0.814734
3.7500226757369615	353.2515459175985	0.78417253
3.7616326530612243	353.2515459175985	0.7428023
3.7732426303854876	353.2515459175985	0.62948275
3.7848526077097504	357.3561311669499	0.58608484
3.7964625850340137	357.3561311669499	0.56587225
3.8080725623582765	353.2515459175985	0.6354263
3.81968253968254	349.194105850881	0.7232154
3.8312925170068026	349.194105850881	0.7785246
3.842902494331066	349.194105850881	0.7771822
3.8545124716553287	353.2515459175985	0.76473624
3.866122448979592	353.2515459175985	0.7687273
3.877732426303855	349.194105850881	0.78629905
3.889342403628118	349.194105850881	0.7926566
3.900952380952381	353.2515459175985	0.7219097
3.912562358276644	353.2515459175985	0.679313
3.924172335600907	353.2515459175985	0.5963355
3.93578231292517	353.2515459175985	0.4632476
3.947392290249433	353.2515459175985	0.28505293
3.959002267573696	353.2515459175985	0.0955286
3.9706122448979593	396.5114537991202	0.07507611
3.982222222222222	396.5114537991202	0.24946153
3.9938321995464854	396.5114537991202	0.4158442
4.005442176870749	396.5114537991202	0.38860825
4.017052154195011	396.5114537991202	0.41560665
4.028662131519274	396.5114537991202	0.5355904
4.040272108843538	391.95713131094	0.65476906
4.051882086167801	396.5114537991202	0.6762826
4.063492063492063	396.5114537991202	0.7061931
4.0751020408163265	396.5114537991202	0.6905033
4.08671201814059	396.5114537991202	0.6726602
4.098321995464852	391.95713131094	0.66957504
4.1099319727891155	391.95713131094	0.6988481
4.121541950113379	391.95713131094	0.7387485
4.133151927437642	391.95713131094	0.7321808
4.144761904761904	391.95713131094	0.6506604
4.156371882086168	391.95713131094	0.6121312
4.167981859410431	391.95713131094	0.6083684
4.179591836734694	391.95713131094	0.5753358
4.191201814058957	391.95713131094	0.5219152
4.20281179138322	391.95713131094	0.48810917
4.214421768707483	391.95713131094	0.47501117
4.2260317460317465	391.95713131094	0.46100453
4.237641723356009	391.95713131094	0.47194323
4.249251700680272	391.95713131094	0.5245931
4.260861678004535	391.95713131094	0.5693392
4.272471655328798	391.95713131094	0.5721748
4.284081632653061	629.4226988781635	0.62757933
4.295691609977324	629.4226988781635	0.66355556
4.307301587301588	629.4226988781635	0.64019173
4.31891156462585	629.4226988781635	0.5736529
4.330521541950113	622.1931625694237	0.47884145
4.342131519274377	629.4226988781635	0.39804307
4.35374149659864	629.4226988781635	0.35953906
4.365351473922902	629.4226988781635	0.33960366
4.3769614512471655	466.1182093310256	0.32639366
4.388571428571429	466.1182093310256	0.5000505
4.400181405895691	466.1182093310256	0.6098371
4.4117913832199545	466.1182093310256	0.67008686
4.423401360544218	466.1182093310256	0.7081877
4.435011337868481	466.1182093310256	0.7382985
4.446621315192743	466.1182093310256	0.77287334
4.458231292517007	466.1182093310256	0.7788423
4.46984126984127	471.5342420379865	0.777593
4.481451247165533	471.5342420379865	0.75833446
4.493061224489796	471.5342420379865	0.7301606
4.504671201814059	471.5342420379865	0.7080037
4.516281179138322	471.5342420379865	0.6654259
4.527891156462585	471.5342420379865	0.5986046
4.539501133786848	466.1182093310256	0.5227438
4.551111111111111	466.1182093310256	0.46720895
4.562721088435374	466.1182093310256	0.37633395
4.574331065759637	391.95713131094	0.336384
4.5859410430839	391.95713131094	0.39438173
4.597551020408163	391.95713131094	0.44722965
4.609160997732427	391.95713131094	0.46778116
4.620770975056689	391.95713131094	0.49678445
4.632380952380952	391.95713131094	0.550888
4.6439909297052155	391.95713131094	0.6100127
4.655600907029479	391.95713131094	0.64209074
4.667210884353741	391.95713131094	0.6580774
4.6788208616780045	391.95713131094	0.6890709
4.690430839002268	391.95713131094	0.65727943
4.702040816326531	387.45511967816526	0.5623632
4.713650793650793	387.45511967816526	0.43559217
4.725260770975057	155.54829064235594	0.31779584
4.73687074829932	153.76166614189603	0.21363898
4.748480725623582	314.71134943908174	0.20121539
4.760090702947846	311.0965812847119	0.38156456
4.771700680272109	311.0965812847119	0.607174
4.783310657596372	311.0965812847119	0.74050057
4.794920634920635	311.0965812847119	0.80126
4.806530612244898	311.0965812847119	0.8099167
4.818140589569161	311.0965812847119	0.7789516
4.829750566893424	311.0965812847119	0.72184753
4.841360544217687	311.0965812847119	0.6674825
4.85297052154195	311.0965812847119	0.638452
4.864580498866213	311.0965812847119	0.6261585
4.876190476190477	311.0965812847119	0.611104
4.887800453514739	311.0965812847119	0.59558874
4.899410430839002	311.0965812847119	0.6047848
4.911020408163266	311.0965812847119	0.61063534
4.922630385487528	311.0965812847119	0.57044643
4.934240362811791	311.0965812847119	0.48795584
4.9458503401360545	311.0965812847119	0.41506794
4.957460317460318	311.0965812847119	0.36245
4.96907029478458	311.0965812847119	0.31644166
4.9806802721088435	311.0965812847119	0.3058114
4.992290249433107	311.0965812847119	0.3132428
5.00390022675737	311.0965812847119	0.30593747
5.015510204081632	311.0965812847119	0.24826446
5.027120181405896	311.0965812847119	0.16674723
5.038730158730159	311.0965812847119	0.111033656
5.050340136054421	311.0965812847119	0.09242046
5.061950113378685	311.0965812847119	0.10522872
5.073560090702948	311.0965812847119	0.11194215
5.085170068027211	314.71134943908174	0.106391564
5.0967800453514736	157.35567471954087	0.12122325
5.108390022675737	155.54829064235594	0.09158566
5.12	151.99556277408544	0.05358595
5.131609977324263	150.2497448336122	0.05787871
5.143219954648526	349.194105850881	0.2585382
5.154829931972789	349.194105850881	0.55117244
5.166439909297052	349.194105850881	0.71056354
5.178049886621316	353.2515459175985	0.7111893
5.189659863945578	353.2515459175985	0.6779418
5.201269841269841	349.194105850881	0.6949972
5.2128798185941045	349.194105850881	0.667268
5.224489795918367	349.194105850881	0.59932524
5.23609977324263	349.194105850881	0.37702167
5.2477097505668935	353.2515459175985	0.22596432
5.259319727891157	493.83504039506204	0.19534221
5.270929705215419	493.83504039506204	0.27708477
5.282539682539682	493.83504039506204	0.35741052
5.294149659863946	493.83504039506204	0.36298266
5.305759637188209	493.83504039506204	0.3444511
5.317369614512471	493.83504039506204	0.37075508
5.328979591836735	493.83504039506204	0.40701672
5.340589569160998	493.83504039506204	0.43028802
5.352199546485261	493.83504039506204	0.4318575
5.363809523809524	493.83504039506204	0.45358136
5.375419501133787	493.83504039506204	0.52334356
5.38702947845805	493.83504039506204	0.59176916
5.3986394557823125	493.83504039506204	0.6024102
5.410249433106576	493.83504039506204	0.53638166
5.421859410430839	493.83504039506204	0.4431219
5.433469387755102	493.83504039506204	0.3745214
5.445079365079365	493.83504039506204	0.3357698
5.456689342403628	493.83504039506204	0.31394723
5.468299319727891	493.83504039506204	0.30055332
5.479909297052155	493.83504039506204	0.29213926
5.491519274376417	493.83504039506204	0.2532536
5.50312925170068	493.83504039506204	0.18809454
5.5147392290249435	493.83504039506204	0.14872992
5.526349206349207	488.16286117205766	0.14092244
5.537959183673469	420.0892517909185	0.12525453
5.5495691609977325	420.0892517909185	0.24748448
5.561179138321996	420.0892517909185	0.34266338
5.572789115646258	415.264115194881	0.43480065
5.584399092970521	415.264115194881	0.5322254
5.596009070294785	415.264115194881	0.5198914
5.607619047619048	415.264115194881	0.47663477
5.61922902494331	415.264115194881	0.4472723
5.630839002267574	415.264115194881	0.3899488
5.642448979591837	415.264115194881	0.31481048
5.6540589569161	415.264115194881	0.29761603
5.6656689342403626	415.264115194881	0.34395066
5.677278911564626	415.264115194881	0.3703892
5.688888888888889	415.264115194881	0.3305758
5.7004988662131515	415.264115194881	0.26320365
5.712108843537415	415.264115194881	0.20199554
5.723718820861678	415.264115194881	0.16978163
5.735328798185941	415.264115194881	0.14214256
5.746938775510204	415.264115194881	0.108568504
5.758548752834467	50.139836870695945	0.09463063
5.77015873015873	50.139836870695945	0.11297343
5.7817687074829935	50.139836870695945	0.117948174
5.793378684807256	353.2515459175985	0.14103517
5.804988662131519	353.2515459175985	0.19294503
5.8165986394557825	353.2515459175985	0.24920227
5.828208616780046	353.2515459175985	0.27687886
5.839818594104308	353.2515459175985	0.26169467
5.851428571428571	353.2515459175985	0.2316589
5.863038548752835	353.2515459175985	0.20299003
5.874648526077097	353.2515459175985	0.1849995
5.88625850340136	353.2515459175985	0.17350084
5.897868480725624	353.2515459175985	0.1559369
5.909478458049887	357.3561311669499	0.12722237
5.921088435374149	357.3561311669499	0.10981075
5.932698412698413	357.3561311669499	0.085405566
5.944308390022676	293.63607183773195	0.10667741
5.955918367346939	293.63607183773195	0.17890403
5.9675283446712015	293.63607183773195	0.2928018
5.979138321995465	293.63607183773195	0.40225708
5.990748299319728	293.63607183773195	0.46438316
6.002358276643991	297.0479586449415	0.5252522
6.013968253968254	297.0479586449415	0.5366165
6.025578231292517	297.0479586449415	0.50424737
6.03718820861678	297.0479586449415	0.46762517
6.048798185941043	297.0479586449415	0.46697313
6.060408163265306	297.0479586449415	0.49121982
6.072018140589569	297.0479586449415	0.5392861
6.0836281179138325	297.0479586449415	0.5819578
6.095238095238095	297.0479586449415	0.5725156
6.106848072562358	297.0479586449415	0.51235956
6.1184580498866215	297.0479586449415	0.42199847
6.130068027210885	297.0479586449415	0.32661158
6.141678004535147	297.0479586449415	0.26068014
6.15328798185941	297.0479586449415	0.23260853
6.164897959183674	297.0479586449415	0.20037636
6.176507936507937	297.0479586449415	0.18086858
6.188117913832199	297.0479586449415	0.19953704
6.199727891156463	297.0479586449415	0.25790507
6.211337868480726	297.0479586449415	0.30814135
6.222947845804988	297.0479586449415	0.3075057
6.2345578231292516	297.0479586449415	0.27848965
6.246167800453515	297.0479586449415	0.2480437
6.257777777777778	297.0479586449415	0.2339031
6.2693877551020405	297.0479586449415	0.19770718
6.280997732426304	300.4994896672244	0.076041
6.292607709750567	311.0965812847119	0.08792705
6.30421768707483	311.0965812847119	0.12783831
6.315827664399093	311.0965812847119	0.15902466
6.327437641723356	311.0965812847119	0.20210113
6.339047619047619	311.0965812847119	0.23160456
6.350657596371882	311.0965812847119	0.23050107
6.362267573696145	311.0965812847119	0.23176874
6.373877551020408	307.52333228379206	0.22948964
6.3854875283446715	523.2	0.23348506
6.397097505668934	523.2	0.31309637
6.408707482993197	523.2	0.4201874
6.42031746031746	523.2	0.54293066
6.431927437641724	529.2792911659659	0.6345647
6.443537414965986	529.2792911659659	0.7106048
6.455147392290249	529.2792911659659	0.7707524
6.466757369614513	529.2792911659659	0.81817347
6.478367346938776	529.2792911659659	0.8409938
6.489977324263038	529.2792911659659	0.84039503
6.501587301587302	529.2792911659659	0.8182528
6.513197278911565	529.2792911659659	0.8123295
6.524807256235827	529.2792911659659	0.8350508
6.5364172335600905	529.2792911659659	0.8491114
6.548027210884354	529.2792911659659	0.8285256
6.559637188208617	529.2792911659659	0.7893468
6.5712471655328795	523.2	0.75818616
6.582857142857143	523.2	0.79970396
6.594467120181406	523.2	0.8131607
6.606077097505669	523.2	0.8124714
6.617687074829932	529.2792911659659	0.8163069
6.629297052154195	529.2792911659659	0.82405955
6.640907029478458	529.2792911659659	0.80836725
6.6525170068027215	529.2792911659659	0.75908875
6.664126984126984	529.2792911659659	0.6613823
6.675736961451247	529.2792911659659	0.4700286
6.6873469387755105	523.2	0.23092148
6.698956916099773	391.95713131094	0.13613607
6.710566893424036	383.00481805937557	0.28288883
6.722176870748299	387.45511967816526	0.38204396
6.733786848072563	391.95713131094	0.35548252
6.745396825396825	391.95713131094	0.30394787
6.757006802721088	391.95713131094	0.2605377
6.768616780045352	391.95713131094	0.23323976
6.780226757369615	391.95713131094	0.2489956
6.791836734693877	391.95713131094	0.3010265
6.8034467120181406	391.95713131094	0.36568794
6.815056689342404	391.95713131094	0.3628365
6.826666666666667	391.95713131094	0.2808063
6.8382766439909295	391.95713131094	0.21315958
6.849886621315193	523.2	0.22171284
6.861496598639456	523.2	0.23194017
6.873106575963718	523.2	0.255801
6.884716553287982	523.2	0.2613169
6.896326530612245	523.2	0.23378083
6.907936507936508	523.2	0.2027878
6.919546485260771	523.2	0.18533158
6.931156462585034	523.2	0.17807403
6.942766439909297	523.2	0.17567113
6.9543764172335605	523.2	0.1868942
6.965986394557823	523.2	0.20772667
6.977596371882086	523.2	0.25588086
6.989206349206349	523.2	0.31345242
7.000816326530612	523.2	0.36859122
7.012426303854875	523.2	0.39613146
7.024036281179138	523.2	0.38563016
7.035646258503402	523.2	0.35328245
7.047256235827664	523.2	0.29736406
7.058866213151927	523.2	0.20704873
7.070476190476191	314.71134943908174	0.16300184
7.082086167800454	311.0965812847119	0.17013137
7.093696145124716	311.0965812847119	0.15469958
7.1053061224489795	311.0965812847119	0.12522496
7.116916099773243	261.6	0.09993922
7.128526077097506	261.6	0.16902664
7.1401360544217685	261.6	0.21474425
7.151746031746032	261.6	0.22871077
7.163356009070295	261.6	0.2140837
7.174965986394557	261.6	0.19066074
7.186575963718821	261.6	0.17012846
7.198185941043084	261.6	0.13263379
7.209795918367347	523.2	0.080465086
7.22140589569161	523.2	0.0985129
7.233015873015873	523.2	0.13363774
7.244625850340136	523.2	0.18221621
7.2562358276643995	523.2	0.23851885
7.267845804988662	523.2	0.30880904
7.279455782312925	523.2	0.37972382
7.291065759637188	523.2	0.43183926
7.302675736961452	529.2792911659659	0.4678622
7.314285714285714	529.2792911659659	0.50019634
7.325895691609977	529.2792911659659	0.51967555
7.337505668934241	529.2792911659659	0.5086235
7.349115646258503	523.2	0.4631127
7.360725623582766	523.2	0.42501587
7.3723356009070296	523.2	0.39988297
7.383945578231293	523.2	0.3867291
7.395555555555555	523.2	0.38491905
7.4071655328798185	523.2	0.36844078
7.418775510204082	523.2	0.3229395
7.430385487528345	523.2	0.2188359
7.441995464852607	523.2	0.10240267
7.453605442176871	387.45511967816526	0.118982166
7.465215419501134	387.45511967816526	0.24625374
7.476825396825397	391.95713131094	0.30570906
7.48843537414966	391.95713131094	0.2843987
7.500045351473923	391.95713131094	0.2250109
7.511655328798186	391.95713131094	0.17742844
7.523265306122449	554.3110909687832	0.10761158
7.534875283446712	554.3110909687832	0.12437261
7.546485260770975	554.3110909687832	0.0901459
7.558095238095238	396.5114537991202	0.096241504
7.569705215419501	396.5114537991202	0.2001257
7.581315192743764	396.5114537991202	0.28349045
7.592925170068027	396.5114537991202	0.26477027
7.604535147392291	396.5114537991202	0.23704593
7.616145124716553	396.5114537991202	0.22567673
7.627755102040816	396.5114537991202	0.19475378
7.63936507936508	554.3110909687832	0.18722199
7.650975056689342	554.3110909687832	0.18615581
7.662585034013605	554.3110909687832	0.17315218
7.6741950113378685	554.3110909687832	0.17609903
7.685804988662132	554.3110909687832	0.17610303
7.697414965986394	554.3110909687832	0.1647361
7.7090249433106575	666.8501202134378	0.16511814
7.720634920634921	666.8501202134378	0.16623932
7.732244897959184	554.3110909687832	0.17595783
7.743854875283446	554.3110909687832	0.20012973
7.75546485260771	111.26726465237194	0.23227453
7.767074829931973	111.26726465237194	0.29049504
7.778684807256236	111.26726465237194	0.36469552
7.790294784580499	109.98925111518587	0.39609188
7.801904761904762	109.98925111518587	0.38940138
7.813514739229025	111.26726465237194	0.33933952
7.825124716553288	111.26726465237194	0.24449494
7.836734693877551	666.8501202134378	0.1707214
7.848344671201814	466.1182093310256	0.20779422
7.859954648526077	466.1182093310256	0.33039743
7.87156462585034	471.5342420379865	0.41107458
7.883174603174603	466.1182093310256	0.46675113
7.894784580498866	466.1182093310256	0.5114587
7.90639455782313	466.1182093310256	0.5608282
7.918004535147392	466.1182093310256	0.6040047
7.929614512471655	471.5342420379865	0.6161287
7.9412244897959186	471.5342420379865	0.6313511
7.952834467120182	471.5342420379865	0.6619327
7.964444444444444	471.5342420379865	0.70634246
7.9760544217687075	471.5342420379865	0.69461393
7.987664399092971	471.5342420379865	0.66585183
7.999274376417233	471.5342420379865	0.6715688
8.010884353741497	471.5342420379865	0.6336409
8.02249433106576	466.1182093310256	0.5962553
8.034104308390022	466.1182093310256	0.5209996
8.045714285714286	466.1182093310256	0.4306549
8.057324263038549	466.1182093310256	0.28358385
8.068934240362811	666.8501202134378	0.19033879
8.080544217687075	666.8501202134378	0.19559824
8.092154195011338	666.8501202134378	0.17916666
8.103764172335602	659.1906933049976	0.170124
8.115374149659864	659.1906933049976	0.17792428
8.126984126984127	659.1906933049976	0.20200592
8.13859410430839	659.1906933049976	0.24492355
8.150204081632653	659.1906933049976	0.30161586
8.161814058956915	659.1906933049976	0.35917038
8.17342403628118	659.1906933049976	0.38832444
8.185034013605442	659.1906933049976	0.36946717
8.196643990929704	659.1906933049976	0.28255108
8.208253968253969	111.26726465237194	0.2633364
8.219863945578231	111.26726465237194	0.26331106
8.231473922902495	111.26726465237194	0.23069309
8.243083900226758	329.59534665249885	0.35787195
8.25469387755102	329.59534665249885	0.48370492
8.266303854875284	329.59534665249885	0.57558984
8.277913832199546	329.59534665249885	0.62824327
8.289523809523809	329.59534665249885	0.64835376
8.301133786848073	329.59534665249885	0.634594
8.312743764172335	329.59534665249885	0.5970484
8.324353741496598	329.59534665249885	0.511599
8.335963718820862	329.59534665249885	0.39526802
8.347573696145124	329.59534665249885	0.30713516
8.359183673469389	329.59534665249885	0.25793537
8.370793650793651	329.59534665249885	0.2410022
8.382403628117913	325.80962120906815	0.2655777
8.394013605442177	325.80962120906815	0.31163824
8.40562358276644	325.80962120906815	0.36902338
8.417233560090702	329.59534665249885	0.45701355
8.428843537414966	329.59534665249885	0.55409116
8.440453514739229	329.59534665249885	0.5746099
8.452063492063493	329.59534665249885	0.5257412
8.463673469387755	329.59534665249885	0.46003985
8.475283446712018	329.59534665249885	0.33887702
8.486893424036282	329.59534665249885	0.21558715
8.498503401360544	329.59534665249885	0.11882927
8.510113378684807	329.59534665249885	0.06973035
8.52172335600907	329.59534665249885	0.047900442
8.533333333333333	329.59534665249885	0.036839247
8.544943310657596	143.46470734405708	0.0418208
8.55655328798186	143.46470734405708	0.04789757
8.568163265306122	150.2497448336122	0.073795155
8.579773242630386	150.2497448336122	0.10142703
8.591383219954649	150.2497448336122	0.078343734
8.602993197278911	369.95826791680173	0.12445401
8.614603174603175	369.95826791680173	0.2219605
8.626213151927438	369.95826791680173	0.26564986
8.6378231292517	369.95826791680173	0.28198245
8.649433106575964	369.95826791680173	0.283802
8.661043083900227	369.95826791680173	0.28542536
8.672653061224489	587.2721436754641	0.2712612
8.684263038548753	587.2721436754641	0.37198117
8.695873015873016	587.2721436754641	0.42603248
8.70748299319728	369.95826791680173	0.4237692
8.719092970521542	369.95826791680173	0.48305035
8.730702947845804	369.95826791680173	0.53764945
8.742312925170069	369.95826791680173	0.60081947
8.753922902494331	369.95826791680173	0.6469393
8.765532879818593	369.95826791680173	0.63042766
8.777142857142858	369.95826791680173	0.58547074
8.78875283446712	600.9989793344488	0.5954244
8.800362811791382	369.95826791680173	0.6050929
8.811972789115647	369.95826791680173	0.6317239
8.823582766439909	369.95826791680173	0.60729074
8.835192743764173	587.2721436754641	0.5785393
8.846802721088435	587.2721436754641	0.5878677
8.858412698412698	587.2721436754641	0.55493957
8.870022675736962	587.2721436754641	0.50381124
8.881632653061224	594.0959172898832	0.46491343
8.893242630385487	594.0959172898832	0.4887278
8.904852607709751	594.0959172898832	0.5202059
8.916462585034013	594.0959172898832	0.54840374
8.928072562358278	594.0959172898832	0.6076977
8.93968253968254	594.0959172898832	0.67893213
8.951292517006802	594.0959172898832	0.74899
8.962902494331066	594.0959172898832	0.80867535
8.974512471655329	594.0959172898832	0.8429246
8.986122448979591	594.0959172898832	0.8555105
8.997732426303855	594.0959172898832	0.8554448
9.009342403628118	594.0959172898832	0.84765387
9.02095238095238	587.2721436754641	0.86608773
9.032562358276644	587.2721436754641	0.8819937
9.044172335600907	587.2721436754641	0.8854801
9.05578231292517	587.2721436754641	0.87758714
9.067392290249433	587.2721436754641	0.8651795
9.079002267573696	587.2721436754641	0.85872895
9.09061224489796	587.2721436754641	0.8630231
9.102222222222222	587.2721436754641	0.87357384
9.113832199546485	587.2721436754641	0.86793345
9.125442176870749	594.0959172898832	0.8685903
9.137052154195011	594.0959172898832	0.87074965
9.148662131519274	594.0959172898832	0.88289773
9.160272108843538	594.0959172898832	0.9067638
9.1718820861678	594.0959172898832	0.919695
9.183492063492064	594.0959172898832	0.92234874
9.195102040816327	594.0959172898832	0.917392
9.206712018140589	594.0959172898832	0.9079
9.218321995464853	594.0959172898832	0.8938023
9.229931972789116	594.0959172898832	0.8836259
9.241541950113378	594.0959172898832	0.88296646
9.253151927437642	594.0959172898832	0.88035345
9.264761904761905	594.0959172898832	0.86889666
9.276371882086167	594.0959172898832	0.8586682
9.287981859410431	594.0959172898832	0.85568285
9.299591836734693	594.0959172898832	0.85357326
9.311201814058958	594.0959172898832	0.85145396
9.32281179138322	594.0959172898832	0.85171014
9.334421768707482	594.0959172898832	0.84978753
9.346031746031747	594.0959172898832	0.8380922
9.357641723356009	594.0959172898832	0.7956734
9.369251700680271	594.0959172898832	0.69874305
9.380861678004536	594.0959172898832	0.44246456
9.392471655328798	587.2721436754641	0.22813658
9.404081632653062	293.63607183773195	0.25259352
9.415691609977324	293.63607183773195	0.33374563
9.427301587301587	293.63607183773195	0.4041901
9.438911564625851	293.63607183773195	0.43452308
9.450521541950113	293.63607183773195	0.4819966
9.462131519274376	293.63607183773195	0.5812697
9.47374149659864	293.63607183773195	0.6737884
9.485351473922902	293.63607183773195	0.7004023
9.496961451247165	293.63607183773195	0.6789645
9.508571428571429	297.0479586449415	0.65523314
9.520181405895691	297.0479586449415	0.6806059
9.531791383219955	297.0479586449415	0.71585625
9.543401360544218	297.0479586449415	0.74821347
9.55501133786848	293.63607183773195	0.7825372
9.566621315192744	293.63607183773195	0.768369
9.578231292517007	293.63607183773195	0.70842606
9.58984126984127	293.63607183773195	0.5729814
9.601451247165533	325.80962120906815	0.45547843
9.613061224489796	329.59534665249885	0.6409844
9.624671201814058	329.59534665249885	0.73771966
9.636281179138322	329.59534665249885	0.7738292
9.647891156462585	329.59534665249885	0.7638714
9.659501133786849	329.59534665249885	0.6999054
9.671111111111111	329.59534665249885	0.61623484
9.682721088435374	329.59534665249885	0.548558
9.694331065759638	329.59534665249885	0.50985694
9.7059410430839	329.59534665249885	0.47311792
9.717551020408163	333.425060106719	0.42534673
9.729160997732427	333.425060106719	0.37738693
9.740770975056689	333.425060106719	0.3040824
9.752380952380953	333.425060106719	0.19943672
9.763990929705216	333.425060106719	0.12230982
9.775600907029478	148.52397932247075	0.07418017
9.787210884353742	365.7089347812315	0.094976366
9.798820861678005	369.95826791680173	0.21002609
9.810430839002267	369.95826791680173	0.42858344
9.822040816326531	369.95826791680173	0.63897574
9.833650793650794	369.95826791680173	0.77037543
9.845260770975056	369.95826791680173	0.8442233
9.85687074829932	369.95826791680173	0.87474984
9.868480725623582	369.95826791680173	0.8861047
9.880090702947847	369.95826791680173	0.87300706
9.891700680272109	369.95826791680173	0.81824374
9.903310657596371	369.95826791680173	0.7248444
9.914920634920636	369.95826791680173	0.5682517
9.926530612244898	594.0959172898832	0.4539619
9.93814058956916	594.0959172898832	0.5680526
9.949750566893425	594.0959172898832	0.62829554
9.961360544217687	594.0959172898832	0.6180284
9.97297052154195	600.9989793344488	0.6185254
9.984580498866213	600.9989793344488	0.6363453
9.996190476190476	600.9989793344488	0.59739196
10.00780045351474	600.9989793344488	0.5172746
10.019410430839002	594.0959172898832	0.4542475
10.031020408163265	369.95826791680173	0.4816376
10.042630385487529	369.95826791680173	0.53771406
10.054240362811791	369.95826791680173	0.6046043
10.065850340136054	369.95826791680173	0.67638075
10.077460317460318	369.95826791680173	0.73307055
10.08907029478458	369.95826791680173	0.7595995
10.100680272108843	369.95826791680173	0.7742018
10.112290249433107	369.95826791680173	0.77891314
10.12390022675737	369.95826791680173	0.7450926
10.135510204081633	369.95826791680173	0.6735215
10.147120181405896	594.0959172898832	0.6714436
10.158730158730158	594.0959172898832	0.6995034
10.170340136054422	594.0959172898832	0.7409711
10.181950113378685	594.0959172898832	0.7968279
10.193560090702947	594.0959172898832	0.84121096
10.205170068027211	594.0959172898832	0.8720672
10.216780045351474	594.0959172898832	0.88233334
10.228390022675738	594.0959172898832	0.8694528
10.24	594.0959172898832	0.8435002
10.251609977324263	587.2721436754641	0.84177804
10.263219954648527	587.2721436754641	0.8374833
10.27482993197279	587.2721436754641	0.83627206
10.286439909297052	587.2721436754641	0.84147
10.298049886621316	587.2721436754641	0.83904546
10.309659863945578	594.0959172898832	0.85460466
10.32126984126984	594.0959172898832	0.87719005
10.332879818594105	594.0959172898832	0.85871077
10.344489795918367	600.9989793344488	0.8557586
10.356099773242631	600.9989793344488	0.847975
10.367709750566894	594.0959172898832	0.8398256
10.379319727891156	594.0959172898832	0.84000474
10.39092970521542	594.0959172898832	0.8371368
10.402539682539683	594.0959172898832	0.85031366
10.414149659863945	594.0959172898832	0.85956186
10.425759637188209	594.0959172898832	0.871033
10.437369614512471	594.0959172898832	0.887211
10.448979591836734	594.0959172898832	0.8935651
10.460589569160998	594.0959172898832	0.8849537
10.47219954648526	594.0959172898832	0.8761143
10.483809523809525	594.0959172898832	0.86804444
10.495419501133787	594.0959172898832	0.8600807
10.50702947845805	594.0959172898832	0.8650411
10.518639455782314	594.0959172898832	0.8660893
10.530249433106576	594.0959172898832	0.8475872
10.541859410430838	594.0959172898832	0.8207334
10.553469387755102	594.0959172898832	0.72569156
10.565079365079365	594.0959172898832	0.5768088
10.576689342403627	587.2721436754641	0.45529372
10.588299319727891	587.2721436754641	0.36745608
10.599909297052154	587.2721436754641	0.27133745
10.611519274376418	369.95826791680173	0.24218315
10.62312925170068	369.95826791680173	0.26054588
10.634739229024943	369.95826791680173	0.2556226
10.646349206349207	369.95826791680173	0.24971578
10.65795918367347	369.95826791680173	0.28157127
10.669569160997732	369.95826791680173	0.36292502
10.681179138321996	369.95826791680173	0.45551077
10.692789115646258	369.95826791680173	0.53485537
10.704399092970522	369.95826791680173	0.6255236
10.716009070294785	369.95826791680173	0.6598101
10.727619047619047	374.2569759250636	0.61379135
10.739229024943311	374.2569759250636	0.5483089
10.750839002267574	374.2569759250636	0.43777227
10.762448979591836	374.2569759250636	0.3916166
10.7740589569161	374.2569759250636	0.4070779
10.785668934240363	383.00481805937557	0.30296716
10.797278911564625	387.45511967816526	0.3929654
10.80888888888889	391.95713131094	0.3069406
10.820498866213152	391.95713131094	0.26135412
10.832108843537416	391.95713131094	0.2404603
10.843718820861678	391.95713131094	0.26912236
10.85532879818594	391.95713131094	0.2809501
10.866938775510205	391.95713131094	0.30131072
10.878548752834467	391.95713131094	0.33412993
10.89015873015873	391.95713131094	0.3424019
10.901768707482994	391.95713131094	0.27381113
10.913378684807256	391.95713131094	0.21708988
10.924988662131518	391.95713131094	0.17808904
10.936598639455783	391.95713131094	0.11849329
10.948208616780045	329.59534665249885	0.082146496
10.95981859410431	249.78656358296496	0.11723772
10.971428571428572	439.95700446074346	0.22679658
10.983038548752834	439.95700446074346	0.39063025
10.994648526077098	439.95700446074346	0.5382652
11.00625850340136	439.95700446074346	0.5877285
11.017868480725623	439.95700446074346	0.5481783
11.029478458049887	439.95700446074346	0.4819467
11.04108843537415	439.95700446074346	0.37797785
11.052698412698414	439.95700446074346	0.2815558
11.064308390022676	439.95700446074346	0.22376223
11.075918367346938	369.95826791680173	0.16334353
11.087528344671203	369.95826791680173	0.17649014
11.099138321995465	369.95826791680173	0.1611427
11.110748299319727	369.95826791680173	0.16736838
11.122358276643991	369.95826791680173	0.2101005
11.133968253968254	369.95826791680173	0.25744578
11.145578231292516	369.95826791680173	0.26594907
11.15718820861678	369.95826791680173	0.26694295
11.168798185941043	369.95826791680173	0.2825853
11.180408163265307	369.95826791680173	0.25811598
11.19201814058957	369.95826791680173	0.20244917
11.203628117913832	369.95826791680173	0.14969175
11.215238095238096	369.95826791680173	0.11904481
11.226848072562358	369.95826791680173	0.100468144
11.23845804988662	369.95826791680173	0.09189716
11.250068027210885	369.95826791680173	0.087149486
11.261678004535147	369.95826791680173	0.08318908
11.27328798185941	369.95826791680173	0.08496566
11.284897959183674	369.95826791680173	0.095349796
11.296507936507936	369.95826791680173	0.09739319
11.3081179138322	369.95826791680173	0.11589436
11.319727891156463	369.95826791680173	0.13759662
11.331337868480725	369.95826791680173	0.16643476
11.34294784580499	587.2721436754641	0.18576354
11.354557823129252	587.2721436754641	0.47440514
11.366167800453514	587.2721436754641	0.6158796
11.377777777777778	587.2721436754641	0.69908714
11.38938775510204	587.2721436754641	0.7758775
11.400997732426303	587.2721436754641	0.8481002
11.412607709750567	587.2721436754641	0.8779037
11.42421768707483	587.2721436754641	0.8892185
11.435827664399094	587.2721436754641	0.8933643
11.447437641723356	587.2721436754641	0.8904074
11.459047619047618	587.2721436754641	0.89335644
11.470657596371883	587.2721436754641	0.8973644
11.482267573696145	587.2721436754641	0.8910689
11.493877551020407	587.2721436754641	0.8817691
11.505487528344672	587.2721436754641	0.89031696
11.517097505668934	587.2721436754641	0.90208244
11.528707482993198	587.2721436754641	0.9117633
11.54031746031746	587.2721436754641	0.91532624
11.551927437641723	587.2721436754641	0.90554214
11.563537414965987	587.2721436754641	0.89371765
11.57514739229025	587.2721436754641	0.88741547
11.586757369614512	587.2721436754641	0.88755727
11.598367346938776	587.2721436754641	0.8880693
11.609977324263038	587.2721436754641	0.8782014
11.6215873015873	587.2721436754641	0.87034845
11.633197278911565	587.2721436754641	0.8749482
11.644807256235827	594.0959172898832	0.8866406
11.656417233560092	594.0959172898832	0.88974553
11.668027210884354	594.0959172898832	0.8844423
11.679637188208616	594.0959172898832	0.873032
11.69124716553288	594.0959172898832	0.85574144
11.702857142857143	594.0959172898832	0.8346446
11.714467120181405	594.0959172898832	0.7994946
11.72607709750567	594.0959172898832	0.725722
11.737687074829932	594.0959172898832	0.61779684
11.749297052154194	594.0959172898832	0.41643268
11.760907029478458	587.2721436754641	0.23338886
11.77251700680272	434.9036672619066	0.15769042
11.784126984126985	434.9036672619066	0.30350995
11.795736961451247	434.9036672619066	0.43960792
11.80734693877551	439.95700446074346	0.5466812
11.818956916099774	439.95700446074346	0.6174433
11.830566893424036	439.95700446074346	0.6478606
11.842176870748299	439.95700446074346	0.62094796
11.853786848072563	439.95700446074346	0.5307193
11.865396825396825	439.95700446074346	0.44769174
11.877006802721088	434.9036672619066	0.4828607
11.888616780045352	434.9036672619066	0.51202506
11.900226757369614	434.9036672619066	0.45818576
11.911836734693878	434.9036672619066	0.3594885
11.92344671201814	439.95700446074346	0.3134484
11.935056689342403	439.95700446074346	0.30419108
11.946666666666667	439.95700446074346	0.23165445
11.95827664399093	488.16286117205766	0.1291053
11.969886621315192	493.83504039506204	0.25595725
11.981496598639456	493.83504039506204	0.34547105
11.993106575963719	493.83504039506204	0.40273204
12.004716553287983	493.83504039506204	0.49878487
12.016326530612245	493.83504039506204	0.57011276
12.027936507936507	493.83504039506204	0.5909656
12.039546485260772	493.83504039506204	0.59592366
12.051156462585034	493.83504039506204	0.5928086
12.062766439909296	493.83504039506204	0.5507054
12.07437641723356	493.83504039506204	0.47820577
12.085986394557823	493.83504039506204	0.39327547
12.097596371882085	493.83504039506204	0.30188462
12.10920634920635	493.83504039506204	0.23425302
12.120816326530612	499.5731271659299	0.2140259
12.132426303854876	493.83504039506204	0.18949056
12.144036281179138	493.83504039506204	0.14002426
12.1556462585034	439.95700446074346	0.13374348
12.167256235827665	439.95700446074346	0.11908022
12.178866213151927	439.95700446074346	0.079263136
12.19047619047619	523.2	0.10374196
12.202086167800454	523.2	0.22931099
12.213696145124716	523.2	0.35934687
12.225306122448979	523.2	0.36524573
12.236916099773243	523.2	0.33700225
12.248526077097505	523.2	0.2663257
12.26013605442177	523.2	0.21433774
12.271746031746032	523.2	0.16642542
12.283356009070294	523.2	0.12453255
12.294965986394558	374.2569759250636	0.122138426
12.30657596371882	374.2569759250636	0.16563316
12.318185941043083	374.2569759250636	0.22269644
12.329795918367347	374.2569759250636	0.27888495
12.34140589569161	374.2569759250636	0.35293004
12.353015873015874	374.2569759250636	0.39421543
12.364625850340136	374.2569759250636	0.3639604
12.376235827664399	374.2569759250636	0.35050538
12.387845804988663	369.95826791680173	0.42241868
12.399455782312925	374.2569759250636	0.49563754
12.411065759637188	374.2569759250636	0.45712522
12.422675736961452	369.95826791680173	0.36357045
12.434285714285714	369.95826791680173	0.31721294
12.445895691609977	369.95826791680173	0.27404076
12.45750566893424	369.95826791680173	0.21056671
12.469115646258503	369.95826791680173	0.13370298
12.480725623582767	75.12487241680608	0.08043828
12.49233560090703	75.12487241680608	0.07579833
12.503945578231292	75.12487241680608	0.075127356
12.515555555555556	74.26198966123539	0.081126004
12.527165532879819	74.26198966123539	0.1002592
12.538775510204081	74.26198966123539	0.13128011
12.550385487528345	74.26198966123539	0.17226394
12.561995464852608	74.26198966123539	0.2158528
12.57360544217687	74.26198966123539	0.24597196
12.585215419501134	74.26198966123539	0.2574714
12.596825396825396	74.26198966123539	0.23778418
12.60843537414966	74.26198966123539	0.20534834
12.620045351473923	74.26198966123539	0.17322047
12.631655328798185	74.26198966123539	0.15331504
12.64326530612245	74.26198966123539	0.1419534
12.654875283446712	74.26198966123539	0.12843288
12.666485260770974	74.26198966123539	0.11517156
12.678095238095239	74.26198966123539	0.100117825
12.689705215419501	148.52397932247075	0.11019107
12.701315192743763	148.52397932247075	0.13351388
12.712925170068027	148.52397932247075	0.16352482
12.72453514739229	148.52397932247075	0.18335572
12.736145124716554	148.52397932247075	0.20332699
12.747755102040816	148.52397932247075	0.24173175
12.759365079365079	148.52397932247075	0.29204354
12.770975056689343	148.52397932247075	0.32957533
12.782585034013605	148.52397932247075	0.32974458
12.794195011337868	148.52397932247075	0.29770145
12.805804988662132	148.52397932247075	0.23960046
12.817414965986394	148.52397932247075	0.1805574
12.829024943310658	148.52397932247075	0.09996802
12.84063492063492	73.409017959433	0.11763236
12.852244897959183	73.409017959433	0.20307222
12.863854875283447	73.409017959433	0.30950508
12.87546485260771	73.409017959433	0.41745707
12.887074829931972	73.409017959433	0.5318755
12.898684807256236	73.409017959433	0.57125807
12.910294784580499	73.409017959433	0.5353186
12.921904761904761	73.409017959433	0.47782764
12.933514739229025	73.409017959433	0.47138017
12.945124716553288	73.409017959433	0.30905408
