0.0	193.72755983908263	0.06592628
0.011609977324263039	193.72755983908263	0.18056062
0.023219954648526078	193.72755983908263	0.29159126
0.034829931972789115	193.72755983908263	0.29853728
0.046439909297052155	193.72755983908263	0.3559399
0.058049886621315196	193.72755983908263	0.37693593
0.06965986394557823	193.72755983908263	0.40315208
0.08126984126984127	195.97856565547	0.4305245
0.09287981859410431	195.97856565547	0.4191785
0.10448979591836735	195.97856565547	0.39748904
0.11609977324263039	195.97856565547	0.4133048
0.12770975056689343	195.97856565547	0.4373546
0.13931972789115646	195.97856565547	0.4474452
0.1509297052154195	195.97856565547	0.47655198
0.16253968253968254	195.97856565547	0.5150374
0.17414965986394557	195.97856565547	0.5496396
0.18575963718820862	195.97856565547	0.5833324
0.19736961451247165	195.97856565547	0.62419003
0.2089795918367347	195.97856565547	0.65680426
0.22058956916099773	195.97856565547	0.67245734
0.23219954648526078	195.97856565547	0.67459315
0.2438095238095238	195.97856565547	0.6604787
0.25541950113378686	195.97856565547	0.6294048
0.26702947845804986	198.2557268995601	0.57395846
0.2786394557823129	198.2557268995601	0.55011517
0.29024943310657597	198.2557268995601	0.51045316
0.301859410430839	198.2557268995601	0.48998067
0.313469387755102	198.2557268995601	0.52538264
0.3250793650793651	198.2557268995601	0.5708948
0.33668934240362813	198.2557268995601	0.6131994
0.34829931972789113	198.2557268995601	0.62480676
0.3599092970521542	198.2557268995601	0.6039942
0.37151927437641724	198.2557268995601	0.58072525
0.3831292517006803	198.2557268995601	0.57090384
0.3947392290249433	198.2557268995601	0.57711405
0.40634920634920635	198.2557268995601	0.59565085
0.4179591836734694	198.2557268995601	0.6073903
0.4295691609977324	198.2557268995601	0.6696983
0.44117913832199546	198.2557268995601	0.74708724
0.4527891156462585	198.2557268995601	0.7890985
0.46439909297052157	198.2557268995601	0.82581687
0.47600907029478456	198.2557268995601	0.83951026
0.4876190476190476	198.2557268995601	0.8448125
0.4992290249433107	198.2557268995601	0.83865094
0.5108390022675737	198.2557268995601	0.8072172
0.5224489795918368	195.97856565547	0.7878104
0.5340589569160997	195.97856565547	0.77324367
0.5456689342403628	195.97856565547	0.74784815
0.5572789115646258	198.2557268995601	0.6961219
0.5688888888888889	195.97856565547	0.55757064
0.5804988662131519	195.97856565547	0.40544805
0.592108843537415	195.97856565547	0.33701593
0.603718820861678	195.97856565547	0.29929087
0.615328798185941	195.97856565547	0.2676589
0.626938775510204	195.97856565547	0.25603724
0.6385487528344671	195.97856565547	0.27620387
0.6501587301587302	195.97856565547	0.306544
0.6617687074829932	195.97856565547	0.30517107
0.6733786848072563	235.76712101899324	0.3165991
0.6849886621315193	235.76712101899324	0.36514318
0.6965986394557823	235.76712101899324	0.44751096
0.7082086167800453	235.76712101899324	0.5355816
0.7198185941043084	235.76712101899324	0.60967976
0.7314285714285714	235.76712101899324	0.68220913
0.7430385487528345	235.76712101899324	0.7205226
0.7546485260770975	235.76712101899324	0.72723126
0.7662585034013606	235.76712101899324	0.72964126
0.7778684807256235	235.76712101899324	0.7330035
0.7894784580498866	235.76712101899324	0.7403476
0.8010884353741496	235.76712101899324	0.7498041
0.8126984126984127	235.76712101899324	0.75474817
0.8243083900226758	235.76712101899324	0.75868195
0.8359183673469388	235.76712101899324	0.76086956
0.8475283446712019	235.76712101899324	0.7686195
0.8591383219954648	233.0591046655128	0.7871284
0.8707482993197279	233.0591046655128	0.79986316
0.8823582766439909	235.76712101899324	0.8053842
0.893968253968254	235.76712101899324	0.7990415
0.905578231292517	235.76712101899324	0.7725144
0.9171882086167801	235.76712101899324	0.7223287
0.9287981859410431	235.76712101899324	0.64849526
0.9404081632653061	235.76712101899324	0.5890832
0.9520181405895691	235.76712101899324	0.58514434
0.9636281179138322	235.76712101899324	0.62895775
0.9752380952380952	235.76712101899324	0.6894011
0.9868480725623583	235.76712101899324	0.73070925
0.9984580498866213	235.76712101899324	0.74672335
1.0100680272108844	235.76712101899324	0.7561182
1.0216780045351475	235.76712101899324	0.7381295
1.0332879818594105	235.76712101899324	0.6791872
1.0448979591836736	235.76712101899324	0.6111458
1.0565079365079366	235.76712101899324	0.50832826
1.0681179138321995	233.0591046655128	0.3298913
1.0797278911564625	235.76712101899324	0.28137597
1.0913378684807256	261.6	0.26929337
1.1029478458049886	261.6	0.50541115
1.1145578231292517	261.6	0.5471994
1.1261678004535147	261.6	0.52376074
1.1377777777777778	261.6	0.57270813
1.1493877551020408	261.6	0.61888885
1.1609977324263039	261.6	0.670546
1.172607709750567	261.6	0.72328645
1.18421768707483	261.6	0.73661506
1.195827664399093	264.63964558298295	0.74963826
1.207437641723356	264.63964558298295	0.76889795
1.2190476190476192	264.63964558298295	0.74793094
1.230657596371882	261.6	0.77992505
1.242267573696145	261.6	0.8361441
1.253877551020408	261.6	0.8779718
1.2654875283446712	261.6	0.9025387
1.2770975056689342	261.6	0.9247354
1.2887074829931973	261.6	0.93297297
1.3003174603174603	264.63964558298295	0.9317405
1.3119274376417234	264.63964558298295	0.9285577
1.3235374149659864	264.63964558298295	0.9123471
1.3351473922902495	264.63964558298295	0.8865425
1.3467573696145125	261.6	0.8767444
1.3583673469387756	261.6	0.86114764
1.3699773242630386	261.6	0.8315485
1.3815873015873017	264.63964558298295	0.8157536
1.3931972789115645	261.6	0.8437418
1.4048072562358276	261.6	0.90286404
1.4164172335600906	261.6	0.93361694
1.4280272108843537	261.6	0.93576205
1.4396371882086167	261.6	0.92495596
1.4512471655328798	261.6	0.8975402
1.4628571428571429	261.6	0.871919
1.474467120181406	261.6	0.8813009
1.486077097505669	261.6	0.9068176
1.497687074829932	261.6	0.9255738
1.509297052154195	261.6	0.93486017
1.5209070294784581	261.6	0.9378914
1.5325170068027212	261.6	0.9406237
1.5441269841269842	261.6	0.94001657
1.555736961451247	261.6	0.9292888
1.5673469387755101	264.63964558298295	0.9020919
1.5789569160997732	264.63964558298295	0.9012808
1.5905668934240362	264.63964558298295	0.9052774
1.6021768707482993	264.63964558298295	0.9142034
1.6137868480725623	261.6	0.9231912
1.6253968253968254	264.63964558298295	0.9272276
1.6370068027210884	264.63964558298295	0.9341268
1.6486167800453515	264.63964558298295	0.9401224
1.6602267573696146	264.63964558298295	0.9448129
1.6718367346938776	261.6	0.95355386
1.6834467120181407	261.6	0.9575053
1.6950566893424037	261.6	0.95479345
1.7066666666666668	261.6	0.94950294
1.7182766439909296	261.6	0.9434383
1.7298866213151927	261.6	0.9324904
1.7414965986394557	261.6	0.91065055
1.7531065759637188	264.63964558298295	0.8895405
1.7647165532879818	264.63964558298295	0.878528
1.7763265306122449	264.63964558298295	0.85707074
1.787936507936508	264.63964558298295	0.82935554
1.799546485260771	264.63964558298295	0.82190967
1.811156462585034	264.63964558298295	0.83390015
1.822766439909297	261.6	0.858993
1.8343764172335602	261.6	0.87313104
1.8459863945578232	261.6	0.87277657
1.8575963718820863	261.6	0.8653575
1.8692063492063493	261.6	0.82941836
1.8808163265306121	261.6	0.77441233
1.8924263038548752	264.63964558298295	0.77628165
1.9040362811791383	264.63964558298295	0.81468725
1.9156462585034013	264.63964558298295	0.8574395
1.9272562358276644	264.63964558298295	0.89162713
1.9388662131519274	264.63964558298295	0.9067293
1.9504761904761905	264.63964558298295	0.9004499
1.9620861678004535	264.63964558298295	0.89155716
1.9736961451247166	264.63964558298295	0.8774486
1.9853061224489796	261.6	0.8777686
1.9969160997732427	261.6	0.8759501
2.0085260770975055	261.6	0.8567456
2.020136054421769	264.63964558298295	0.8318466
2.0317460317460316	264.63964558298295	0.83917886
2.043356009070295	264.63964558298295	0.84011847
2.0549659863945577	264.63964558298295	0.8484489
2.066575963718821	264.63964558298295	0.8554879
2.078185941043084	264.63964558298295	0.8449878
2.089795918367347	261.6	0.8654882
2.10140589569161	261.6	0.87497824
2.1130158730158732	261.6	0.860753
2.124625850340136	261.6	0.82960767
2.136235827664399	264.63964558298295	0.81630814
2.147845804988662	264.63964558298295	0.8217847
2.159455782312925	264.63964558298295	0.8349839
2.1710657596371883	264.63964558298295	0.8544655
2.182675736961451	264.63964558298295	0.87349075
2.1942857142857144	264.63964558298295	0.88900346
2.2058956916099772	264.63964558298295	0.90147954
2.2175056689342405	264.63964558298295	0.9082042
2.2291156462585033	264.63964558298295	0.90639883
2.2407256235827666	264.63964558298295	0.90341234
2.2523356009070294	264.63964558298295	0.90405685
2.2639455782312927	264.63964558298295	0.9107518
2.2755555555555556	264.63964558298295	0.92090225
2.2871655328798184	264.63964558298295	0.928352
2.2987755102040817	264.63964558298295	0.93272966
2.3103854875283445	264.63964558298295	0.9340553
2.3219954648526078	264.63964558298295	0.9308534
2.3336054421768706	264.63964558298295	0.92113805
2.345215419501134	264.63964558298295	0.91433823
2.3568253968253967	264.63964558298295	0.9110156
2.36843537414966	264.63964558298295	0.90598977
2.380045351473923	264.63964558298295	0.87739116
2.391655328798186	264.63964558298295	0.8180635
2.403265306122449	264.63964558298295	0.75075907
2.414875283446712	264.63964558298295	0.6565444
2.426485260770975	264.63964558298295	0.47785658
2.4380952380952383	264.63964558298295	0.30743435
2.449705215419501	311.0965812847119	0.305946
2.461315192743764	311.0965812847119	0.31543073
2.4729251700680273	311.0965812847119	0.31836805
2.48453514739229	311.0965812847119	0.33015177
2.4961451247165534	311.0965812847119	0.3693156
2.507755102040816	311.0965812847119	0.4767905
2.5193650793650795	311.0965812847119	0.56377137
2.5309750566893423	311.0965812847119	0.61914045
2.5425850340136056	311.0965812847119	0.66276205
2.5541950113378684	311.0965812847119	0.6977422
2.5658049886621317	311.0965812847119	0.70776474
2.5774149659863945	314.71134943908174	0.72815
2.589024943310658	314.71134943908174	0.72577
2.6006349206349206	314.71134943908174	0.71021783
2.6122448979591835	314.71134943908174	0.7078338
2.6238548752834467	314.71134943908174	0.75189376
2.6354648526077096	314.71134943908174	0.8131718
2.647074829931973	314.71134943908174	0.8463487
2.6586848072562357	314.71134943908174	0.86716294
2.670294784580499	314.71134943908174	0.881037
2.681904761904762	314.71134943908174	0.88179326
2.693514739229025	311.0965812847119	0.87085515
2.705124716553288	311.0965812847119	0.88063467
2.716734693877551	311.0965812847119	0.876922
2.728344671201814	311.0965812847119	0.8551014
2.7399546485260773	311.0965812847119	0.82611644
2.75156462585034	314.71134943908174	0.8157099
2.7631746031746034	314.71134943908174	0.83250636
2.7747845804988662	314.71134943908174	0.8314657
2.786394557823129	314.71134943908174	0.8169297
2.7980045351473923	314.71134943908174	0.7984199
2.809614512471655	314.71134943908174	0.7851177
2.8212244897959184	314.71134943908174	0.7692239
2.8328344671201813	314.71134943908174	0.7012429
2.8444444444444446	311.0965812847119	0.58762264
2.8560544217687074	311.0965812847119	0.3835406
2.8676643990929707	300.4994896672244	0.3599312
2.8792743764172335	300.4994896672244	0.36369404
2.8908843537414968	297.0479586449415	0.38260505
2.9024943310657596	293.63607183773195	0.51251954
2.914104308390023	293.63607183773195	0.69377047
2.9257142857142857	297.0479586449415	0.8213533
2.9373242630385485	297.0479586449415	0.87898624
2.948934240362812	297.0479586449415	0.8979063
2.9605442176870747	297.0479586449415	0.8547278
2.972154195011338	297.0479586449415	0.7511042
2.9837641723356008	297.0479586449415	0.69077754
2.995374149659864	297.0479586449415	0.7757617
3.006984126984127	297.0479586449415	0.8646608
3.01859410430839	297.0479586449415	0.87973154
3.030204081632653	297.0479586449415	0.88166076
3.0418140589569163	297.0479586449415	0.87996614
3.053424036281179	297.0479586449415	0.8760928
3.0650340136054424	297.0479586449415	0.8680138
3.076643990929705	297.0479586449415	0.8770095
3.0882539682539685	297.0479586449415	0.8948098
3.0998639455782313	293.63607183773195	0.93042225
3.111473922902494	293.63607183773195	0.93373126
3.1230839002267574	293.63607183773195	0.9118853
3.1346938775510202	297.0479586449415	0.8949693
3.1463038548752835	297.0479586449415	0.8725567
3.1579138321995464	300.4994896672244	0.87905896
3.1695238095238096	300.4994896672244	0.88653654
3.1811337868480725	297.0479586449415	0.91851205
3.1927437641723357	297.0479586449415	0.9356414
3.2043537414965986	297.0479586449415	0.90309197
3.215963718820862	297.0479586449415	0.8354738
3.2275736961451247	297.0479586449415	0.86304444
3.239183673469388	293.63607183773195	0.91039926
3.250793650793651	293.63607183773195	0.9310929
3.2624036281179136	293.63607183773195	0.9068346
3.274013605442177	297.0479586449415	0.8958179
3.2856235827664397	297.0479586449415	0.8912943
3.297233560090703	297.0479586449415	0.8804018
3.308843537414966	297.0479586449415	0.8765441
3.320453514739229	297.0479586449415	0.9058827
3.332063492063492	297.0479586449415	0.90343297
3.3436734693877552	293.63607183773195	0.9132249
3.355283446712018	297.0479586449415	0.9053805
3.3668934240362813	297.0479586449415	0.89987445
3.378503401360544	297.0479586449415	0.9257347
3.3901133786848074	297.0479586449415	0.9493753
3.4017233560090703	297.0479586449415	0.9520592
3.4133333333333336	297.0479586449415	0.94289726
3.4249433106575964	297.0479586449415	0.9260303
3.436553287981859	297.0479586449415	0.9064031
3.4481632653061225	297.0479586449415	0.8851148
3.4597732426303853	293.63607183773195	0.883941
3.4713832199546486	293.63607183773195	0.8747275
3.4829931972789114	293.63607183773195	0.8531604
3.4946031746031747	293.63607183773195	0.815653
3.5062131519274375	297.0479586449415	0.8229439
3.517823129251701	297.0479586449415	0.8514787
3.5294331065759637	297.0479586449415	0.8690299
3.541043083900227	297.0479586449415	0.85670346
3.5526530612244898	297.0479586449415	0.82485694
3.564263038548753	293.63607183773195	0.8364928
3.575873015873016	293.63607183773195	0.83199817
3.5874829931972787	293.63607183773195	0.8292787
3.599092970521542	293.63607183773195	0.8144767
3.610702947845805	297.0479586449415	0.8053311
3.622312925170068	297.0479586449415	0.78844994
3.633922902494331	297.0479586449415	0.741119
3.645532879818594	297.0479586449415	0.7370065
3.657142857142857	297.0479586449415	0.72849745
3.6687528344671203	297.0479586449415	0.67107564
3.680362811791383	297.0479586449415	0.5348843
3.6919727891156464	293.63607183773195	0.43186897
3.7035827664399092	233.0591046655128	0.48759797
3.7151927437641725	235.76712101899324	0.5945867
3.7268027210884354	235.76712101899324	0.62854373
3.7384126984126986	235.76712101899324	0.60424644
3.7500226757369615	235.76712101899324	0.49577183
3.7616326530612243	233.0591046655128	0.33942023
3.7732426303854876	311.0965812847119	0.27999854
3.7848526077097504	311.0965812847119	0.5336243
3.7964625850340137	311.0965812847119	0.7113785
3.8080725623582765	311.0965812847119	0.78394526
3.81968253968254	311.0965812847119	0.8260111
3.8312925170068026	311.0965812847119	0.8701241
3.842902494331066	311.0965812847119	0.90181476
3.8545124716553287	311.0965812847119	0.9031271
3.866122448979592	311.0965812847119	0.8880811
3.877732426303855	311.0965812847119	0.87405807
3.889342403628118	311.0965812847119	0.86078924
3.900952380952381	311.0965812847119	0.8547794
3.912562358276644	311.0965812847119	0.8489721
3.924172335600907	311.0965812847119	0.83577996
3.93578231292517	311.0965812847119	0.8253153
3.947392290249433	311.0965812847119	0.8062698
3.959002267573696	311.0965812847119	0.7645708
3.9706122448979593	314.71134943908174	0.7430259
3.982222222222222	314.71134943908174	0.76530606
3.9938321995464854	314.71134943908174	0.7853271
4.005442176870749	311.0965812847119	0.8434486
4.017052154195011	311.0965812847119	0.88534963
4.028662131519274	311.0965812847119	0.89777887
4.040272108843538	311.0965812847119	0.89543283
4.051882086167801	311.0965812847119	0.89637977
4.063492063492063	311.0965812847119	0.90221536
4.0751020408163265	314.71134943908174	0.9059205
4.08671201814059	314.71134943908174	0.90617156
4.098321995464852	314.71134943908174	0.90293896
4.1099319727891155	314.71134943908174	0.9032503
4.121541950113379	314.71134943908174	0.89888734
4.133151927437642	314.71134943908174	0.8873066
4.144761904761904	314.71134943908174	0.871127
4.156371882086168	314.71134943908174	0.8494592
4.167981859410431	311.0965812847119	0.82822406
4.179591836734694	311.0965812847119	0.7772773
4.191201814058957	311.0965812847119	0.6885561
4.20281179138322	311.0965812847119	0.5852554
4.214421768707483	311.0965812847119	0.46645433
4.2260317460317465	314.71134943908174	0.38780794
4.237641723356009	314.71134943908174	0.37110192
4.249251700680272	314.71134943908174	0.3756572
4.260861678004535	353.2515459175985	0.43036228
4.272471655328798	353.2515459175985	0.50967646
4.284081632653061	353.2515459175985	0.563113
4.295691609977324	353.2515459175985	0.5738833
4.307301587301588	353.2515459175985	0.57939935
4.31891156462585	353.2515459175985	0.6154971
4.330521541950113	353.2515459175985	0.6733052
4.342131519274377	353.2515459175985	0.7316945
4.35374149659864	353.2515459175985	0.7758404
4.365351473922902	353.2515459175985	0.79599714
4.3769614512471655	349.194105850881	0.84878033
4.388571428571429	349.194105850881	0.8699096
4.400181405895691	349.194105850881	0.85794723
4.4117913832199545	349.194105850881	0.8070752
4.423401360544218	353.2515459175985	0.7509297
4.435011337868481	353.2515459175985	0.74120295
4.446621315192743	353.2515459175985	0.75832343
4.458231292517007	353.2515459175985	0.78522724
4.46984126984127	353.2515459175985	0.7991131
4.481451247165533	353.2515459175985	0.8066829
4.493061224489796	353.2515459175985	0.80490243
4.504671201814059	353.2515459175985	0.7943917
4.516281179138322	353.2515459175985	0.7837528
4.527891156462585	349.194105850881	0.790654
4.539501133786848	349.194105850881	0.80872333
4.551111111111111	349.194105850881	0.82287145
4.562721088435374	349.194105850881	0.8308568
4.574331065759637	349.194105850881	0.8436158
4.5859410430839	349.194105850881	0.852197
4.597551020408163	349.194105850881	0.8549438
4.609160997732427	349.194105850881	0.83915114
4.620770975056689	353.2515459175985	0.82496357
4.632380952380952	353.2515459175985	0.8247993
4.6439909297052155	353.2515459175985	0.79774106
4.655600907029479	353.2515459175985	0.76252353
4.667210884353741	353.2515459175985	0.73715276
4.6788208616780045	353.2515459175985	0.6859724
4.690430839002268	349.194105850881	0.6048454
4.702040816326531	314.71134943908174	0.4729484
4.713650793650793	311.0965812847119	0.55306834
4.725260770975057	311.0965812847119	0.61454135
4.73687074829932	311.0965812847119	0.6147908
4.748480725623582	314.71134943908174	0.6266668
4.760090702947846	314.71134943908174	0.64332134
4.771700680272109	314.71134943908174	0.66603667
4.783310657596372	314.71134943908174	0.6576217
4.794920634920635	314.71134943908174	0.6453162
4.806530612244898	314.71134943908174	0.6402478
4.818140589569161	314.71134943908174	0.60045993
4.829750566893424	314.71134943908174	0.590919
4.841360544217687	314.71134943908174	0.6163536
4.85297052154195	314.71134943908174	0.64635175
4.864580498866213	311.0965812847119	0.6988145
4.876190476190477	311.0965812847119	0.71576923
4.887800453514739	311.0965812847119	0.6956638
4.899410430839002	311.0965812847119	0.6746009
4.911020408163266	311.0965812847119	0.6807593
4.922630385487528	311.0965812847119	0.6996491
4.934240362811791	311.0965812847119	0.7110577
4.9458503401360545	311.0965812847119	0.7469446
4.957460317460318	314.71134943908174	0.7794251
4.96907029478458	314.71134943908174	0.7942357
4.9806802721088435	314.71134943908174	0.7757876
4.992290249433107	314.71134943908174	0.74696875
5.00390022675737	311.0965812847119	0.75519663
5.015510204081632	311.0965812847119	0.77580035
5.027120181405896	311.0965812847119	0.7931438
5.038730158730159	311.0965812847119	0.818889
5.050340136054421	311.0965812847119	0.81627846
5.061950113378685	311.0965812847119	0.7607252
5.073560090702948	314.71134943908174	0.75250816
5.085170068027211	311.0965812847119	0.8062179
5.0967800453514736	311.0965812847119	0.8665953
5.108390022675737	311.0965812847119	0.88711244
5.12	311.0965812847119	0.87480134
5.131609977324263	311.0965812847119	0.8620221
5.143219954648526	311.0965812847119	0.8717111
5.154829931972789	311.0965812847119	0.8880699
5.166439909297052	311.0965812847119	0.90412974
5.178049886621316	311.0965812847119	0.9074101
5.189659863945578	311.0965812847119	0.8973889
5.201269841269841	311.0965812847119	0.8833548
5.2128798185941045	311.0965812847119	0.8671701
5.224489795918367	311.0965812847119	0.85028636
5.23609977324263	311.0965812847119	0.84000945
5.2477097505668935	311.0965812847119	0.8617953
5.259319727891157	311.0965812847119	0.8971522
5.270929705215419	311.0965812847119	0.9137792
5.282539682539682	311.0965812847119	0.8934105
5.294149659863946	314.71134943908174	0.863016
5.305759637188209	314.71134943908174	0.8558194
5.317369614512471	314.71134943908174	0.85173094
5.328979591836735	314.71134943908174	0.85673904
5.340589569160998	314.71134943908174	0.86370486
5.352199546485261	311.0965812847119	0.88992894
5.363809523809524	311.0965812847119	0.9034456
5.375419501133787	311.0965812847119	0.89167243
5.38702947845805	311.0965812847119	0.8636288
5.3986394557823125	311.0965812847119	0.84680915
5.410249433106576	311.0965812847119	0.84397674
5.421859410430839	311.0965812847119	0.8390255
5.433469387755102	311.0965812847119	0.8444702
5.445079365079365	311.0965812847119	0.8231545
5.456689342403628	311.0965812847119	0.8233981
5.468299319727891	311.0965812847119	0.8446902
5.479909297052155	311.0965812847119	0.8232747
5.491519274376417	311.0965812847119	0.7975399
5.50312925170068	311.0965812847119	0.74375814
5.5147392290249435	311.0965812847119	0.60852695
5.526349206349207	311.0965812847119	0.5057728
5.537959183673469	311.0965812847119	0.44693682
5.5495691609977325	311.0965812847119	0.40738004
5.561179138321996	297.0479586449415	0.42283353
5.572789115646258	300.4994896672244	0.5948192
5.584399092970521	297.0479586449415	0.7468628
5.596009070294785	297.0479586449415	0.8346307
5.607619047619048	297.0479586449415	0.85542256
5.61922902494331	297.0479586449415	0.8732208
5.630839002267574	297.0479586449415	0.861779
5.642448979591837	297.0479586449415	0.8259486
5.6540589569161	297.0479586449415	0.79210985
5.6656689342403626	293.63607183773195	0.79052055
5.677278911564626	293.63607183773195	0.79163367
5.688888888888889	297.0479586449415	0.79596853
5.7004988662131515	293.63607183773195	0.8649183
5.712108843537415	293.63607183773195	0.9025553
5.723718820861678	293.63607183773195	0.9106319
5.735328798185941	293.63607183773195	0.900768
5.746938775510204	293.63607183773195	0.8766884
5.758548752834467	297.0479586449415	0.8781866
5.77015873015873	297.0479586449415	0.8633874
5.7817687074829935	297.0479586449415	0.83818364
5.793378684807256	297.0479586449415	0.8213208
5.804988662131519	297.0479586449415	0.83342344
5.8165986394557825	297.0479586449415	0.8685645
5.828208616780046	297.0479586449415	0.894952
5.839818594104308	297.0479586449415	0.9027219
5.851428571428571	297.0479586449415	0.90473235
5.863038548752835	297.0479586449415	0.90625286
5.874648526077097	297.0479586449415	0.9074212
5.88625850340136	297.0479586449415	0.9050259
5.897868480725624	297.0479586449415	0.89200115
5.909478458049887	293.63607183773195	0.88938355
5.921088435374149	297.0479586449415	0.8811962
5.932698412698413	297.0479586449415	0.8673427
5.944308390022676	297.0479586449415	0.8756012
5.955918367346939	297.0479586449415	0.89938396
5.9675283446712015	297.0479586449415	0.90282816
5.979138321995465	297.0479586449415	0.88850844
5.990748299319728	293.63607183773195	0.86722946
6.002358276643991	293.63607183773195	0.86706907
6.013968253968254	293.63607183773195	0.8796227
6.025578231292517	297.0479586449415	0.8931606
6.03718820861678	297.0479586449415	0.89010125
6.048798185941043	297.0479586449415	0.8938682
6.060408163265306	297.0479586449415	0.90832615
6.072018140589569	293.63607183773195	0.9283242
6.0836281179138325	293.63607183773195	0.9340102
6.095238095238095	293.63607183773195	0.9314355
6.106848072562358	293.63607183773195	0.91198164
6.1184580498866215	297.0479586449415	0.8903787
6.130068027210885	297.0479586449415	0.88425684
6.141678004535147	297.0479586449415	0.88131684
6.15328798185941	297.0479586449415	0.89056635
6.164897959183674	297.0479586449415	0.8965905
6.176507936507937	293.63607183773195	0.9087122
6.188117913832199	293.63607183773195	0.91627437
6.199727891156463	293.63607183773195	0.9021687
6.211337868480726	293.63607183773195	0.88069755
6.222947845804988	293.63607183773195	0.8708338
6.2345578231292516	297.0479586449415	0.8777906
6.246167800453515	297.0479586449415	0.8922707
6.257777777777778	297.0479586449415	0.89812523
6.2693877551020405	293.63607183773195	0.90866864
6.280997732426304	293.63607183773195	0.91352534
6.292607709750567	293.63607183773195	0.9163064
6.30421768707483	293.63607183773195	0.91264623
6.315827664399093	293.63607183773195	0.89205956
6.327437641723356	293.63607183773195	0.8642936
6.339047619047619	293.63607183773195	0.85399365
6.350657596371882	293.63607183773195	0.848593
6.362267573696145	297.0479586449415	0.8320721
6.373877551020408	297.0479586449415	0.79125756
6.3854875283446715	293.63607183773195	0.76913434
6.397097505668934	293.63607183773195	0.7362686
6.408707482993197	297.0479586449415	0.69571024
6.42031746031746	261.6	0.6893513
6.431927437641724	261.6	0.74918693
6.443537414965986	261.6	0.7872868
6.455147392290249	261.6	0.7887392
6.466757369614513	261.6	0.75860316
6.478367346938776	261.6	0.73433447
6.489977324263038	264.63964558298295	0.78102046
6.501587301587302	264.63964558298295	0.82342374
6.513197278911565	264.63964558298295	0.8566231
6.524807256235827	264.63964558298295	0.8601023
6.5364172335600905	264.63964558298295	0.82092565
6.548027210884354	261.6	0.77239347
6.559637188208617	261.6	0.8181901
6.5712471655328795	261.6	0.8465752
6.582857142857143	261.6	0.8442212
6.594467120181406	261.6	0.8451109
6.606077097505669	261.6	0.8563962
6.617687074829932	261.6	0.88022935
6.629297052154195	261.6	0.9010722
6.640907029478458	261.6	0.88277537
6.6525170068027215	264.63964558298295	0.86412835
6.664126984126984	264.63964558298295	0.87705517
6.675736961451247	264.63964558298295	0.89458674
6.6873469387755105	264.63964558298295	0.90921694
6.698956916099773	264.63964558298295	0.9038934
6.710566893424036	264.63964558298295	0.899442
6.722176870748299	264.63964558298295	0.90479386
6.733786848072563	264.63964558298295	0.9023206
6.745396825396825	261.6	0.8975222
6.757006802721088	261.6	0.89425653
6.768616780045352	264.63964558298295	0.9002007
6.780226757369615	264.63964558298295	0.9005279
6.791836734693877	264.63964558298295	0.8738834
6.8034467120181406	264.63964558298295	0.8335136
6.815056689342404	264.63964558298295	0.8138632
6.826666666666667	264.63964558298295	0.7840149
6.8382766439909295	261.6	0.75592154
6.849886621315193	261.6	0.694752
6.861496598639456	261.6	0.5808929
6.873106575963718	261.6	0.4878187
6.884716553287982	261.6	0.45410445
6.896326530612245	261.6	0.4374545
6.907936507936508	261.6	0.37184456
6.919546485260771	293.63607183773195	0.3308254
6.931156462585034	293.63607183773195	0.29154265
6.942766439909297	297.0479586449415	0.27967668
6.9543764172335605	297.0479586449415	0.32356712
6.965986394557823	297.0479586449415	0.42244655
6.977596371882086	297.0479586449415	0.557544
6.989206349206349	297.0479586449415	0.6421828
7.000816326530612	297.0479586449415	0.68043894
7.012426303854875	297.0479586449415	0.7315569
7.024036281179138	297.0479586449415	0.7860626
7.035646258503402	297.0479586449415	0.7970197
7.047256235827664	297.0479586449415	0.7920871
7.058866213151927	297.0479586449415	0.78727674
7.070476190476191	297.0479586449415	0.7448643
7.082086167800454	297.0479586449415	0.7038071
7.093696145124716	297.0479586449415	0.72204936
7.1053061224489795	297.0479586449415	0.7564825
7.116916099773243	297.0479586449415	0.7885489
7.128526077097506	297.0479586449415	0.8105198
7.1401360544217685	297.0479586449415	0.7836773
7.151746031746032	297.0479586449415	0.748436
7.163356009070295	297.0479586449415	0.7549941
7.174965986394557	297.0479586449415	0.74657947
7.186575963718821	297.0479586449415	0.73984194
7.198185941043084	297.0479586449415	0.7668432
7.209795918367347	297.0479586449415	0.83760643
7.22140589569161	297.0479586449415	0.85856855
7.233015873015873	297.0479586449415	0.8055459
7.244625850340136	297.0479586449415	0.77857685
7.2562358276643995	297.0479586449415	0.8095201
7.267845804988662	297.0479586449415	0.79954326
7.279455782312925	297.0479586449415	0.7926454
7.291065759637188	297.0479586449415	0.7866024
7.302675736961452	297.0479586449415	0.7382672
7.314285714285714	297.0479586449415	0.6892551
7.325895691609977	297.0479586449415	0.62784374
7.337505668934241	297.0479586449415	0.51925725
7.349115646258503	297.0479586449415	0.401735
7.360725623582766	261.6	0.40898708
7.3723356009070296	261.6	0.42436826
7.383945578231293	264.63964558298295	0.42898053
7.395555555555555	264.63964558298295	0.48731673
7.4071655328798185	261.6	0.55381036
7.418775510204082	261.6	0.5918194
7.430385487528345	264.63964558298295	0.61124086
7.441995464852607	264.63964558298295	0.6303261
7.453605442176871	264.63964558298295	0.62577486
7.465215419501134	264.63964558298295	0.6116289
7.476825396825397	264.63964558298295	0.58535296
7.48843537414966	264.63964558298295	0.5792984
7.500045351473923	261.6	0.6481048
7.511655328798186	261.6	0.7245263
7.523265306122449	261.6	0.7580319
7.534875283446712	264.63964558298295	0.8040592
7.546485260770975	264.63964558298295	0.8296244
7.558095238095238	264.63964558298295	0.8400496
7.569705215419501	264.63964558298295	0.8460755
7.581315192743764	261.6	0.86250204
7.592925170068027	261.6	0.8557261
7.604535147392291	261.6	0.8326204
7.616145124716553	261.6	0.8069818
7.627755102040816	261.6	0.7863788
7.63936507936508	261.6	0.77962995
7.650975056689342	261.6	0.7819682
7.662585034013605	264.63964558298295	0.80700856
7.6741950113378685	264.63964558298295	0.8363768
7.685804988662132	264.63964558298295	0.8429631
7.697414965986394	264.63964558298295	0.8144979
7.7090249433106575	264.63964558298295	0.7471338
7.720634920634921	264.63964558298295	0.6654695
7.732244897959184	264.63964558298295	0.61526453
7.743854875283446	264.63964558298295	0.6257903
7.75546485260771	264.63964558298295	0.6335923
7.767074829931973	264.63964558298295	0.63712937
7.778684807256236	264.63964558298295	0.64013153
7.790294784580499	264.63964558298295	0.64405453
7.801904761904762	264.63964558298295	0.6617756
7.813514739229025	264.63964558298295	0.69963235
7.825124716553288	264.63964558298295	0.7576484
7.836734693877551	264.63964558298295	0.8146716
7.848344671201814	264.63964558298295	0.84248686
7.859954648526077	264.63964558298295	0.8386694
7.87156462585034	264.63964558298295	0.83683705
7.883174603174603	264.63964558298295	0.85356337
7.894784580498866	264.63964558298295	0.883019
7.90639455782313	264.63964558298295	0.91130626
7.918004535147392	264.63964558298295	0.9255755
7.929614512471655	264.63964558298295	0.93348825
7.9412244897959186	264.63964558298295	0.9339087
7.952834467120182	261.6	0.95173526
7.964444444444444	261.6	0.9477848
7.9760544217687075	261.6	0.9123198
7.987664399092971	264.63964558298295	0.8576642
7.999274376417233	264.63964558298295	0.8366178
8.010884353741497	264.63964558298295	0.8465267
8.02249433106576	264.63964558298295	0.8806162
8.034104308390022	264.63964558298295	0.89755815
8.045714285714286	264.63964558298295	0.89168173
8.057324263038549	264.63964558298295	0.8687313
8.068934240362811	264.63964558298295	0.84826905
8.080544217687075	264.63964558298295	0.8307036
8.092154195011338	264.63964558298295	0.79401875
8.103764172335602	264.63964558298295	0.7173104
8.115374149659864	264.63964558298295	0.6387102
8.126984126984127	264.63964558298295	0.60727394
8.13859410430839	264.63964558298295	0.63393813
8.150204081632653	264.63964558298295	0.7029643
8.161814058956915	264.63964558298295	0.7469721
8.17342403628118	264.63964558298295	0.75613874
8.185034013605442	264.63964558298295	0.7172652
8.196643990929704	264.63964558298295	0.65518135
8.208253968253969	264.63964558298295	0.5976266
8.219863945578231	235.76712101899324	0.583684
8.231473922902495	235.76712101899324	0.6070584
8.243083900226758	235.76712101899324	0.66557145
8.25469387755102	235.76712101899324	0.7151084
8.266303854875284	235.76712101899324	0.677733
8.277913832199546	264.63964558298295	0.6639443
8.289523809523809	264.63964558298295	0.5985406
8.301133786848073	235.76712101899324	0.62809014
8.312743764172335	235.76712101899324	0.6811586
8.324353741496598	235.76712101899324	0.70750487
8.335963718820862	233.0591046655128	0.6726958
8.347573696145124	235.76712101899324	0.6285797
8.359183673469389	235.76712101899324	0.5957239
8.370793650793651	235.76712101899324	0.60714114
8.382403628117913	235.76712101899324	0.6286417
8.394013605442177	235.76712101899324	0.5797509
8.40562358276644	235.76712101899324	0.5046784
8.417233560090702	235.76712101899324	0.47754925
8.428843537414966	235.76712101899324	0.49583957
8.440453514739229	235.76712101899324	0.5260279
8.452063492063493	233.0591046655128	0.5477712
8.463673469387755	233.0591046655128	0.55899364
8.475283446712018	235.76712101899324	0.55567044
8.486893424036282	233.0591046655128	0.56093377
8.498503401360544	235.76712101899324	0.5814767
8.510113378684807	235.76712101899324	0.6163886
8.52172335600907	235.76712101899324	0.64769304
8.533333333333333	235.76712101899324	0.66922647
8.544943310657596	235.76712101899324	0.6886602
8.55655328798186	235.76712101899324	0.702717
8.568163265306122	235.76712101899324	0.69981444
8.579773242630386	235.76712101899324	0.6809853
8.591383219954649	235.76712101899324	0.6613368
8.602993197278911	235.76712101899324	0.6491954
8.614603174603175	235.76712101899324	0.64549583
8.626213151927438	235.76712101899324	0.64173377
8.6378231292517	235.76712101899324	0.63502234
8.649433106575964	235.76712101899324	0.6447889
8.661043083900227	235.76712101899324	0.669217
8.672653061224489	235.76712101899324	0.693661
8.684263038548753	235.76712101899324	0.72801036
8.695873015873016	235.76712101899324	0.7680578
8.70748299319728	235.76712101899324	0.79695266
8.719092970521542	235.76712101899324	0.7996128
8.730702947845804	233.0591046655128	0.8179585
8.742312925170069	233.0591046655128	0.85481244
8.753922902494331	233.0591046655128	0.87423927
8.765532879818593	233.0591046655128	0.87863064
8.777142857142858	233.0591046655128	0.8712727
8.78875283446712	233.0591046655128	0.8568368
8.800362811791382	233.0591046655128	0.8405358
8.811972789115647	233.0591046655128	0.83315957
8.823582766439909	233.0591046655128	0.82971716
8.835192743764173	233.0591046655128	0.81074464
8.846802721088435	233.0591046655128	0.7822904
8.858412698412698	233.0591046655128	0.7572251
8.870022675736962	233.0591046655128	0.7317213
8.881632653061224	235.76712101899324	0.7145473
8.893242630385487	235.76712101899324	0.7029105
8.904852607709751	235.76712101899324	0.7053319
8.916462585034013	235.76712101899324	0.7237668
8.928072562358278	235.76712101899324	0.74580294
8.93968253968254	235.76712101899324	0.7589885
8.951292517006802	235.76712101899324	0.76559645
8.962902494331066	235.76712101899324	0.780611
8.974512471655329	235.76712101899324	0.8076269
8.986122448979591	235.76712101899324	0.83558965
8.997732426303855	235.76712101899324	0.85525894
9.009342403628118	235.76712101899324	0.86617064
9.02095238095238	235.76712101899324	0.8668036
9.032562358276644	235.76712101899324	0.8561811
9.044172335600907	235.76712101899324	0.8367726
9.05578231292517	235.76712101899324	0.807878
9.067392290249433	235.76712101899324	0.7820764
9.079002267573696	235.76712101899324	0.7685307
9.09061224489796	235.76712101899324	0.72464776
9.102222222222222	235.76712101899324	0.6762908
9.113832199546485	235.76712101899324	0.6218604
9.125442176870749	235.76712101899324	0.5640696
9.137052154195011	235.76712101899324	0.49912405
9.148662131519274	198.2557268995601	0.5122969
9.160272108843538	195.97856565547	0.6401087
9.1718820861678	195.97856565547	0.7970971
9.183492063492064	195.97856565547	0.87408704
9.195102040816327	195.97856565547	0.89753133
9.206712018140589	195.97856565547	0.9025153
9.218321995464853	195.97856565547	0.921899
9.229931972789116	195.97856565547	0.94331324
9.241541950113378	195.97856565547	0.94986284
9.253151927437642	195.97856565547	0.94866055
9.264761904761905	195.97856565547	0.94491076
9.276371882086167	195.97856565547	0.9366956
9.287981859410431	195.97856565547	0.9226282
9.299591836734693	195.97856565547	0.9111687
9.311201814058958	195.97856565547	0.90753525
9.32281179138322	195.97856565547	0.9075712
9.334421768707482	195.97856565547	0.9068582
9.346031746031747	195.97856565547	0.9086442
9.357641723356009	195.97856565547	0.91399264
9.369251700680271	195.97856565547	0.9126622
9.380861678004536	195.97856565547	0.9104631
9.392471655328798	195.97856565547	0.9122187
9.404081632653062	195.97856565547	0.9148438
9.415691609977324	195.97856565547	0.91380346
9.427301587301587	195.97856565547	0.91042495
9.438911564625851	195.97856565547	0.9127719
9.450521541950113	195.97856565547	0.91605914
9.462131519274376	195.97856565547	0.912388
9.47374149659864	195.97856565547	0.9056883
9.485351473922902	195.97856565547	0.9076634
9.496961451247165	195.97856565547	0.91364574
9.508571428571429	195.97856565547	0.91606945
9.520181405895691	195.97856565547	0.92041266
9.531791383219955	195.97856565547	0.9273734
9.543401360544218	195.97856565547	0.93353164
9.55501133786848	195.97856565547	0.9367934
9.566621315192744	195.97856565547	0.9384452
9.578231292517007	195.97856565547	0.937962
9.58984126984127	195.97856565547	0.9351203
9.601451247165533	195.97856565547	0.9342117
9.613061224489796	195.97856565547	0.9401121
9.624671201814058	195.97856565547	0.9496643
9.636281179138322	195.97856565547	0.954053
9.647891156462585	195.97856565547	0.95384145
9.659501133786849	195.97856565547	0.9534207
9.671111111111111	195.97856565547	0.951843
9.682721088435374	195.97856565547	0.94995725
9.694331065759638	195.97856565547	0.9529284
9.7059410430839	195.97856565547	0.9581613
9.717551020408163	195.97856565547	0.96138984
9.729160997732427	195.97856565547	0.9638915
9.740770975056689	195.97856565547	0.96839297
9.752380952380953	195.97856565547	0.970957
9.763990929705216	195.97856565547	0.9706759
9.775600907029478	195.97856565547	0.97338694
9.787210884353742	195.97856565547	0.97927916
9.798820861678005	195.97856565547	0.982675
9.810430839002267	195.97856565547	0.9826093
9.822040816326531	195.97856565547	0.9804534
9.833650793650794	195.97856565547	0.97735256
9.845260770975056	195.97856565547	0.9743558
9.85687074829932	195.97856565547	0.97024417
9.868480725623582	195.97856565547	0.96449697
9.880090702947847	195.97856565547	0.96232253
9.891700680272109	195.97856565547	0.9654018
9.903310657596371	195.97856565547	0.9687121
9.914920634920636	195.97856565547	0.96909654
9.926530612244898	195.97856565547	0.9654128
9.93814058956916	195.97856565547	0.95816666
9.949750566893425	195.97856565547	0.95227945
9.961360544217687	195.97856565547	0.95126754
9.97297052154195	195.97856565547	0.95177716
9.984580498866213	195.97856565547	0.9507889
9.996190476190476	195.97856565547	0.94966537
10.00780045351474	195.97856565547	0.9482994
10.019410430839002	195.97856565547	0.949967
10.031020408163265	195.97856565547	0.9523408
10.042630385487529	195.97856565547	0.94981486
10.054240362811791	195.97856565547	0.9455001
10.065850340136054	195.97856565547	0.94588965
10.077460317460318	195.97856565547	0.94984204
10.08907029478458	195.97856565547	0.9510793
10.100680272108843	195.97856565547	0.9475152
10.112290249433107	195.97856565547	0.942246
10.12390022675737	195.97856565547	0.9411161
10.135510204081633	195.97856565547	0.9415707
10.147120181405896	195.97856565547	0.9366142
10.158730158730158	195.97856565547	0.9287621
10.170340136054422	195.97856565547	0.9226447
10.181950113378685	195.97856565547	0.91716695
10.193560090702947	195.97856565547	0.91039526
10.205170068027211	195.97856565547	0.90447026
10.216780045351474	195.97856565547	0.90535194
10.228390022675738	195.97856565547	0.91118383
10.24	195.97856565547	0.916926
10.251609977324263	195.97856565547	0.9252709
10.263219954648527	195.97856565547	0.9358913
10.27482993197279	195.97856565547	0.940577
10.286439909297052	195.97856565547	0.93605787
10.298049886621316	195.97856565547	0.92630744
10.309659863945578	195.97856565547	0.91248024
10.32126984126984	198.2557268995601	0.893242
10.332879818594105	198.2557268995601	0.8773105
10.344489795918367	195.97856565547	0.89493245
10.356099773242631	195.97856565547	0.9291341
10.367709750566894	195.97856565547	0.9420965
10.379319727891156	195.97856565547	0.93746436
10.39092970521542	195.97856565547	0.9224869
10.402539682539683	195.97856565547	0.9020232
10.414149659863945	195.97856565547	0.8874235
10.425759637188209	195.97856565547	0.8868742
10.437369614512471	195.97856565547	0.8907559
10.448979591836734	195.97856565547	0.8924938
10.460589569160998	195.97856565547	0.8956633
10.47219954648526	195.97856565547	0.89670867
10.483809523809525	195.97856565547	0.8902933
10.495419501133787	195.97856565547	0.8763899
10.50702947845805	195.97856565547	0.8727981
10.518639455782314	195.97856565547	0.8866412
10.530249433106576	195.97856565547	0.8986956
10.541859410430838	195.97856565547	0.8982971
10.553469387755102	195.97856565547	0.88664925
10.565079365079365	195.97856565547	0.8690267
10.576689342403627	195.97856565547	0.8421544
10.588299319727891	195.97856565547	0.80027854
10.599909297052154	195.97856565547	0.7630564
10.611519274376418	195.97856565547	0.7668357
10.62312925170068	195.97856565547	0.80651885
10.634739229024943	195.97856565547	0.84400755
10.646349206349207	195.97856565547	0.8739405
10.65795918367347	195.97856565547	0.90040374
10.669569160997732	195.97856565547	0.9165285
10.681179138321996	195.97856565547	0.91838104
10.692789115646258	195.97856565547	0.9118517
10.704399092970522	195.97856565547	0.9017541
10.716009070294785	195.97856565547	0.89127433
10.727619047619047	195.97856565547	0.88603866
10.739229024943311	195.97856565547	0.88891816
10.750839002267574	195.97856565547	0.89501303
10.762448979591836	195.97856565547	0.89703953
10.7740589569161	195.97856565547	0.89600295
10.785668934240363	195.97856565547	0.89937514
10.797278911564625	195.97856565547	0.90860426
10.80888888888889	195.97856565547	0.91631097
10.820498866213152	195.97856565547	0.91357017
10.832108843537416	195.97856565547	0.89294916
10.843718820861678	195.97856565547	0.855413
10.85532879818594	195.97856565547	0.829978
10.866938775510205	195.97856565547	0.8243902
10.878548752834467	195.97856565547	0.8240602
10.89015873015873	195.97856565547	0.803273
10.901768707482994	198.2557268995601	0.8056125
10.913378684807256	198.2557268995601	0.8053447
10.924988662131518	198.2557268995601	0.7978767
10.936598639455783	195.97856565547	0.7943363
10.948208616780045	195.97856565547	0.79147846
10.95981859410431	198.2557268995601	0.78002703
10.971428571428572	198.2557268995601	0.81567776
10.983038548752834	198.2557268995601	0.85973376
10.994648526077098	198.2557268995601	0.8941786
11.00625850340136	198.2557268995601	0.91563916
11.017868480725623	198.2557268995601	0.9262683
11.029478458049887	198.2557268995601	0.9269751
11.04108843537415	198.2557268995601	0.92255855
11.052698412698414	198.2557268995601	0.91962683
11.064308390022676	198.2557268995601	0.9206329
11.075918367346938	198.2557268995601	0.9236055
11.087528344671203	198.2557268995601	0.92945915
11.099138321995465	198.2557268995601	0.9374843
11.110748299319727	198.2557268995601	0.9386842
11.122358276643991	198.2557268995601	0.93462044
11.133968253968254	198.2557268995601	0.9315402
11.145578231292516	195.97856565547	0.9332159
11.15718820861678	195.97856565547	0.94273484
11.168798185941043	195.97856565547	0.9372649
11.180408163265307	195.97856565547	0.93864703
11.19201814058957	195.97856565547	0.94561285
11.203628117913832	195.97856565547	0.94984335
11.215238095238096	195.97856565547	0.95109993
11.226848072562358	198.2557268995601	0.95845443
11.23845804988662	198.2557268995601	0.9632959
11.250068027210885	198.2557268995601	0.96215093
11.261678004535147	198.2557268995601	0.9559246
11.27328798185941	198.2557268995601	0.946403
11.284897959183674	198.2557268995601	0.9391333
11.296507936507936	198.2557268995601	0.9355835
11.3081179138322	198.2557268995601	0.93370765
11.319727891156463	198.2557268995601	0.93427587
11.331337868480725	198.2557268995601	0.93692154
11.34294784580499	198.2557268995601	0.9396966
11.354557823129252	198.2557268995601	0.94277495
11.366167800453514	198.2557268995601	0.94516534
11.377777777777778	198.2557268995601	0.9423163
11.38938775510204	195.97856565547	0.9352107
11.400997732426303	195.97856565547	0.9306287
11.412607709750567	198.2557268995601	0.9273862
11.42421768707483	198.2557268995601	0.92130125
11.435827664399094	198.2557268995601	0.901885
11.447437641723356	195.97856565547	0.86012375
11.459047619047618	195.97856565547	0.78089553
11.470657596371883	195.97856565547	0.6786442
11.482267573696145	195.97856565547	0.5265789
11.493877551020407	195.97856565547	0.38821307
11.505487528344672	195.97856565547	0.32351452
11.517097505668934	195.97856565547	0.29953906
11.528707482993198	195.97856565547	0.27178618
11.54031746031746	195.97856565547	0.2661636
11.551927437641723	195.97856565547	0.34132877
11.563537414965987	195.97856565547	0.45244738
11.57514739229025	195.97856565547	0.5466493
11.586757369614512	198.2557268995601	0.59787625
11.598367346938776	198.2557268995601	0.618779
11.609977324263038	198.2557268995601	0.59633875
11.6215873015873	198.2557268995601	0.53720653
11.633197278911565	198.2557268995601	0.45153138
11.644807256235827	233.0591046655128	0.4681847
11.656417233560092	233.0591046655128	0.5088265
11.668027210884354	233.0591046655128	0.52932346
11.679637188208616	233.0591046655128	0.5417889
11.69124716553288	233.0591046655128	0.5632454
11.702857142857143	235.76712101899324	0.61694103
11.714467120181405	235.76712101899324	0.6612158
11.72607709750567	235.76712101899324	0.70757663
11.737687074829932	235.76712101899324	0.7474825
11.749297052154194	235.76712101899324	0.77133775
11.760907029478458	235.76712101899324	0.7717033
11.77251700680272	235.76712101899324	0.7776992
11.784126984126985	235.76712101899324	0.76879776
11.795736961451247	235.76712101899324	0.7322298
11.80734693877551	235.76712101899324	0.6654073
11.818956916099774	235.76712101899324	0.54674214
11.830566893424036	235.76712101899324	0.44374487
11.842176870748299	235.76712101899324	0.4018173
11.853786848072563	235.76712101899324	0.38376307
11.865396825396825	235.76712101899324	0.35013288
11.877006802721088	235.76712101899324	0.28029886
11.888616780045352	235.76712101899324	0.21652122
11.900226757369614	235.76712101899324	0.17819563
11.911836734693878	235.76712101899324	0.17250726
11.92344671201814	261.6	0.2215589
11.935056689342403	261.6	0.2473378
11.946666666666667	261.6	0.26700044
11.95827664399093	261.6	0.34027818
11.969886621315192	261.6	0.41607624
11.981496598639456	261.6	0.48341167
11.993106575963719	261.6	0.58402103
12.004716553287983	261.6	0.65784585
12.016326530612245	264.63964558298295	0.67044437
12.027936507936507	264.63964558298295	0.66154325
12.039546485260772	261.6	0.68212825
12.051156462585034	261.6	0.7710486
12.062766439909296	261.6	0.8318356
12.07437641723356	261.6	0.86135906
12.085986394557823	261.6	0.87537414
12.097596371882085	261.6	0.8811661
12.10920634920635	261.6	0.8602039
12.120816326530612	261.6	0.81729126
12.132426303854876	261.6	0.81552917
12.144036281179138	261.6	0.85435677
12.1556462585034	261.6	0.8611458
12.167256235827665	261.6	0.8587311
12.178866213151927	264.63964558298295	0.88097095
12.19047619047619	264.63964558298295	0.8942422
12.202086167800454	264.63964558298295	0.8922458
12.213696145124716	264.63964558298295	0.8773449
12.225306122448979	264.63964558298295	0.8573563
12.236916099773243	261.6	0.8665402
12.248526077097505	261.6	0.88170385
12.26013605442177	261.6	0.8961069
12.271746031746032	261.6	0.90906733
12.283356009070294	261.6	0.92172277
12.294965986394558	261.6	0.9214173
12.30657596371882	264.63964558298295	0.9185969
12.318185941043083	264.63964558298295	0.91863096
12.329795918367347	264.63964558298295	0.9163204
12.34140589569161	264.63964558298295	0.91294444
12.353015873015874	264.63964558298295	0.90626353
12.364625850340136	264.63964558298295	0.9065555
12.376235827664399	264.63964558298295	0.9172257
12.387845804988663	264.63964558298295	0.92747724
12.399455782312925	264.63964558298295	0.9306978
12.411065759637188	261.6	0.94191784
12.422675736961452	261.6	0.9476323
12.434285714285714	261.6	0.9484401
12.445895691609977	261.6	0.9460079
12.45750566893424	261.6	0.939798
12.469115646258503	261.6	0.92502147
12.480725623582767	264.63964558298295	0.914849
12.49233560090703	264.63964558298295	0.9020825
12.503945578231292	264.63964558298295	0.8928133
12.515555555555556	264.63964558298295	0.8915096
12.527165532879819	261.6	0.91036814
12.538775510204081	261.6	0.9092844
12.550385487528345	261.6	0.9084086
12.561995464852608	261.6	0.9069608
12.57360544217687	261.6	0.8894472
12.585215419501134	261.6	0.8618837
12.596825396825396	264.63964558298295	0.8619087
12.60843537414966	264.63964558298295	0.87641925
12.620045351473923	264.63964558298295	0.8947273
12.631655328798185	261.6	0.9173964
12.64326530612245	261.6	0.92564785
12.654875283446712	261.6	0.9292823
12.666485260770974	264.63964558298295	0.93548465
12.678095238095239	264.63964558298295	0.9421198
12.689705215419501	264.63964558298295	0.9407457
12.701315192743763	264.63964558298295	0.9380633
12.712925170068027	264.63964558298295	0.9366283
12.72453514739229	261.6	0.94078594
12.736145124716554	261.6	0.93026257
12.747755102040816	264.63964558298295	0.90856814
12.759365079365079	264.63964558298295	0.8849635
12.770975056689343	264.63964558298295	0.8683431
12.782585034013605	264.63964558298295	0.86303633
12.794195011337868	264.63964558298295	0.8669135
12.805804988662132	264.63964558298295	0.8835508
12.817414965986394	264.63964558298295	0.8890208
12.829024943310658	264.63964558298295	0.87715197
12.84063492063492	264.63964558298295	0.8731453
12.852244897959183	264.63964558298295	0.88945836
12.863854875283447	264.63964558298295	0.8995455
12.87546485260771	264.63964558298295	0.88554233
12.887074829931972	264.63964558298295	0.8511005
12.898684807256236	264.63964558298295	0.80565715
12.910294784580499	264.63964558298295	0.74731475
12.921904761904761	261.6	0.72577095
12.933514739229025	261.6	0.70109415
12.945124716553288	264.63964558298295	0.68594736
12.956734693877552	264.63964558298295	0.67123705
12.968344671201814	264.63964558298295	0.65632683
12.979954648526077	264.63964558298295	0.6693235
12.99156462585034	264.63964558298295	0.6682319
13.003174603174603	264.63964558298295	0.6550368
13.014784580498866	264.63964558298295	0.619551
13.02639455782313	264.63964558298295	0.6092861
13.038004535147392	264.63964558298295	0.6398866
13.049614512471654	264.63964558298295	0.66002136
13.061224489795919	264.63964558298295	0.68061846
13.072834467120181	264.63964558298295	0.7107016
13.084444444444445	264.63964558298295	0.7399682
13.096054421768708	264.63964558298295	0.75144213
13.10766439909297	264.63964558298295	0.76723975
13.119274376417234	264.63964558298295	0.7968123
13.130884353741497	264.63964558298295	0.8180753
13.142494331065759	264.63964558298295	0.80244505
13.154104308390023	264.63964558298295	0.7897187
13.165714285714285	264.63964558298295	0.7929073
13.177324263038548	264.63964558298295	0.80165195
13.188934240362812	264.63964558298295	0.82406336
13.200544217687074	264.63964558298295	0.83596486
13.212154195011339	264.63964558298295	0.8160698
13.223764172335601	264.63964558298295	0.777285
13.235374149659863	264.63964558298295	0.76099837
13.246984126984128	264.63964558298295	0.7623905
13.25859410430839	264.63964558298295	0.75850904
13.270204081632652	264.63964558298295	0.744843
13.281814058956916	264.63964558298295	0.73548216
13.293424036281179	264.63964558298295	0.7352369
13.305034013605443	264.63964558298295	0.73085326
13.316643990929705	264.63964558298295	0.7128571
13.328253968253968	264.63964558298295	0.66868263
13.339863945578232	264.63964558298295	0.6092853
13.351473922902494	264.63964558298295	0.45957068
13.363083900226757	311.0965812847119	0.34421682
13.374693877551021	311.0965812847119	0.35376582
13.386303854875283	314.71134943908174	0.32743916
13.397913832199546	314.71134943908174	0.30630833
13.40952380952381	314.71134943908174	0.33399794
13.421133786848072	311.0965812847119	0.40279618
13.432743764172336	311.0965812847119	0.44179887
13.444353741496599	311.0965812847119	0.4519558
13.455963718820861	311.0965812847119	0.48128074
13.467573696145125	311.0965812847119	0.507707
13.479183673469388	311.0965812847119	0.49942333
13.49079365079365	311.0965812847119	0.53552973
13.502403628117914	311.0965812847119	0.6126155
13.514013605442177	311.0965812847119	0.654202
13.525623582766439	311.0965812847119	0.6617932
13.537233560090703	311.0965812847119	0.6660337
13.548843537414966	311.0965812847119	0.6667387
13.56045351473923	314.71134943908174	0.6640985
13.572063492063492	314.71134943908174	0.6819303
13.583673469387755	314.71134943908174	0.69192713
13.595283446712019	311.0965812847119	0.6983094
13.606893424036281	311.0965812847119	0.71380985
13.618503401360543	311.0965812847119	0.73823106
13.630113378684808	311.0965812847119	0.75303245
13.64172335600907	311.0965812847119	0.73117375
13.653333333333334	311.0965812847119	0.7403472
13.664943310657597	311.0965812847119	0.7951133
13.676553287981859	311.0965812847119	0.8256967
13.688163265306123	314.71134943908174	0.8541358
13.699773242630386	314.71134943908174	0.86625457
13.711383219954648	311.0965812847119	0.8443667
13.722993197278912	311.0965812847119	0.7673473
13.734603174603174	311.0965812847119	0.53771496
13.746213151927437	293.63607183773195	0.71892273
13.757823129251701	293.63607183773195	0.8387315
13.769433106575963	293.63607183773195	0.79659164
13.781043083900228	293.63607183773195	0.7021193
13.79265306122449	293.63607183773195	0.57723004
13.804263038548752	311.0965812847119	0.5716473
13.815873015873017	293.63607183773195	0.62291723
13.827482993197279	293.63607183773195	0.7006665
13.839092970521541	293.63607183773195	0.7201072
13.850702947845805	297.0479586449415	0.7280817
13.862312925170068	297.0479586449415	0.7122102
13.87392290249433	293.63607183773195	0.7521823
13.885532879818594	293.63607183773195	0.800196
13.897142857142857	293.63607183773195	0.7800848
13.908752834467121	297.0479586449415	0.69544965
13.920362811791383	297.0479586449415	0.6857037
13.931972789115646	297.0479586449415	0.7020586
13.94358276643991	297.0479586449415	0.7049876
13.955192743764172	297.0479586449415	0.65687925
13.966802721088435	297.0479586449415	0.6167431
13.978412698412699	300.4994896672244	0.63657427
13.990022675736961	300.4994896672244	0.65482664
14.001632653061224	300.4994896672244	0.6318667
14.013242630385488	297.0479586449415	0.7499754
14.02485260770975	297.0479586449415	0.8471336
14.036462585034014	297.0479586449415	0.87057894
14.048072562358277	297.0479586449415	0.850739
14.05968253968254	297.0479586449415	0.80365616
14.071292517006803	297.0479586449415	0.7540745
14.082902494331066	297.0479586449415	0.76168525
14.094512471655328	297.0479586449415	0.8016339
14.106122448979592	297.0479586449415	0.846317
14.117732426303855	297.0479586449415	0.8934555
14.129342403628119	297.0479586449415	0.9227868
14.140952380952381	297.0479586449415	0.9321327
14.152562358276644	297.0479586449415	0.93666804
14.164172335600908	297.0479586449415	0.9426618
14.17578231292517	297.0479586449415	0.95047194
14.187392290249432	297.0479586449415	0.95472205
14.199002267573697	297.0479586449415	0.95094734
14.210612244897959	297.0479586449415	0.93825716
14.222222222222221	297.0479586449415	0.9299511
14.233832199546486	297.0479586449415	0.9253581
14.245442176870748	297.0479586449415	0.9179372
14.257052154195012	293.63607183773195	0.92507184
14.268662131519275	297.0479586449415	0.9217793
14.280272108843537	297.0479586449415	0.92549855
14.291882086167801	297.0479586449415	0.9357102
14.303492063492063	297.0479586449415	0.94735366
14.315102040816326	297.0479586449415	0.9518048
14.32671201814059	297.0479586449415	0.95107675
14.338321995464852	297.0479586449415	0.9526871
14.349931972789115	297.0479586449415	0.95109624
14.361541950113379	293.63607183773195	0.93384105
14.373151927437641	293.63607183773195	0.92080045
14.384761904761906	293.63607183773195	0.8912169
14.396371882086168	293.63607183773195	0.846222
14.40798185941043	297.0479586449415	0.79765284
14.419591836734694	297.0479586449415	0.73829883
14.431201814058957	297.0479586449415	0.7656273
14.44281179138322	297.0479586449415	0.79113233
14.454421768707483	297.0479586449415	0.7992991
14.466031746031746	297.0479586449415	0.82479197
14.477641723356008	297.0479586449415	0.8330627
14.489251700680272	297.0479586449415	0.83215445
14.500861678004535	297.0479586449415	0.82674617
14.512471655328799	297.0479586449415	0.7987505
14.524081632653061	297.0479586449415	0.7715621
14.535691609977324	297.0479586449415	0.7575508
14.547301587301588	297.0479586449415	0.74076694
14.55891156462585	297.0479586449415	0.7114391
14.570521541950113	297.0479586449415	0.66300446
14.582131519274377	235.76712101899324	0.61036277
14.59374149659864	235.76712101899324	0.5867614
14.605351473922903	235.76712101899324	0.616899
14.616961451247166	235.76712101899324	0.6300595
14.628571428571428	235.76712101899324	0.6010023
14.640181405895692	235.76712101899324	0.5936108
14.651791383219955	235.76712101899324	0.5701359
14.663401360544217	235.76712101899324	0.49775812
14.675011337868481	311.0965812847119	0.4948288
14.686621315192744	311.0965812847119	0.5410961
14.698231292517006	311.0965812847119	0.6641381
14.70984126984127	311.0965812847119	0.790476
14.721451247165533	311.0965812847119	0.8141213
14.733061224489797	311.0965812847119	0.8262332
14.744671201814059	311.0965812847119	0.85391784
14.756281179138321	311.0965812847119	0.81050473
14.767891156462586	314.71134943908174	0.8181061
14.779501133786848	314.71134943908174	0.86848354
14.79111111111111	314.71134943908174	0.89405966
14.802721088435375	314.71134943908174	0.89753944
14.814331065759637	314.71134943908174	0.8977773
14.8259410430839	314.71134943908174	0.888897
14.837551020408164	311.0965812847119	0.8713838
14.849160997732426	311.0965812847119	0.8399669
14.86077097505669	314.71134943908174	0.82632357
14.872380952380952	314.71134943908174	0.83355093
14.883990929705215	314.71134943908174	0.85350966
14.895600907029479	314.71134943908174	0.87600636
14.907210884353741	314.71134943908174	0.87995625
14.918820861678004	314.71134943908174	0.861844
14.930430839002268	311.0965812847119	0.87610507
14.94204081632653	311.0965812847119	0.8778093
14.953650793650795	311.0965812847119	0.8600219
14.965260770975057	311.0965812847119	0.8561261
14.97687074829932	311.0965812847119	0.8781565
14.988480725623583	311.0965812847119	0.90672433
15.000090702947846	311.0965812847119	0.90956336
15.011700680272108	314.71134943908174	0.8942238
15.023310657596372	314.71134943908174	0.8959035
15.034920634920635	311.0965812847119	0.90382767
15.046530612244897	311.0965812847119	0.9271769
15.058140589569161	314.71134943908174	0.9331326
15.069750566893424	314.71134943908174	0.94803315
15.081360544217688	314.71134943908174	0.9349135
15.09297052154195	314.71134943908174	0.8835308
15.104580498866213	314.71134943908174	0.80145705
15.116190476190477	311.0965812847119	0.80655634
15.12780045351474	311.0965812847119	0.6776807
15.139410430839002	353.2515459175985	0.59190464
15.151020408163266	353.2515459175985	0.66844887
15.162630385487528	353.2515459175985	0.7051116
15.17424036281179	353.2515459175985	0.7340223
15.185850340136055	353.2515459175985	0.7517239
15.197460317460317	353.2515459175985	0.75577027
15.209070294784581	353.2515459175985	0.7663104
15.220680272108844	353.2515459175985	0.7989548
15.232290249433106	353.2515459175985	0.8215439
15.24390022675737	353.2515459175985	0.8304864
15.255510204081633	353.2515459175985	0.8395417
15.267120181405895	353.2515459175985	0.83911365
15.27873015873016	349.194105850881	0.8192905
15.290340136054422	353.2515459175985	0.7925528
15.301950113378684	353.2515459175985	0.7731187
15.313560090702948	353.2515459175985	0.7464674
15.32517006802721	353.2515459175985	0.74775225
15.336780045351475	353.2515459175985	0.78857887
15.348390022675737	349.194105850881	0.82510054
15.36	349.194105850881	0.84441644
15.371609977324264	349.194105850881	0.8216774
15.383219954648526	353.2515459175985	0.78581357
15.394829931972788	353.2515459175985	0.80792093
15.406439909297053	353.2515459175985	0.8389662
15.418049886621315	353.2515459175985	0.8650724
15.429659863945579	353.2515459175985	0.86978585
15.441269841269841	349.194105850881	0.8680845
15.452879818594104	349.194105850881	0.87336344
15.464489795918368	353.2515459175985	0.8805671
15.47609977324263	353.2515459175985	0.8904795
15.487709750566893	353.2515459175985	0.888285
15.499319727891157	353.2515459175985	0.87681204
15.51092970521542	353.2515459175985	0.8685491
15.522539682539682	353.2515459175985	0.8508331
15.534149659863946	353.2515459175985	0.82191503
15.545759637188208	353.2515459175985	0.802089
15.557369614512472	353.2515459175985	0.7550146
15.568979591836735	353.2515459175985	0.68796915
15.580589569160997	349.194105850881	0.6458937
15.592199546485261	349.194105850881	0.6036521
15.603809523809524	396.5114537991202	0.6194654
15.615419501133786	396.5114537991202	0.68412864
15.62702947845805	391.95713131094	0.7203967
15.638639455782313	391.95713131094	0.72277987
15.650249433106575	391.95713131094	0.7011804
15.66185941043084	391.95713131094	0.69484025
15.673469387755102	396.5114537991202	0.70111305
15.685079365079366	396.5114537991202	0.71219623
15.696689342403628	391.95713131094	0.73955745
15.70829931972789	391.95713131094	0.789698
15.719909297052155	396.5114537991202	0.8096041
15.731519274376417	396.5114537991202	0.8262832
15.74312925170068	396.5114537991202	0.8154303
15.754739229024944	396.5114537991202	0.8050199
15.766349206349206	396.5114537991202	0.808544
15.777959183673469	396.5114537991202	0.81011516
15.789569160997733	396.5114537991202	0.8174193
15.801179138321995	391.95713131094	0.83031595
15.81278911564626	391.95713131094	0.88980186
15.824399092970522	391.95713131094	0.9136373
15.836009070294784	391.95713131094	0.90707207
15.847619047619048	396.5114537991202	0.9034433
15.85922902494331	396.5114537991202	0.8777062
15.870839002267573	396.5114537991202	0.85168445
15.882448979591837	396.5114537991202	0.82365495
15.8940589569161	396.5114537991202	0.76990205
15.905668934240364	396.5114537991202	0.7664651
15.917278911564626	396.5114537991202	0.82749796
15.928888888888888	391.95713131094	0.86841
15.940498866213153	396.5114537991202	0.8675045
15.952108843537415	396.5114537991202	0.8769961
15.963718820861677	396.5114537991202	0.8708732
15.975328798185942	396.5114537991202	0.85664845
15.986938775510204	396.5114537991202	0.85581326
15.998548752834466	396.5114537991202	0.86085635
16.01015873015873	396.5114537991202	0.85764337
16.021768707482995	391.95713131094	0.86241084
16.033378684807257	391.95713131094	0.88394684
16.04498866213152	391.95713131094	0.9063618
16.056598639455782	391.95713131094	0.9154826
16.068208616780044	396.5114537991202	0.92792314
16.07981859410431	396.5114537991202	0.93568283
16.091428571428573	396.5114537991202	0.94159585
16.103038548752835	396.5114537991202	0.9439092
16.114648526077097	391.95713131094	0.93775904
16.12625850340136	391.95713131094	0.9334458
16.137868480725622	396.5114537991202	0.9222512
16.149478458049888	396.5114537991202	0.9246348
16.16108843537415	396.5114537991202	0.9341085
16.172698412698413	396.5114537991202	0.9369401
16.184308390022675	396.5114537991202	0.941772
16.195918367346938	396.5114537991202	0.9511726
16.207528344671204	396.5114537991202	0.9511383
16.219138321995466	391.95713131094	0.95339936
16.23074829931973	396.5114537991202	0.95159405
16.24235827664399	396.5114537991202	0.9499478
16.253968253968253	396.5114537991202	0.9442594
16.265578231292515	396.5114537991202	0.9423829
16.27718820861678	396.5114537991202	0.95091707
16.288798185941044	396.5114537991202	0.9542647
16.300408163265306	391.95713131094	0.9551977
16.31201814058957	391.95713131094	0.95093614
16.32362811791383	396.5114537991202	0.92750907
16.335238095238097	396.5114537991202	0.91036564
16.34684807256236	396.5114537991202	0.9094175
16.35845804988662	396.5114537991202	0.9142722
16.370068027210884	396.5114537991202	0.8995567
16.381678004535146	396.5114537991202	0.88288563
16.39328798185941	396.5114537991202	0.8832267
16.404897959183675	396.5114537991202	0.8872858
16.416507936507937	396.5114537991202	0.89058244
16.4281179138322	396.5114537991202	0.90849334
16.439727891156462	396.5114537991202	0.91863066
16.451337868480724	396.5114537991202	0.9111311
16.46294784580499	396.5114537991202	0.89573115
16.474557823129253	396.5114537991202	0.89592516
16.486167800453515	396.5114537991202	0.9164002
16.497777777777777	396.5114537991202	0.9286092
16.50938775510204	396.5114537991202	0.93502444
16.520997732426302	396.5114537991202	0.93857026
16.532607709750568	396.5114537991202	0.93541425
16.54421768707483	391.95713131094	0.93467116
16.555827664399093	391.95713131094	0.929804
16.567437641723355	396.5114537991202	0.92882115
16.579047619047618	396.5114537991202	0.9312679
16.590657596371884	396.5114537991202	0.9367825
16.602267573696146	396.5114537991202	0.94269246
16.61387755102041	391.95713131094	0.9513442
16.62548752834467	391.95713131094	0.9501685
16.637097505668933	396.5114537991202	0.9485952
16.648707482993196	396.5114537991202	0.93746245
16.66031746031746	396.5114537991202	0.93610114
16.671927437641724	396.5114537991202	0.941875
16.683537414965986	396.5114537991202	0.93758714
16.69514739229025	396.5114537991202	0.9304004
16.70675736961451	396.5114537991202	0.93137264
16.718367346938777	396.5114537991202	0.9387786
16.72997732426304	396.5114537991202	0.94519603
16.741587301587302	396.5114537991202	0.95189023
16.753197278911564	396.5114537991202	0.957087
16.764807256235827	396.5114537991202	0.95392495
16.77641723356009	396.5114537991202	0.9438864
16.788027210884355	396.5114537991202	0.9425001
16.799637188208617	396.5114537991202	0.9447118
16.81124716553288	396.5114537991202	0.9446424
16.822857142857142	396.5114537991202	0.9470281
16.834467120181404	396.5114537991202	0.94878054
16.84607709750567	396.5114537991202	0.9480945
16.857687074829933	396.5114537991202	0.95081776
16.869297052154195	396.5114537991202	0.95811343
16.880907029478458	396.5114537991202	0.95888764
16.89251700680272	396.5114537991202	0.9500326
16.904126984126986	396.5114537991202	0.9384511
16.91573696145125	391.95713131094	0.94146854
16.92734693877551	391.95713131094	0.93901384
16.938956916099773	391.95713131094	0.9354533
16.950566893424035	396.5114537991202	0.9259647
16.962176870748298	396.5114537991202	0.9314073
16.973786848072564	396.5114537991202	0.933946
16.985396825396826	396.5114537991202	0.94431716
16.99700680272109	396.5114537991202	0.94605
17.00861678004535	391.95713131094	0.9506082
17.020226757369613	396.5114537991202	0.9516666
17.03183673469388	396.5114537991202	0.9520174
17.04344671201814	396.5114537991202	0.95250696
17.055056689342404	396.5114537991202	0.9512854
17.066666666666666	396.5114537991202	0.9439155
17.07827664399093	396.5114537991202	0.93045825
17.08988662131519	396.5114537991202	0.9314041
17.101496598639457	396.5114537991202	0.94834614
17.11310657596372	396.5114537991202	0.95736367
17.124716553287982	396.5114537991202	0.9578186
17.136326530612244	396.5114537991202	0.95492965
17.147936507936507	396.5114537991202	0.95034224
17.159546485260773	396.5114537991202	0.9457157
17.171156462585035	396.5114537991202	0.9460711
17.182766439909297	396.5114537991202	0.95002407
17.19437641723356	396.5114537991202	0.9517072
17.205986394557822	396.5114537991202	0.9541718
17.217596371882085	396.5114537991202	0.9555456
17.22920634920635	396.5114537991202	0.9510516
17.240816326530613	396.5114537991202	0.94647855
17.252426303854875	396.5114537991202	0.9415388
17.264036281179138	396.5114537991202	0.9423002
17.2756462585034	396.5114537991202	0.95076025
17.287256235827666	396.5114537991202	0.9570816
17.29886621315193	396.5114537991202	0.959208
17.31047619047619	396.5114537991202	0.958607
17.322086167800453	396.5114537991202	0.95275676
17.333696145124716	396.5114537991202	0.938933
17.345306122448978	396.5114537991202	0.92014706
17.356916099773244	396.5114537991202	0.90581024
17.368526077097506	396.5114537991202	0.8957684
17.38013605442177	396.5114537991202	0.88165426
17.39174603174603	396.5114537991202	0.87299126
17.403356009070293	396.5114537991202	0.863638
17.41496598639456	396.5114537991202	0.8557847
17.426575963718822	396.5114537991202	0.8363986
17.438185941043084	396.5114537991202	0.80623364
17.449795918367347	396.5114537991202	0.78680915
17.46140589569161	391.95713131094	0.7704255
17.47301587301587	391.95713131094	0.76637095
17.484625850340137	391.95713131094	0.71746314
17.4962358276644	391.95713131094	0.6728374
17.507845804988662	396.5114537991202	0.72115684
17.519455782312924	396.5114537991202	0.79505956
17.531065759637187	396.5114537991202	0.8443397
17.542675736961453	396.5114537991202	0.87655723
17.554285714285715	396.5114537991202	0.8958427
17.565895691609978	396.5114537991202	0.8919285
17.57750566893424	396.5114537991202	0.8990065
17.589115646258502	396.5114537991202	0.91498935
17.600725623582765	396.5114537991202	0.912189
17.61233560090703	396.5114537991202	0.9083947
17.623945578231293	396.5114537991202	0.902144
17.635555555555555	396.5114537991202	0.893643
17.647165532879818	396.5114537991202	0.8959175
17.65877551020408	396.5114537991202	0.90163004
17.670385487528346	396.5114537991202	0.90934926
17.68199546485261	396.5114537991202	0.9169845
17.69360544217687	396.5114537991202	0.91241264
17.705215419501133	396.5114537991202	0.8882913
17.716825396825396	396.5114537991202	0.8689253
17.728435374149658	396.5114537991202	0.8613657
17.740045351473924	396.5114537991202	0.8466987
17.751655328798186	396.5114537991202	0.85597205
17.76326530612245	396.5114537991202	0.87199855
17.77487528344671	396.5114537991202	0.86517406
17.786485260770974	396.5114537991202	0.8677998
17.79809523809524	396.5114537991202	0.8941793
17.809705215419502	396.5114537991202	0.91754276
17.821315192743764	396.5114537991202	0.9053683
17.832925170068027	396.5114537991202	0.8670954
17.84453514739229	396.5114537991202	0.8443522
17.856145124716555	396.5114537991202	0.82567203
17.867755102040817	396.5114537991202	0.7894141
17.87936507936508	396.5114537991202	0.7666445
17.890975056689342	396.5114537991202	0.7469526
17.902585034013605	396.5114537991202	0.71510637
17.914195011337867	396.5114537991202	0.70376384
17.925804988662133	396.5114537991202	0.7071819
17.937414965986395	396.5114537991202	0.67145777
17.949024943310658	396.5114537991202	0.61077964
17.96063492063492	396.5114537991202	0.56919575
17.972244897959182	396.5114537991202	0.48963186
17.98385487528345	353.2515459175985	0.515385
17.99546485260771	353.2515459175985	0.54807156
18.007074829931973	353.2515459175985	0.56411827
18.018684807256236	353.2515459175985	0.61571777
18.030294784580498	353.2515459175985	0.72612756
18.04190476190476	353.2515459175985	0.81596583
18.053514739229026	353.2515459175985	0.8614557
18.06512471655329	353.2515459175985	0.89149714
18.07673469387755	353.2515459175985	0.92184156
18.088344671201813	353.2515459175985	0.93535066
18.099954648526076	353.2515459175985	0.93620056
18.11156462585034	353.2515459175985	0.9394141
18.123174603174604	353.2515459175985	0.94378453
18.134784580498867	353.2515459175985	0.9438143
18.14639455782313	353.2515459175985	0.94251895
18.15800453514739	353.2515459175985	0.93587524
18.169614512471654	353.2515459175985	0.9250345
18.18122448979592	353.2515459175985	0.91760176
18.192834467120182	353.2515459175985	0.90990114
18.204444444444444	353.2515459175985	0.9055481
18.216054421768707	353.2515459175985	0.9084989
18.22766439909297	353.2515459175985	0.9113661
18.239274376417235	353.2515459175985	0.9121963
18.250884353741498	353.2515459175985	0.9047862
18.26249433106576	353.2515459175985	0.894434
18.274104308390022	353.2515459175985	0.89303327
18.285714285714285	353.2515459175985	0.8842396
18.297324263038547	353.2515459175985	0.8722872
18.308934240362813	353.2515459175985	0.8784054
18.320544217687075	353.2515459175985	0.89321554
18.332154195011338	353.2515459175985	0.90621144
18.3437641723356	353.2515459175985	0.90584916
18.355374149659863	353.2515459175985	0.8976571
18.36698412698413	353.2515459175985	0.8721914
18.37859410430839	353.2515459175985	0.82174903
18.390204081632653	353.2515459175985	0.7939585
18.401814058956916	353.2515459175985	0.79464185
18.413424036281178	353.2515459175985	0.7791113
18.42503401360544	353.2515459175985	0.73619425
18.436643990929706	353.2515459175985	0.70357496
18.44825396825397	311.0965812847119	0.63879585
18.45986394557823	311.0965812847119	0.6941587
18.471473922902494	311.0965812847119	0.74726707
18.483083900226756	311.0965812847119	0.75949866
18.494693877551022	311.0965812847119	0.75437635
18.506303854875284	311.0965812847119	0.74719834
18.517913832199547	311.0965812847119	0.74057245
18.52952380952381	311.0965812847119	0.7461402
18.54113378684807	311.0965812847119	0.77240366
18.552743764172334	311.0965812847119	0.81496716
18.5643537414966	311.0965812847119	0.84975266
18.575963718820862	311.0965812847119	0.85785216
18.587573696145125	311.0965812847119	0.8507227
18.599183673469387	311.0965812847119	0.8483113
18.61079365079365	311.0965812847119	0.8618529
18.622403628117915	311.0965812847119	0.8705994
18.634013605442178	311.0965812847119	0.8735439
18.64562358276644	311.0965812847119	0.8864876
18.657233560090702	311.0965812847119	0.9055903
18.668843537414965	311.0965812847119	0.9151584
18.68045351473923	311.0965812847119	0.9015533
18.692063492063493	311.0965812847119	0.8682962
18.703673469387756	311.0965812847119	0.8352389
18.715283446712018	314.71134943908174	0.82903606
18.72689342403628	314.71134943908174	0.8343492
18.738503401360543	314.71134943908174	0.8229574
18.75011337868481	314.71134943908174	0.80066323
18.76172335600907	311.0965812847119	0.804144
18.773333333333333	311.0965812847119	0.8261108
18.784943310657596	311.0965812847119	0.8444866
18.796553287981858	311.0965812847119	0.8348209
18.808163265306124	311.0965812847119	0.8200649
18.819773242630387	311.0965812847119	0.84073865
18.83138321995465	311.0965812847119	0.8687345
18.84299319727891	311.0965812847119	0.87943786
18.854603174603174	311.0965812847119	0.88476497
18.866213151927436	311.0965812847119	0.891532
18.877823129251702	311.0965812847119	0.89188707
18.889433106575964	311.0965812847119	0.8837728
18.901043083900227	311.0965812847119	0.8772202
18.91265306122449	311.0965812847119	0.87928945
18.92426303854875	311.0965812847119	0.89730227
18.935873015873018	311.0965812847119	0.9201628
18.94748299319728	314.71134943908174	0.93382543
18.959092970521542	314.71134943908174	0.9326173
18.970702947845805	314.71134943908174	0.9181817
18.982312925170067	314.71134943908174	0.91617465
18.99392290249433	314.71134943908174	0.9027924
19.005532879818595	314.71134943908174	0.8844936
19.017142857142858	314.71134943908174	0.87182385
19.02875283446712	314.71134943908174	0.85830104
19.040362811791383	314.71134943908174	0.8666406
19.051972789115645	314.71134943908174	0.8906605
19.06358276643991	314.71134943908174	0.8995676
19.075192743764173	314.71134943908174	0.88909453
19.086802721088436	314.71134943908174	0.8744957
19.098412698412698	314.71134943908174	0.8620416
19.11002267573696	314.71134943908174	0.8700253
19.121632653061223	314.71134943908174	0.8953635
19.13324263038549	314.71134943908174	0.9129199
19.14485260770975	314.71134943908174	0.91929036
19.156462585034014	314.71134943908174	0.90486306
19.168072562358276	311.0965812847119	0.89911044
19.17968253968254	311.0965812847119	0.87616897
19.191292517006804	311.0965812847119	0.8268955
19.202902494331067	311.0965812847119	0.76307523
19.21451247165533	314.71134943908174	0.7396205
19.22612244897959	314.71134943908174	0.73940766
19.237732426303854	314.71134943908174	0.6908406
19.249342403628116	314.71134943908174	0.6223885
19.260952380952382	314.71134943908174	0.5497466
19.272562358276645	353.2515459175985	0.5372517
19.284172335600907	353.2515459175985	0.6292715
19.29578231292517	349.194105850881	0.7445937
19.30739229024943	349.194105850881	0.7826034
19.319002267573698	349.194105850881	0.7868361
19.33061224489796	349.194105850881	0.7991013
19.342222222222222	349.194105850881	0.82958186
19.353832199546485	349.194105850881	0.8675288
19.365442176870747	349.194105850881	0.89705163
19.37705215419501	349.194105850881	0.9078914
19.388662131519276	353.2515459175985	0.90581816
19.400272108843538	353.2515459175985	0.90807766
19.4118820861678	353.2515459175985	0.91201913
19.423492063492063	353.2515459175985	0.91547716
19.435102040816325	353.2515459175985	0.9114783
19.44671201814059	353.2515459175985	0.9031182
19.458321995464853	353.2515459175985	0.902918
19.469931972789116	353.2515459175985	0.9034467
19.481541950113378	353.2515459175985	0.8896399
19.49315192743764	353.2515459175985	0.8639701
19.504761904761907	353.2515459175985	0.8377313
19.51637188208617	349.194105850881	0.81766456
19.52798185941043	349.194105850881	0.8281989
19.539591836734694	349.194105850881	0.8063732
19.551201814058956	353.2515459175985	0.7871749
19.56281179138322	353.2515459175985	0.81963384
19.574421768707484	353.2515459175985	0.86081326
19.586031746031747	353.2515459175985	0.8671938
19.59764172335601	357.3561311669499	0.85569453
19.60925170068027	353.2515459175985	0.85606575
19.620861678004534	353.2515459175985	0.87810093
19.6324716553288	353.2515459175985	0.88994944
19.644081632653062	353.2515459175985	0.9000282
19.655691609977325	353.2515459175985	0.91623664
19.667301587301587	353.2515459175985	0.9238197
19.67891156462585	353.2515459175985	0.9353183
19.690521541950112	353.2515459175985	0.94487727
19.702131519274378	349.194105850881	0.94758016
19.71374149659864	349.194105850881	0.95300865
19.725351473922903	353.2515459175985	0.94543123
19.736961451247165	353.2515459175985	0.9474498
19.748571428571427	353.2515459175985	0.9407436
19.760181405895693	353.2515459175985	0.9306578
19.771791383219956	353.2515459175985	0.9149147
19.783401360544218	353.2515459175985	0.8837385
19.79501133786848	357.3561311669499	0.86661553
19.806621315192743	357.3561311669499	0.8584055
19.818231292517005	353.2515459175985	0.88706255
19.82984126984127	353.2515459175985	0.9172134
19.841451247165534	353.2515459175985	0.92771614
19.853061224489796	353.2515459175985	0.9265354
19.86467120181406	353.2515459175985	0.9291533
19.87628117913832	353.2515459175985	0.93333316
19.887891156462587	353.2515459175985	0.92853993
19.89950113378685	353.2515459175985	0.9159003
19.91111111111111	353.2515459175985	0.90384686
19.922721088435374	353.2515459175985	0.907826
19.934331065759636	353.2515459175985	0.9165822
19.9459410430839	353.2515459175985	0.91044116
19.957551020408165	353.2515459175985	0.9052213
19.969160997732427	353.2515459175985	0.9151467
19.98077097505669	353.2515459175985	0.9193373
19.99238095238095	353.2515459175985	0.9102415
20.003990929705214	353.2515459175985	0.899272
20.01560090702948	353.2515459175985	0.8936843
20.027210884353742	353.2515459175985	0.894594
20.038820861678005	353.2515459175985	0.9008679
20.050430839002267	353.2515459175985	0.91097087
20.06204081632653	353.2515459175985	0.92316985
20.073650793650792	353.2515459175985	0.9350634
20.085260770975058	353.2515459175985	0.9418752
20.09687074829932	353.2515459175985	0.9392624
20.108480725623583	353.2515459175985	0.9303758
20.120090702947845	353.2515459175985	0.9216295
20.131700680272107	353.2515459175985	0.8934407
20.143310657596373	353.2515459175985	0.83901185
20.154920634920636	353.2515459175985	0.84377986
20.166530612244898	353.2515459175985	0.86641216
20.17814058956916	353.2515459175985	0.8683385
20.189750566893423	353.2515459175985	0.8910597
20.201360544217685	353.2515459175985	0.9061234
20.21297052154195	353.2515459175985	0.9041913
20.224580498866214	353.2515459175985	0.90212774
20.236190476190476	353.2515459175985	0.8866407
20.24780045351474	353.2515459175985	0.8491464
20.259410430839	353.2515459175985	0.7676758
20.271020408163267	353.2515459175985	0.66386795
20.28263038548753	353.2515459175985	0.60763264
20.29424036281179	311.0965812847119	0.63269424
20.305850340136054	311.0965812847119	0.70137906
20.317460317460316	311.0965812847119	0.75643384
20.329070294784582	311.0965812847119	0.7532181
20.340680272108845	311.0965812847119	0.7054167
20.352290249433107	311.0965812847119	0.65411067
20.36390022675737	311.0965812847119	0.57704544
20.375510204081632	311.0965812847119	0.49141642
20.387120181405894	311.0965812847119	0.41019464
20.39873015873016	311.0965812847119	0.3484984
20.410340136054423	311.0965812847119	0.34182644
20.421950113378685	311.0965812847119	0.40775424
20.433560090702947	311.0965812847119	0.52176476
20.44517006802721	311.0965812847119	0.60882896
20.456780045351476	311.0965812847119	0.6588026
20.468390022675738	311.0965812847119	0.7001422
20.48	311.0965812847119	0.7320195
20.491609977324263	311.0965812847119	0.7286304
20.503219954648525	314.71134943908174	0.73811316
20.514829931972788	314.71134943908174	0.7336782
20.526439909297054	311.0965812847119	0.71973574
20.538049886621316	311.0965812847119	0.71579504
20.54965986394558	311.0965812847119	0.6712353
20.56126984126984	314.71134943908174	0.6962801
20.572879818594103	314.71134943908174	0.7600464
20.58448979591837	314.71134943908174	0.81011343
20.59609977324263	314.71134943908174	0.84357274
20.607709750566894	311.0965812847119	0.87027127
20.619319727891156	311.0965812847119	0.87948996
20.63092970521542	311.0965812847119	0.8512768
20.64253968253968	314.71134943908174	0.839588
20.654149659863947	314.71134943908174	0.8282867
20.66575963718821	314.71134943908174	0.81440735
20.67736961451247	314.71134943908174	0.79873246
20.688979591836734	311.0965812847119	0.7867181
20.700589569160996	311.0965812847119	0.8286125
20.712199546485262	311.0965812847119	0.8534631
20.723809523809525	311.0965812847119	0.85556257
20.735419501133787	311.0965812847119	0.8415688
20.74702947845805	314.71134943908174	0.8544838
20.758639455782312	314.71134943908174	0.8627916
20.770249433106574	311.0965812847119	0.88119173
20.78185941043084	311.0965812847119	0.9018994
20.793469387755103	311.0965812847119	0.905217
20.805079365079365	314.71134943908174	0.88315845
20.816689342403627	314.71134943908174	0.86660457
20.82829931972789	314.71134943908174	0.84738714
20.839909297052156	311.0965812847119	0.8355414
20.851519274376418	311.0965812847119	0.83538985
20.86312925170068	311.0965812847119	0.8365713
20.874739229024943	311.0965812847119	0.8344392
20.886349206349205	311.0965812847119	0.834979
20.897959183673468	311.0965812847119	0.833498
20.909569160997734	314.71134943908174	0.84353566
20.921179138321996	314.71134943908174	0.8625693
20.93278911564626	314.71134943908174	0.88541055
20.94439909297052	314.71134943908174	0.8953806
20.956009070294783	314.71134943908174	0.89207
20.96761904761905	314.71134943908174	0.8867857
20.97922902494331	311.0965812847119	0.9008318
20.990839002267574	311.0965812847119	0.8941061
21.002448979591836	311.0965812847119	0.8453903
21.0140589569161	311.0965812847119	0.7836064
21.02566893424036	311.0965812847119	0.7551425
21.037278911564627	314.71134943908174	0.77013886
21.04888888888889	314.71134943908174	0.7960886
21.060498866213152	314.71134943908174	0.8046245
21.072108843537414	311.0965812847119	0.8211788
21.083718820861677	311.0965812847119	0.8379936
21.095328798185943	311.0965812847119	0.8165762
21.106938775510205	311.0965812847119	0.7667117
21.118548752834467	311.0965812847119	0.7268083
21.13015873015873	311.0965812847119	0.7209797
21.141768707482992	311.0965812847119	0.7358232
21.153378684807254	311.0965812847119	0.7479302
21.16498866213152	311.0965812847119	0.76144856
21.176598639455783	311.0965812847119	0.7956855
21.188208616780045	311.0965812847119	0.844473
21.199818594104308	311.0965812847119	0.8736659
21.21142857142857	311.0965812847119	0.8743921
21.223038548752836	314.71134943908174	0.9052659
21.2346485260771	314.71134943908174	0.9152223
21.24625850340136	314.71134943908174	0.9130245
21.257868480725623	314.71134943908174	0.9129379
21.269478458049885	314.71134943908174	0.917256
21.28108843537415	314.71134943908174	0.9220691
21.292698412698414	314.71134943908174	0.92027396
21.304308390022676	314.71134943908174	0.90964776
21.31591836734694	311.0965812847119	0.9074667
21.3275283446712	311.0965812847119	0.91957724
21.339138321995463	311.0965812847119	0.91127855
21.35074829931973	311.0965812847119	0.8998612
21.36235827664399	311.0965812847119	0.8918808
21.373968253968254	311.0965812847119	0.88522416
21.385578231292516	314.71134943908174	0.9024083
21.39718820861678	314.71134943908174	0.90854996
21.408798185941045	314.71134943908174	0.8953806
21.420408163265307	314.71134943908174	0.8989557
21.43201814058957	314.71134943908174	0.9018242
21.443628117913832	314.71134943908174	0.88191575
21.455238095238094	314.71134943908174	0.84581715
21.466848072562357	314.71134943908174	0.8086375
21.478458049886623	314.71134943908174	0.7922722
21.490068027210885	314.71134943908174	0.78914595
21.501678004535147	314.71134943908174	0.7936837
21.51328798185941	314.71134943908174	0.797296
21.524897959183672	314.71134943908174	0.80127823
21.536507936507938	314.71134943908174	0.80590135
21.5481179138322	314.71134943908174	0.8083479
21.559727891156463	314.71134943908174	0.8048245
21.571337868480725	314.71134943908174	0.7954127
21.582947845804988	314.71134943908174	0.7897922
21.59455782312925	314.71134943908174	0.7885831
21.606167800453516	314.71134943908174	0.7922847
21.61777777777778	314.71134943908174	0.8002407
21.62938775510204	314.71134943908174	0.8218558
21.640997732426303	314.71134943908174	0.8492514
21.652607709750566	314.71134943908174	0.86390996
21.66421768707483	314.71134943908174	0.86275434
21.675827664399094	314.71134943908174	0.8572714
21.687437641723356	314.71134943908174	0.8562107
21.69904761904762	314.71134943908174	0.8540071
21.71065759637188	314.71134943908174	0.83876854
21.722267573696143	314.71134943908174	0.81369215
21.73387755102041	314.71134943908174	0.78918475
21.745487528344672	314.71134943908174	0.7736561
21.757097505668934	314.71134943908174	0.764244
21.768707482993197	314.71134943908174	0.7941082
21.78031746031746	314.71134943908174	0.803556
21.791927437641725	314.71134943908174	0.73800164
21.803537414965987	314.71134943908174	0.7186092
21.81514739229025	314.71134943908174	0.76468194
21.826757369614512	311.0965812847119	0.5238474
