0.0	387.45511967816526	0.40383744
0.011609977324263039	391.95713131094	0.685887
0.023219954648526078	391.95713131094	0.5966505
0.034829931972789115	391.95713131094	0.36347127
0.046439909297052155	391.95713131094	0.252091
0.058049886621315196	396.5114537991202	0.21234441
0.06965986394557823	396.5114537991202	0.18836883
0.08126984126984127	396.5114537991202	0.1791075
0.09287981859410431	396.5114537991202	0.18174776
0.10448979591836735	396.5114537991202	0.19934861
0.11609977324263039	396.5114537991202	0.22185422
0.12770975056689343	396.5114537991202	0.24237543
0.13931972789115646	396.5114537991202	0.24774511
0.1509297052154195	396.5114537991202	0.23850964
0.16253968253968254	396.5114537991202	0.2272126
0.17414965986394557	396.5114537991202	0.21992914
0.18575963718820862	396.5114537991202	0.21792895
0.19736961451247165	396.5114537991202	0.22658356
0.2089795918367347	396.5114537991202	0.25313455
0.22058956916099773	396.5114537991202	0.2872727
0.23219954648526078	396.5114537991202	0.30832377
0.2438095238095238	396.5114537991202	0.30584812
0.25541950113378686	396.5114537991202	0.29419765
0.26702947845804986	396.5114537991202	0.28551012
0.2786394557823129	396.5114537991202	0.27030265
0.29024943310657597	396.5114537991202	0.2407522
0.301859410430839	396.5114537991202	0.20961337
0.313469387755102	396.5114537991202	0.18951437
0.3250793650793651	396.5114537991202	0.1820229
0.33668934240362813	396.5114537991202	0.18472034
0.34829931972789113	396.5114537991202	0.19191834
0.3599092970521542	396.5114537991202	0.1965644
0.37151927437641724	396.5114537991202	0.20503838
0.3831292517006803	396.5114537991202	0.2182687
0.3947392290249433	396.5114537991202	0.22275917
0.40634920634920635	396.5114537991202	0.22596079
0.4179591836734694	396.5114537991202	0.2280338
0.4295691609977324	396.5114537991202	0.22042963
0.44117913832199546	396.5114537991202	0.21833889
0.4527891156462585	396.5114537991202	0.22993186
0.46439909297052157	396.5114537991202	0.24824756
0.47600907029478456	396.5114537991202	0.26646483
0.4876190476190476	396.5114537991202	0.2741441
0.4992290249433107	396.5114537991202	0.2645706
0.5108390022675737	396.5114537991202	0.23714364
0.5224489795918368	396.5114537991202	0.21532135
0.5340589569160997	396.5114537991202	0.21977007
0.5456689342403628	396.5114537991202	0.23884574
0.5572789115646258	396.5114537991202	0.2710956
0.5688888888888889	396.5114537991202	0.29235023
0.5804988662131519	396.5114537991202	0.26328138
0.592108843537415	396.5114537991202	0.21562119
0.603718820861678	396.5114537991202	0.18491998
0.615328798185941	396.5114537991202	0.17618088
0.626938775510204	396.5114537991202	0.18351221
0.6385487528344671	396.5114537991202	0.19571576
0.6501587301587302	396.5114537991202	0.21408042
0.6617687074829932	396.5114537991202	0.19403861
0.6733786848072563	341.2185014506716	0.17329024
0.6849886621315193	345.18326945818916	0.4237758
0.6965986394557823	345.18326945818916	0.6661339
0.7082086167800453	349.194105850881	0.7308926
0.7198185941043084	349.194105850881	0.7699175
0.7314285714285714	353.2515459175985	0.74937373
0.7430385487528345	353.2515459175985	0.6962226
0.7546485260770975	353.2515459175985	0.5108025
0.7662585034013606	353.2515459175985	0.3790494
0.7778684807256235	353.2515459175985	0.32547283
0.7894784580498866	353.2515459175985	0.2988371
0.8010884353741496	353.2515459175985	0.27410805
0.8126984126984127	353.2515459175985	0.26315224
0.8243083900226758	353.2515459175985	0.26981497
0.8359183673469388	353.2515459175985	0.29079846
0.8475283446712019	353.2515459175985	0.31910676
0.8591383219954648	353.2515459175985	0.33635646
0.8707482993197279	353.2515459175985	0.33254886
0.8823582766439909	353.2515459175985	0.31906986
0.893968253968254	353.2515459175985	0.3057093
0.905578231292517	353.2515459175985	0.2930699
0.9171882086167801	353.2515459175985	0.2789884
0.9287981859410431	353.2515459175985	0.26298073
0.9404081632653061	353.2515459175985	0.25994286
0.9520181405895691	353.2515459175985	0.27801862
0.9636281179138322	353.2515459175985	0.32118785
0.9752380952380952	353.2515459175985	0.389964
0.9868480725623583	353.2515459175985	0.45463392
0.9984580498866213	353.2515459175985	0.5106294
1.0100680272108844	353.2515459175985	0.5673542
1.0216780045351475	353.2515459175985	0.618049
1.0332879818594105	353.2515459175985	0.654729
1.0448979591836736	353.2515459175985	0.6825522
1.0565079365079366	353.2515459175985	0.71266353
1.0681179138321995	353.2515459175985	0.7362571
1.0797278911564625	353.2515459175985	0.73898363
1.0913378684807256	353.2515459175985	0.7159325
1.1029478458049886	353.2515459175985	0.66774076
1.1145578231292517	353.2515459175985	0.594228
1.1261678004535147	353.2515459175985	0.5020957
1.1377777777777778	353.2515459175985	0.4108759
1.1493877551020408	353.2515459175985	0.35248157
1.1609977324263039	353.2515459175985	0.313718
1.172607709750567	353.2515459175985	0.29626244
1.18421768707483	353.2515459175985	0.30347687
1.195827664399093	353.2515459175985	0.3322616
1.207437641723356	353.2515459175985	0.35248885
1.2190476190476192	353.2515459175985	0.3448083
1.230657596371882	353.2515459175985	0.31711194
1.242267573696145	349.194105850881	0.27487183
1.253877551020408	349.194105850881	0.23644817
1.2654875283446712	349.194105850881	0.19079931
1.2770975056689342	349.194105850881	0.15012473
1.2887074829931973	349.194105850881	0.11787111
1.3003174603174603	349.194105850881	0.095779695
1.3119274376417234	349.194105850881	0.08183123
1.3235374149659864	471.5342420379865	0.20620757
1.3351473922902495	471.5342420379865	0.38904583
1.3467573696145125	471.5342420379865	0.45653164
1.3583673469387756	471.5342420379865	0.52088094
1.3699773242630386	471.5342420379865	0.60640943
1.3815873015873017	471.5342420379865	0.701085
1.3931972789115645	471.5342420379865	0.73107415
1.4048072562358276	471.5342420379865	0.7297151
1.4164172335600906	471.5342420379865	0.7225998
1.4280272108843537	471.5342420379865	0.72556275
1.4396371882086167	471.5342420379865	0.7432307
1.4512471655328798	471.5342420379865	0.76607496
1.4628571428571429	471.5342420379865	0.7835233
1.474467120181406	471.5342420379865	0.7905047
1.486077097505669	471.5342420379865	0.79060525
1.497687074829932	466.1182093310256	0.81064445
1.509297052154195	466.1182093310256	0.8269499
1.5209070294784581	466.1182093310256	0.82857275
1.5325170068027212	471.5342420379865	0.8243639
1.5441269841269842	471.5342420379865	0.8332763
1.555736961451247	471.5342420379865	0.8345348
1.5673469387755101	471.5342420379865	0.8247861
1.5789569160997732	471.5342420379865	0.8099661
1.5905668934240362	471.5342420379865	0.8013761
1.6021768707482993	471.5342420379865	0.79014874
1.6137868480725623	471.5342420379865	0.7671775
1.6253968253968254	471.5342420379865	0.73981446
1.6370068027210884	471.5342420379865	0.74131274
1.6486167800453515	471.5342420379865	0.7720989
1.6602267573696146	471.5342420379865	0.80383277
1.6718367346938776	471.5342420379865	0.8158331
1.6834467120181407	471.5342420379865	0.8127171
1.6950566893424037	471.5342420379865	0.80449605
1.7066666666666668	471.5342420379865	0.8004023
1.7182766439909296	471.5342420379865	0.8041655
1.7298866213151927	471.5342420379865	0.8114341
1.7414965986394557	471.5342420379865	0.8132842
1.7531065759637188	471.5342420379865	0.8035481
1.7647165532879818	471.5342420379865	0.7836306
1.7763265306122449	471.5342420379865	0.74369055
1.787936507936508	471.5342420379865	0.68720716
1.799546485260771	471.5342420379865	0.6305173
1.811156462585034	471.5342420379865	0.5933798
1.822766439909297	471.5342420379865	0.5955119
1.8343764172335602	471.5342420379865	0.6362961
1.8459863945578232	471.5342420379865	0.6957539
1.8575963718820863	471.5342420379865	0.7377925
1.8692063492063493	471.5342420379865	0.77084076
1.8808163265306121	471.5342420379865	0.7863567
1.8924263038548752	471.5342420379865	0.7818285
1.9040362811791383	471.5342420379865	0.75720406
1.9156462585034013	471.5342420379865	0.7175632
1.9272562358276644	471.5342420379865	0.6379459
1.9388662131519274	471.5342420379865	0.5117808
1.9504761904761905	471.5342420379865	0.4609857
1.9620861678004535	471.5342420379865	0.540598
1.9736961451247166	471.5342420379865	0.45881268
1.9853061224489796	511.25009548479755	0.61450404
1.9969160997732427	517.1905354486353	0.8499482
2.0085260770975055	523.2	0.91700935
2.020136054421769	523.2	0.867111
2.0317460317460316	529.2792911659659	0.8456357
2.043356009070295	529.2792911659659	0.8148832
2.0549659863945577	529.2792911659659	0.776094
2.066575963718821	529.2792911659659	0.73775285
2.078185941043084	529.2792911659659	0.71844596
2.089795918367347	529.2792911659659	0.7264116
2.10140589569161	529.2792911659659	0.7493515
2.1130158730158732	529.2792911659659	0.768867
2.124625850340136	529.2792911659659	0.77652025
2.136235827664399	529.2792911659659	0.77776444
2.147845804988662	529.2792911659659	0.7827993
2.159455782312925	529.2792911659659	0.8054667
2.1710657596371883	529.2792911659659	0.8429245
2.182675736961451	529.2792911659659	0.877367
2.1942857142857144	529.2792911659659	0.89620835
2.2058956916099772	529.2792911659659	0.89541656
2.2175056689342405	529.2792911659659	0.8751516
2.2291156462585033	529.2792911659659	0.84900236
2.2407256235827666	529.2792911659659	0.84656864
2.2523356009070294	529.2792911659659	0.85473347
2.2639455782312927	529.2792911659659	0.84003186
2.2755555555555556	529.2792911659659	0.8298567
2.2871655328798184	529.2792911659659	0.83385974
2.2987755102040817	529.2792911659659	0.7718635
2.3103854875283445	529.2792911659659	0.6090302
2.3219954648526078	529.2792911659659	0.5401151
2.3336054421768706	529.2792911659659	0.48700932
2.345215419501134	529.2792911659659	0.30971307
2.3568253968253967	706.5030918351972	0.28623542
2.36843537414966	698.3882117017622	0.3706376
2.380045351473923	698.3882117017622	0.46943635
2.391655328798186	698.3882117017622	0.54517245
2.403265306122449	698.3882117017622	0.582767
2.414875283446712	698.3882117017622	0.5781488
2.426485260770975	698.3882117017622	0.5359068
2.4380952380952383	698.3882117017622	0.48893473
2.449705215419501	706.5030918351972	0.485728
2.461315192743764	706.5030918351972	0.5301953
2.4729251700680273	706.5030918351972	0.58184206
2.48453514739229	706.5030918351972	0.6339525
2.4961451247165534	706.5030918351972	0.6745082
2.507755102040816	698.3882117017622	0.725582
2.5193650793650795	698.3882117017622	0.7892644
2.5309750566893423	698.3882117017622	0.83601934
2.5425850340136056	698.3882117017622	0.856276
2.5541950113378684	698.3882117017622	0.8524263
2.5658049886621317	698.3882117017622	0.82621
2.5774149659863945	706.5030918351972	0.82547945
2.589024943310658	706.5030918351972	0.82996184
2.6006349206349206	706.5030918351972	0.81962484
2.6122448979591835	706.5030918351972	0.80244714
2.6238548752834467	706.5030918351972	0.7890878
2.6354648526077096	706.5030918351972	0.78863597
2.647074829931973	706.5030918351972	0.81122714
2.6586848072562357	706.5030918351972	0.83020264
2.670294784580499	706.5030918351972	0.81245816
2.681904761904762	706.5030918351972	0.73377526
2.693514739229025	706.5030918351972	0.60311943
2.705124716553288	580.5267477858968	0.75146466
2.716734693877551	587.2721436754641	0.8961741
2.728344671201814	587.2721436754641	0.90285355
2.7399546485260773	587.2721436754641	0.8874793
2.75156462585034	587.2721436754641	0.8933912
2.7631746031746034	587.2721436754641	0.9041884
2.7747845804988662	587.2721436754641	0.90785015
2.786394557823129	587.2721436754641	0.9055468
2.7980045351473923	587.2721436754641	0.89838356
2.809614512471655	587.2721436754641	0.8869317
2.8212244897959184	587.2721436754641	0.8721362
2.8328344671201813	587.2721436754641	0.8624867
2.8444444444444446	587.2721436754641	0.86551577
2.8560544217687074	587.2721436754641	0.87544996
2.8676643990929707	587.2721436754641	0.8850731
2.8792743764172335	587.2721436754641	0.8886662
2.8908843537414968	587.2721436754641	0.89503115
2.9024943310657596	580.5267477858968	0.9148375
2.914104308390023	580.5267477858968	0.9209983
2.9257142857142857	587.2721436754641	0.92075574
2.9373242630385485	587.2721436754641	0.9272055
2.948934240362812	587.2721436754641	0.93263525
2.9605442176870747	587.2721436754641	0.93232185
2.972154195011338	587.2721436754641	0.92457825
2.9837641723356008	587.2721436754641	0.9102727
2.995374149659864	587.2721436754641	0.8899837
3.006984126984127	587.2721436754641	0.872757
3.01859410430839	587.2721436754641	0.86214995
3.030204081632653	587.2721436754641	0.8534867
3.0418140589569163	587.2721436754641	0.85434705
3.053424036281179	587.2721436754641	0.86810696
3.0650340136054424	587.2721436754641	0.88858324
3.076643990929705	587.2721436754641	0.89883024
3.0882539682539685	587.2721436754641	0.90216625
3.0998639455782313	587.2721436754641	0.9027275
3.111473922902494	587.2721436754641	0.9055043
3.1230839002267574	587.2721436754641	0.91003984
3.1346938775510202	587.2721436754641	0.913492
3.1463038548752835	587.2721436754641	0.9158032
3.1579138321995464	587.2721436754641	0.91324675
3.1695238095238096	587.2721436754641	0.9046149
3.1811337868480725	587.2721436754641	0.8955608
3.1927437641723357	587.2721436754641	0.8905829
3.2043537414965986	587.2721436754641	0.89039516
3.215963718820862	587.2721436754641	0.88624007
3.2275736961451247	587.2721436754641	0.878387
3.239183673469388	587.2721436754641	0.8764992
3.250793650793651	587.2721436754641	0.86918116
3.2624036281179136	587.2721436754641	0.8416813
3.274013605442177	587.2721436754641	0.79089445
3.2856235827664397	587.2721436754641	0.7496142
3.297233560090703	587.2721436754641	0.75787055
3.308843537414966	587.2721436754641	0.78997946
3.320453514739229	587.2721436754641	0.80161613
3.332063492063492	587.2721436754641	0.7873102
3.3436734693877552	587.2721436754641	0.70362794
3.355283446712018	587.2721436754641	0.46071276
3.3668934240362813	529.2792911659659	0.4304888
3.378503401360544	529.2792911659659	0.57641906
3.3901133786848074	529.2792911659659	0.66715115
3.4017233560090703	529.2792911659659	0.73125356
3.4133333333333336	529.2792911659659	0.7554035
3.4249433106575964	529.2792911659659	0.70354384
3.436553287981859	529.2792911659659	0.5772715
3.4481632653061225	529.2792911659659	0.48713613
3.4597732426303853	529.2792911659659	0.442431
3.4713832199546486	529.2792911659659	0.40157852
3.4829931972789114	529.2792911659659	0.4027605
3.4946031746031747	529.2792911659659	0.4336584
3.5062131519274375	529.2792911659659	0.48953173
3.517823129251701	529.2792911659659	0.5565857
3.5294331065759637	529.2792911659659	0.61173314
3.541043083900227	529.2792911659659	0.6773559
3.5526530612244898	529.2792911659659	0.74481
3.564263038548753	529.2792911659659	0.79397124
3.575873015873016	529.2792911659659	0.8193208
3.5874829931972787	529.2792911659659	0.8188772
3.599092970521542	529.2792911659659	0.8066529
3.610702947845805	529.2792911659659	0.80182964
3.622312925170068	529.2792911659659	0.8002757
3.633922902494331	529.2792911659659	0.78261685
3.645532879818594	529.2792911659659	0.7457527
3.657142857142857	529.2792911659659	0.673676
3.6687528344671203	535.4292202927126	0.6360306
3.680362811791383	535.4292202927126	0.58153605
3.6919727891156464	529.2792911659659	0.5363422
3.7035827664399092	529.2792911659659	0.55224574
3.7151927437641725	529.2792911659659	0.49901566
3.7268027210884354	529.2792911659659	0.41631025
3.7384126984126986	706.5030918351972	0.52739084
3.7500226757369615	706.5030918351972	0.6450837
3.7616326530612243	706.5030918351972	0.6976569
3.7732426303854876	706.5030918351972	0.69605815
3.7848526077097504	706.5030918351972	0.67315483
3.7964625850340137	698.3882117017622	0.659632
3.8080725623582765	698.3882117017622	0.62399316
3.81968253968254	698.3882117017622	0.5333435
3.8312925170068026	698.3882117017622	0.47315806
3.842902494331066	698.3882117017622	0.45889592
3.8545124716553287	698.3882117017622	0.463098
3.866122448979592	698.3882117017622	0.4601148
3.877732426303855	698.3882117017622	0.44498685
3.889342403628118	698.3882117017622	0.42655015
3.900952380952381	698.3882117017622	0.40677163
3.912562358276644	698.3882117017622	0.39764643
3.924172335600907	698.3882117017622	0.41575235
3.93578231292517	698.3882117017622	0.45506784
3.947392290249433	698.3882117017622	0.5107328
3.959002267573696	698.3882117017622	0.5675335
3.9706122448979593	698.3882117017622	0.5961766
3.982222222222222	706.5030918351972	0.64770454
3.9938321995464854	706.5030918351972	0.68941164
4.005442176870749	706.5030918351972	0.71547633
4.017052154195011	706.5030918351972	0.7479498
4.028662131519274	706.5030918351972	0.7735497
4.040272108843538	706.5030918351972	0.78315234
4.051882086167801	706.5030918351972	0.7727284
4.063492063492063	706.5030918351972	0.7332657
4.0751020408163265	706.5030918351972	0.65153426
4.08671201814059	706.5030918351972	0.5401239
4.098321995464852	587.2721436754641	0.56712514
4.1099319727891155	587.2721436754641	0.55794233
4.121541950113379	587.2721436754641	0.58232415
4.133151927437642	587.2721436754641	0.5965274
4.144761904761904	587.2721436754641	0.5736879
4.156371882086168	587.2721436754641	0.54081357
4.167981859410431	587.2721436754641	0.53490263
4.179591836734694	587.2721436754641	0.5654471
4.191201814058957	587.2721436754641	0.62093276
4.20281179138322	587.2721436754641	0.6803137
4.214421768707483	587.2721436754641	0.73460186
4.2260317460317465	587.2721436754641	0.7795009
4.237641723356009	587.2721436754641	0.80370396
4.249251700680272	587.2721436754641	0.8171832
4.260861678004535	587.2721436754641	0.8271865
4.272471655328798	587.2721436754641	0.8329642
4.284081632653061	580.5267477858968	0.85818243
4.295691609977324	580.5267477858968	0.873422
4.307301587301588	587.2721436754641	0.8850169
4.31891156462585	587.2721436754641	0.902969
4.330521541950113	587.2721436754641	0.91010404
4.342131519274377	587.2721436754641	0.91458446
4.35374149659864	587.2721436754641	0.9145068
4.365351473922902	587.2721436754641	0.90401644
4.3769614512471655	587.2721436754641	0.881854
4.388571428571429	587.2721436754641	0.84388214
4.400181405895691	587.2721436754641	0.8141559
4.4117913832199545	587.2721436754641	0.80323976
4.423401360544218	587.2721436754641	0.8030887
4.435011337868481	587.2721436754641	0.8184402
4.446621315192743	587.2721436754641	0.8382837
4.458231292517007	587.2721436754641	0.84727776
4.46984126984127	587.2721436754641	0.84367794
4.481451247165533	587.2721436754641	0.8399037
4.493061224489796	587.2721436754641	0.8433362
4.504671201814059	587.2721436754641	0.85483503
4.516281179138322	587.2721436754641	0.86843467
4.527891156462585	587.2721436754641	0.8724664
4.539501133786848	587.2721436754641	0.8755084
4.551111111111111	587.2721436754641	0.8771063
4.562721088435374	587.2721436754641	0.87348914
4.574331065759637	587.2721436754641	0.8611967
4.5859410430839	587.2721436754641	0.8436801
4.597551020408163	587.2721436754641	0.8272417
4.609160997732427	587.2721436754641	0.81531286
4.620770975056689	587.2721436754641	0.8082592
4.632380952380952	587.2721436754641	0.8084599
4.6439909297052155	587.2721436754641	0.8169125
4.655600907029479	587.2721436754641	0.8258128
4.667210884353741	587.2721436754641	0.8323248
4.6788208616780045	587.2721436754641	0.84316635
4.690430839002268	587.2721436754641	0.8446463
4.702040816326531	587.2721436754641	0.84519863
4.713650793650793	587.2721436754641	0.8593417
4.725260770975057	587.2721436754641	0.8768777
4.73687074829932	587.2721436754641	0.85749704
4.748480725623582	587.2721436754641	0.7681777
4.760090702947846	587.2721436754641	0.51377404
4.771700680272109	466.1182093310256	0.4850089
4.783310657596372	466.1182093310256	0.55981904
4.794920634920635	466.1182093310256	0.5659288
4.806530612244898	466.1182093310256	0.54520655
4.818140589569161	466.1182093310256	0.506067
4.829750566893424	466.1182093310256	0.47099462
4.841360544217687	466.1182093310256	0.44807345
4.85297052154195	466.1182093310256	0.436027
4.864580498866213	466.1182093310256	0.4065831
4.876190476190477	466.1182093310256	0.36266384
4.887800453514739	466.1182093310256	0.33530432
4.899410430839002	466.1182093310256	0.32236287
4.911020408163266	466.1182093310256	0.3000541
4.922630385487528	466.1182093310256	0.26860228
4.934240362811791	466.1182093310256	0.2663206
4.9458503401360545	466.1182093310256	0.27975252
4.957460317460318	466.1182093310256	0.2745015
4.96907029478458	466.1182093310256	0.26337114
4.9806802721088435	466.1182093310256	0.2720338
4.992290249433107	466.1182093310256	0.29700282
5.00390022675737	466.1182093310256	0.32693604
5.015510204081632	466.1182093310256	0.35169357
5.027120181405896	466.1182093310256	0.3756726
5.038730158730159	466.1182093310256	0.38686684
5.050340136054421	466.1182093310256	0.36817425
5.061950113378685	466.1182093310256	0.3277409
5.073560090702948	466.1182093310256	0.29593778
5.085170068027211	466.1182093310256	0.27493146
5.0967800453514736	466.1182093310256	0.2599388
5.108390022675737	466.1182093310256	0.24555263
5.12	466.1182093310256	0.21553291
5.131609977324263	471.5342420379865	0.18750015
5.143219954648526	471.5342420379865	0.17288777
5.154829931972789	471.5342420379865	0.17172058
5.166439909297052	471.5342420379865	0.19400486
5.178049886621316	471.5342420379865	0.23875624
5.189659863945578	471.5342420379865	0.30170593
5.201269841269841	471.5342420379865	0.3790551
5.2128798185941045	471.5342420379865	0.46027264
5.224489795918367	471.5342420379865	0.5123228
5.23609977324263	471.5342420379865	0.52396894
5.2477097505668935	471.5342420379865	0.5073491
5.259319727891157	471.5342420379865	0.46874407
5.270929705215419	471.5342420379865	0.4211362
5.282539682539682	471.5342420379865	0.39552316
5.294149659863946	471.5342420379865	0.40370733
5.305759637188209	471.5342420379865	0.41906515
5.317369614512471	471.5342420379865	0.42247757
5.328979591836735	471.5342420379865	0.41212705
5.340589569160998	471.5342420379865	0.38872075
5.352199546485261	471.5342420379865	0.3747848
5.363809523809524	466.1182093310256	0.37605977
5.375419501133787	466.1182093310256	0.42169753
5.38702947845805	466.1182093310256	0.5034754
5.3986394557823125	466.1182093310256	0.51334935
5.410249433106576	466.1182093310256	0.3430607
5.421859410430839	517.1905354486353	0.22846468
5.433469387755102	523.2	0.38479888
5.445079365079365	523.2	0.40565792
5.456689342403628	523.2	0.41855395
5.468299319727891	523.2	0.44582143
5.479909297052155	523.2	0.45937145
5.491519274376417	523.2	0.46582875
5.50312925170068	523.2	0.46881232
5.5147392290249435	523.2	0.44827732
5.526349206349207	523.2	0.43759945
5.537959183673469	523.2	0.47737047
5.5495691609977325	523.2	0.52508223
5.561179138321996	523.2	0.5361982
5.572789115646258	523.2	0.5444512
5.584399092970521	523.2	0.54694825
5.596009070294785	523.2	0.553055
5.607619047619048	523.2	0.5455342
5.61922902494331	523.2	0.528483
5.630839002267574	523.2	0.5098522
5.642448979591837	523.2	0.48196054
5.6540589569161	523.2	0.43919778
5.6656689342403626	523.2	0.3817234
5.677278911564626	523.2	0.33426225
5.688888888888889	523.2	0.31489673
5.7004988662131515	523.2	0.31260985
5.712108843537415	523.2	0.32031804
5.723718820861678	523.2	0.35765058
5.735328798185941	523.2	0.43776843
5.746938775510204	523.2	0.53640145
5.758548752834467	523.2	0.6341358
5.77015873015873	523.2	0.6844779
5.7817687074829935	523.2	0.70599043
5.793378684807256	523.2	0.6902096
5.804988662131519	523.2	0.63806194
5.8165986394557825	523.2	0.57714796
5.828208616780046	523.2	0.52239126
5.839818594104308	523.2	0.47814956
5.851428571428571	523.2	0.4241765
5.863038548752835	523.2	0.37121746
5.874648526077097	523.2	0.32623357
5.88625850340136	523.2	0.29339305
5.897868480725624	523.2	0.27304304
5.909478458049887	523.2	0.27376655
5.921088435374149	523.2	0.30056995
5.932698412698413	523.2	0.3511154
5.944308390022676	523.2	0.41551113
5.955918367346939	523.2	0.4723826
5.9675283446712015	523.2	0.5070552
5.979138321995465	523.2	0.51333195
5.990748299319728	523.2	0.5024541
6.002358276643991	523.2	0.4874946
6.013968253968254	523.2	0.47421986
6.025578231292517	523.2	0.46149176
6.03718820861678	523.2	0.46155745
6.048798185941043	523.2	0.46148777
6.060408163265306	523.2	0.49922478
6.072018140589569	523.2	0.5475098
6.0836281179138325	523.2	0.60094464
6.095238095238095	523.2	0.6505739
6.106848072562358	523.2	0.5910133
6.1184580498866215	523.2	0.45061445
6.130068027210885	523.2	0.32363084
6.141678004535147	387.45511967816526	0.25963083
6.15328798185941	391.95713131094	0.31722486
6.164897959183674	391.95713131094	0.3686916
6.176507936507937	391.95713131094	0.3899913
6.188117913832199	391.95713131094	0.41174424
6.199727891156463	391.95713131094	0.42776725
6.211337868480726	391.95713131094	0.43491462
6.222947845804988	391.95713131094	0.4378485
6.2345578231292516	391.95713131094	0.44834736
6.246167800453515	391.95713131094	0.45615807
6.257777777777778	391.95713131094	0.46131647
6.2693877551020405	391.95713131094	0.46403894
6.280997732426304	391.95713131094	0.45633227
6.292607709750567	391.95713131094	0.44063625
6.30421768707483	391.95713131094	0.42822888
6.315827664399093	391.95713131094	0.4292798
6.327437641723356	391.95713131094	0.42209592
6.339047619047619	391.95713131094	0.41740137
6.350657596371882	391.95713131094	0.4225718
6.362267573696145	391.95713131094	0.44511098
6.373877551020408	391.95713131094	0.47947535
6.3854875283446715	391.95713131094	0.51460266
6.397097505668934	391.95713131094	0.5391233
6.408707482993197	391.95713131094	0.54339856
6.42031746031746	391.95713131094	0.52579886
6.431927437641724	391.95713131094	0.5042236
6.443537414965986	391.95713131094	0.47851908
6.455147392290249	391.95713131094	0.45255342
6.466757369614513	391.95713131094	0.45139667
6.478367346938776	391.95713131094	0.48004973
6.489977324263038	391.95713131094	0.52142704
6.501587301587302	391.95713131094	0.5603814
6.513197278911565	391.95713131094	0.58269846
6.524807256235827	391.95713131094	0.59120286
6.5364172335600905	391.95713131094	0.5878374
6.548027210884354	391.95713131094	0.57824504
6.559637188208617	391.95713131094	0.5764745
6.5712471655328795	391.95713131094	0.58770037
6.582857142857143	391.95713131094	0.6057264
6.594467120181406	391.95713131094	0.62189835
6.606077097505669	391.95713131094	0.6397777
6.617687074829932	391.95713131094	0.66202617
6.629297052154195	391.95713131094	0.6804564
6.640907029478458	391.95713131094	0.69575006
6.6525170068027215	391.95713131094	0.70604986
6.664126984126984	391.95713131094	0.7234077
6.675736961451247	391.95713131094	0.7592234
6.6873469387755105	391.95713131094	0.7985584
6.698956916099773	391.95713131094	0.82523763
6.710566893424036	391.95713131094	0.8412408
6.722176870748299	391.95713131094	0.8437284
6.733786848072563	391.95713131094	0.84531087
6.745396825396825	391.95713131094	0.8538105
6.757006802721088	391.95713131094	0.8607322
6.768616780045352	391.95713131094	0.8478787
6.780226757369615	391.95713131094	0.8098269
6.791836734693877	391.95713131094	0.68067455
6.8034467120181406	391.95713131094	0.42019883
6.815056689342404	341.2185014506716	0.3242234
6.826666666666667	345.18326945818916	0.52453506
6.8382766439909295	345.18326945818916	0.72681487
6.849886621315193	345.18326945818916	0.7194278
6.861496598639456	349.194105850881	0.70369023
6.873106575963718	349.194105850881	0.6780719
6.884716553287982	349.194105850881	0.6338261
6.896326530612245	349.194105850881	0.61932033
6.907936507936508	349.194105850881	0.60737705
6.919546485260771	349.194105850881	0.5955219
6.931156462585034	349.194105850881	0.5887841
6.942766439909297	349.194105850881	0.53918666
6.9543764172335605	349.194105850881	0.43639573
6.965986394557823	349.194105850881	0.3504083
6.977596371882086	349.194105850881	0.3040088
6.989206349206349	349.194105850881	0.2790588
7.000816326530612	349.194105850881	0.28058106
7.012426303854875	349.194105850881	0.32263476
7.024036281179138	349.194105850881	0.4052751
7.035646258503402	349.194105850881	0.4868395
7.047256235827664	349.194105850881	0.53801805
7.058866213151927	349.194105850881	0.5584313
7.070476190476191	349.194105850881	0.5595512
7.082086167800454	349.194105850881	0.55062604
7.093696145124716	349.194105850881	0.52816904
7.1053061224489795	349.194105850881	0.48331603
7.116916099773243	349.194105850881	0.43851557
7.128526077097506	349.194105850881	0.41255718
7.1401360544217685	349.194105850881	0.43202212
7.151746031746032	349.194105850881	0.48814222
7.163356009070295	349.194105850881	0.5601527
7.174965986394557	349.194105850881	0.6194332
7.186575963718821	349.194105850881	0.6222729
7.198185941043084	349.194105850881	0.58876586
7.209795918367347	349.194105850881	0.5377013
7.22140589569161	349.194105850881	0.49292383
7.233015873015873	349.194105850881	0.47863975
7.244625850340136	349.194105850881	0.4693268
7.2562358276643995	349.194105850881	0.4589177
7.267845804988662	349.194105850881	0.47938317
7.279455782312925	349.194105850881	0.5194575
7.291065759637188	349.194105850881	0.55415004
7.302675736961452	349.194105850881	0.5750135
7.314285714285714	349.194105850881	0.56616735
7.325895691609977	349.194105850881	0.5361681
7.337505668934241	349.194105850881	0.4952217
7.349115646258503	349.194105850881	0.4462424
7.360725623582766	349.194105850881	0.4047215
7.3723356009070296	349.194105850881	0.38134193
7.383945578231293	349.194105850881	0.38060418
7.395555555555555	349.194105850881	0.38768727
7.4071655328798185	349.194105850881	0.39040133
7.418775510204082	349.194105850881	0.41811076
7.430385487528345	349.194105850881	0.44602177
7.441995464852607	349.194105850881	0.43409577
7.453605442176871	349.194105850881	0.3943713
7.465215419501134	349.194105850881	0.3408508
7.476825396825397	349.194105850881	0.2878478
7.48843537414966	349.194105850881	0.23331454
7.500045351473923	349.194105850881	0.183289
7.511655328798186	349.194105850881	0.14839536
7.523265306122449	349.194105850881	0.14713983
7.534875283446712	349.194105850881	0.18642388
7.546485260770975	349.194105850881	0.27949482
7.558095238095238	349.194105850881	0.33210906
7.569705215419501	349.194105850881	0.37653753
7.581315192743764	349.194105850881	0.23487428
7.592925170068027	378.6056325144029	0.17430975
7.604535147392291	383.00481805937557	0.37386388
7.616145124716553	383.00481805937557	0.48167267
7.627755102040816	387.45511967816526	0.5350218
7.63936507936508	387.45511967816526	0.5545469
7.650975056689342	391.95713131094	0.5402433
7.662585034013605	391.95713131094	0.5000168
7.6741950113378685	391.95713131094	0.41149497
7.685804988662132	391.95713131094	0.3479236
7.697414965986394	97.98928282773498	0.30945423
7.7090249433106575	97.98928282773498	0.30144545
7.720634920634921	97.98928282773498	0.3076622
7.732244897959184	97.98928282773498	0.32997063
7.743854875283446	97.98928282773498	0.36209065
7.75546485260771	97.98928282773498	0.37912664
7.767074829931973	99.12786344978005	0.3707153
7.778684807256236	99.12786344978005	0.34632146
7.790294784580499	99.12786344978005	0.29495183
7.801904761904762	99.12786344978005	0.22817382
7.813514739229025	99.12786344978005	0.16419816
7.825124716553288	99.12786344978005	0.11243164
7.836734693877551	99.12786344978005	0.07625824
7.848344671201814	99.12786344978005	0.054488674
7.859954648526077	987.6700807901243	0.051708464
7.87156462585034	195.97856565547	0.054338764
7.883174603174603	391.95713131094	0.06419121
7.894784580498866	391.95713131094	0.07532247
7.90639455782313	391.95713131094	0.07774109
7.918004535147392	387.45511967816526	0.07676534
7.929614512471655	493.83504039506204	0.06730466
7.9412244897959186	493.83504039506204	0.07180746
7.952834467120182	493.83504039506204	0.08193395
7.964444444444444	493.83504039506204	0.091981515
7.9760544217687075	493.83504039506204	0.098178096
7.987664399092971	293.63607183773195	0.115717895
7.999274376417233	293.63607183773195	0.14637217
8.010884353741497	293.63607183773195	0.13053642
8.02249433106576	293.63607183773195	0.10565967
8.034104308390022	293.63607183773195	0.09573089
8.045714285714286	387.45511967816526	0.11100634
8.057324263038549	387.45511967816526	0.13184696
8.068934240362811	387.45511967816526	0.14802888
8.080544217687075	387.45511967816526	0.15242903
8.092154195011338	387.45511967816526	0.13900459
8.103764172335602	391.95713131094	0.14731352
8.115374149659864	391.95713131094	0.16847524
8.126984126984127	391.95713131094	0.1956645
8.13859410430839	391.95713131094	0.22897117
8.150204081632653	391.95713131094	0.2699846
8.161814058956915	391.95713131094	0.2952971
8.17342403628118	391.95713131094	0.29726833
8.185034013605442	396.5114537991202	0.315277
8.196643990929704	391.95713131094	0.33977428
8.208253968253969	391.95713131094	0.37356365
8.219863945578231	391.95713131094	0.3719704
8.231473922902495	391.95713131094	0.28624728
8.243083900226758	195.97856565547	0.19539991
8.25469387755102	195.97856565547	0.23034294
8.266303854875284	198.2557268995601	0.20373596
8.277913832199546	198.2557268995601	0.16012461
8.289523809523809	353.2515459175985	0.10500198
8.301133786848073	357.3561311669499	0.15111989
8.312743764172335	357.3561311669499	0.175401
8.324353741496598	357.3561311669499	0.19757773
8.335963718820862	353.2515459175985	0.25496915
8.347573696145124	353.2515459175985	0.29577696
8.359183673469389	353.2515459175985	0.3172255
8.370793650793651	353.2515459175985	0.2892849
8.382403628117913	353.2515459175985	0.2752548
8.394013605442177	353.2515459175985	0.2834779
8.40562358276644	353.2515459175985	0.29834265
8.417233560090702	353.2515459175985	0.34739
8.428843537414966	353.2515459175985	0.3885351
8.440453514739229	353.2515459175985	0.3848669
8.452063492063493	353.2515459175985	0.3883798
8.463673469387755	353.2515459175985	0.4063919
8.475283446712018	353.2515459175985	0.46397385
8.486893424036282	353.2515459175985	0.4955928
8.498503401360544	353.2515459175985	0.4923405
8.510113378684807	353.2515459175985	0.48328167
8.52172335600907	353.2515459175985	0.49513283
8.533333333333333	353.2515459175985	0.52117795
8.544943310657596	353.2515459175985	0.5199122
8.55655328798186	353.2515459175985	0.50363666
8.568163265306122	353.2515459175985	0.48878065
8.579773242630386	349.194105850881	0.47934672
8.591383219954649	353.2515459175985	0.47542888
8.602993197278911	353.2515459175985	0.45617414
8.614603174603175	353.2515459175985	0.40390456
8.626213151927438	353.2515459175985	0.34906244
8.6378231292517	353.2515459175985	0.30247062
8.649433106575964	109.98925111518587	0.35721663
8.661043083900227	109.98925111518587	0.4263682
8.672653061224489	109.98925111518587	0.47076032
8.684263038548753	349.194105850881	0.49931192
8.695873015873016	349.194105850881	0.5200638
8.70748299319728	353.2515459175985	0.5007595
8.719092970521542	353.2515459175985	0.4940405
8.730702947845804	353.2515459175985	0.46868858
8.742312925170069	353.2515459175985	0.43363413
8.753922902494331	353.2515459175985	0.44227687
8.765532879818593	353.2515459175985	0.5169369
8.777142857142858	353.2515459175985	0.58103836
8.78875283446712	353.2515459175985	0.56746036
8.800362811791382	353.2515459175985	0.46607676
8.811972789115647	353.2515459175985	0.36908528
8.823582766439909	353.2515459175985	0.32452503
8.835192743764173	349.194105850881	0.31849027
8.846802721088435	353.2515459175985	0.33856678
8.858412698412698	353.2515459175985	0.37039196
8.870022675736962	353.2515459175985	0.40845641
8.881632653061224	349.194105850881	0.48298684
8.893242630385487	349.194105850881	0.518488
8.904852607709751	349.194105850881	0.49515975
8.916462585034013	349.194105850881	0.42891803
8.928072562358278	349.194105850881	0.328324
8.93968253968254	349.194105850881	0.21074015
8.951292517006802	219.97850223037173	0.15457864
8.962902494331066	471.5342420379865	0.15378223
8.974512471655329	471.5342420379865	0.20805137
8.986122448979591	471.5342420379865	0.22979526
8.997732426303855	471.5342420379865	0.22781254
9.009342403628118	471.5342420379865	0.21826738
9.02095238095238	471.5342420379865	0.23298371
9.032562358276644	466.1182093310256	0.27428302
9.044172335600907	471.5342420379865	0.32237548
9.05578231292517	471.5342420379865	0.36631346
9.067392290249433	466.1182093310256	0.3722318
9.079002267573696	466.1182093310256	0.34441105
9.09061224489796	466.1182093310256	0.30629128
9.102222222222222	466.1182093310256	0.26314038
9.113832199546485	466.1182093310256	0.21992813
9.125442176870749	466.1182093310256	0.1785448
9.137052154195011	466.1182093310256	0.14263156
9.148662131519274	471.5342420379865	0.123307206
9.160272108843538	471.5342420379865	0.1266025
9.1718820861678	471.5342420379865	0.12824701
9.183492063492064	471.5342420379865	0.1171637
9.195102040816327	471.5342420379865	0.10104387
9.206712018140589	471.5342420379865	0.09039704
9.218321995464853	471.5342420379865	0.093561105
9.229931972789116	471.5342420379865	0.09812845
9.241541950113378	471.5342420379865	0.10075176
9.253151927437642	466.1182093310256	0.103131995
9.264761904761905	466.1182093310256	0.10341974
9.276371882086167	391.95713131094	0.10900985
9.287981859410431	396.5114537991202	0.12563726
9.299591836734693	396.5114537991202	0.14095056
9.311201814058958	396.5114537991202	0.14211792
9.32281179138322	466.1182093310256	0.16331682
9.334421768707482	471.5342420379865	0.18332528
9.346031746031747	471.5342420379865	0.20431541
9.357641723356009	466.1182093310256	0.23524073
9.369251700680271	466.1182093310256	0.279573
9.380861678004536	466.1182093310256	0.30690557
9.392471655328798	466.1182093310256	0.28304031
9.404081632653062	471.5342420379865	0.26290953
9.415691609977324	471.5342420379865	0.26922798
9.427301587301587	471.5342420379865	0.2883246
9.438911564625851	471.5342420379865	0.29492915
9.450521541950113	471.5342420379865	0.27983645
9.462131519274376	466.1182093310256	0.26802486
9.47374149659864	466.1182093310256	0.2942392
9.485351473922902	466.1182093310256	0.35588813
9.496961451247165	466.1182093310256	0.40075508
9.508571428571429	466.1182093310256	0.38875404
9.520181405895691	466.1182093310256	0.33604878
9.531791383219955	466.1182093310256	0.30076241
9.543401360544218	466.1182093310256	0.258921
9.55501133786848	466.1182093310256	0.21815407
9.566621315192744	396.5114537991202	0.23400995
9.578231292517007	396.5114537991202	0.26191854
9.58984126984127	396.5114537991202	0.257371
9.601451247165533	396.5114537991202	0.20999551
9.613061224489796	529.2792911659659	0.31309095
9.624671201814058	529.2792911659659	0.39083153
9.636281179138322	529.2792911659659	0.40204975
9.647891156462585	529.2792911659659	0.39173475
9.659501133786849	529.2792911659659	0.35759318
9.671111111111111	529.2792911659659	0.31146345
9.682721088435374	529.2792911659659	0.2487155
9.694331065759638	529.2792911659659	0.20482469
9.7059410430839	529.2792911659659	0.2019207
9.717551020408163	523.2	0.25544134
9.729160997732427	523.2	0.37211716
9.740770975056689	523.2	0.52018267
9.752380952380953	523.2	0.5853668
9.763990929705216	523.2	0.5121884
9.775600907029478	529.2792911659659	0.4923024
9.787210884353742	529.2792911659659	0.45868
9.798820861678005	529.2792911659659	0.38274217
9.810430839002267	529.2792911659659	0.31781027
9.822040816326531	439.95700446074346	0.32661006
9.833650793650794	439.95700446074346	0.39119664
9.845260770975056	439.95700446074346	0.41821724
9.85687074829932	439.95700446074346	0.4246988
9.868480725623582	439.95700446074346	0.4301478
9.880090702947847	439.95700446074346	0.45175764
9.891700680272109	439.95700446074346	0.471485
9.903310657596371	439.95700446074346	0.46879986
9.914920634920636	439.95700446074346	0.45015606
9.926530612244898	439.95700446074346	0.4366547
9.93814058956916	439.95700446074346	0.43731096
9.949750566893425	439.95700446074346	0.46833414
9.961360544217687	439.95700446074346	0.49619445
9.97297052154195	439.95700446074346	0.48387873
9.984580498866213	439.95700446074346	0.39752308
9.996190476190476	706.5030918351972	0.38637686
10.00780045351474	706.5030918351972	0.39876634
10.019410430839002	706.5030918351972	0.34641767
10.031020408163265	706.5030918351972	0.3103802
10.042630385487529	706.5030918351972	0.29718125
10.054240362811791	706.5030918351972	0.29499465
10.065850340136054	87.29852646272026	0.29881534
10.077460317460318	87.29852646272026	0.36483675
10.08907029478458	87.29852646272026	0.43701738
10.100680272108843	87.29852646272026	0.5042744
10.112290249433107	87.29852646272026	0.5721869
10.12390022675737	87.29852646272026	0.62459195
10.135510204081633	87.29852646272026	0.6529979
10.147120181405896	87.29852646272026	0.6668193
10.158730158730158	87.29852646272026	0.66865444
10.170340136054422	87.29852646272026	0.6571498
10.181950113378685	439.95700446074346	0.66244817
10.193560090702947	439.95700446074346	0.6328312
10.205170068027211	439.95700446074346	0.5920853
10.216780045351474	439.95700446074346	0.56962526
10.228390022675738	439.95700446074346	0.5658457
10.24	439.95700446074346	0.55606145
10.251609977324263	439.95700446074346	0.52232814
10.263219954648527	439.95700446074346	0.44761288
10.27482993197279	439.95700446074346	0.2912401
10.286439909297052	587.2721436754641	0.47493604
10.298049886621316	587.2721436754641	0.69321656
10.309659863945578	587.2721436754641	0.74010533
10.32126984126984	587.2721436754641	0.72999656
10.332879818594105	587.2721436754641	0.71122116
10.344489795918367	587.2721436754641	0.6738911
10.356099773242631	587.2721436754641	0.6280747
10.367709750566894	587.2721436754641	0.5963964
10.379319727891156	587.2721436754641	0.5878144
10.39092970521542	587.2721436754641	0.5716268
10.402539682539683	587.2721436754641	0.5693798
10.414149659863945	587.2721436754641	0.59100115
10.425759637188209	587.2721436754641	0.61077166
10.437369614512471	587.2721436754641	0.5968199
10.448979591836734	587.2721436754641	0.55602276
10.460589569160998	587.2721436754641	0.5078435
10.47219954648526	587.2721436754641	0.42208618
10.483809523809525	587.2721436754641	0.31260535
10.495419501133787	587.2721436754641	0.24333923
10.50702947845805	587.2721436754641	0.22953862
10.518639455782314	587.2721436754641	0.26873505
10.530249433106576	587.2721436754641	0.3423473
10.541859410430838	587.2721436754641	0.4057287
10.553469387755102	587.2721436754641	0.4621486
10.565079365079365	587.2721436754641	0.5395382
10.576689342403627	587.2721436754641	0.63373977
10.588299319727891	587.2721436754641	0.6930963
10.599909297052154	587.2721436754641	0.7164742
10.611519274376418	587.2721436754641	0.70319647
10.62312925170068	587.2721436754641	0.6793404
10.634739229024943	587.2721436754641	0.65376025
10.646349206349207	587.2721436754641	0.61911285
10.65795918367347	587.2721436754641	0.5951748
10.669569160997732	587.2721436754641	0.60204417
10.681179138321996	587.2721436754641	0.6276663
10.692789115646258	587.2721436754641	0.67308354
10.704399092970522	587.2721436754641	0.734186
10.716009070294785	587.2721436754641	0.7881368
10.727619047619047	587.2721436754641	0.81822723
10.739229024943311	587.2721436754641	0.83003974
10.750839002267574	587.2721436754641	0.83840966
10.762448979591836	587.2721436754641	0.8510057
10.7740589569161	587.2721436754641	0.8605427
10.785668934240363	587.2721436754641	0.85025936
10.797278911564625	587.2721436754641	0.8178012
10.80888888888889	587.2721436754641	0.7737033
10.820498866213152	587.2721436754641	0.7319933
10.832108843537416	587.2721436754641	0.6896702
10.843718820861678	587.2721436754641	0.6300601
10.85532879818594	587.2721436754641	0.5172661
10.866938775510205	587.2721436754641	0.4157905
10.878548752834467	587.2721436754641	0.35413918
10.89015873015873	587.2721436754641	0.33961046
10.901768707482994	587.2721436754641	0.3734651
10.913378684807256	587.2721436754641	0.45817876
10.924988662131518	587.2721436754641	0.5519725
10.936598639455783	587.2721436754641	0.5726493
10.948208616780045	587.2721436754641	0.4581163
10.95981859410431	587.2721436754641	0.3119495
10.971428571428572	587.2721436754641	0.22722916
10.983038548752834	587.2721436754641	0.2061123
10.994648526077098	439.95700446074346	0.21578853
11.00625850340136	439.95700446074346	0.21322167
11.017868480725623	587.2721436754641	0.25494418
11.029478458049887	587.2721436754641	0.32039177
11.04108843537415	587.2721436754641	0.35969302
11.052698412698414	587.2721436754641	0.34776074
11.064308390022676	587.2721436754641	0.31587622
11.075918367346938	587.2721436754641	0.25286636
11.087528344671203	439.95700446074346	0.18124843
11.099138321995465	1318.3813866099952	0.15971379
11.110748299319727	1318.3813866099952	0.13976721
11.122358276643991	1318.3813866099952	0.105886444
11.133968253968254	439.95700446074346	0.11025741
11.145578231292516	439.95700446074346	0.1282101
11.15718820861678	439.95700446074346	0.15378506
11.168798185941043	439.95700446074346	0.16752848
11.180408163265307	439.95700446074346	0.17025632
11.19201814058957	439.95700446074346	0.17238902
11.203628117913832	1058.5585823319318	0.23791835
11.215238095238096	1058.5585823319318	0.27153212
11.226848072562358	1058.5585823319318	0.25110692
11.23845804988662	88.31288647939964	0.2731447
11.250068027210885	88.31288647939964	0.31041208
11.261678004535147	88.31288647939964	0.34801608
11.27328798185941	88.31288647939964	0.38320678
11.284897959183674	88.31288647939964	0.3922045
11.296507936507936	88.31288647939964	0.38296467
11.3081179138322	87.29852646272026	0.39667338
11.319727891156463	87.29852646272026	0.4354602
11.331337868480725	87.29852646272026	0.43617293
11.34294784580499	87.29852646272026	0.4001237
11.354557823129252	87.29852646272026	0.36270285
11.366167800453514	439.95700446074346	0.36813343
11.377777777777778	439.95700446074346	0.39157915
11.38938775510204	439.95700446074346	0.40736625
11.400997732426303	439.95700446074346	0.40820268
11.412607709750567	439.95700446074346	0.4056665
11.42421768707483	439.95700446074346	0.42448577
11.435827664399094	439.95700446074346	0.47021693
11.447437641723356	439.95700446074346	0.51010156
11.459047619047618	439.95700446074346	0.51491416
11.470657596371883	439.95700446074346	0.49407402
11.482267573696145	439.95700446074346	0.4718994
11.493877551020407	439.95700446074346	0.4602426
11.505487528344672	439.95700446074346	0.46560377
11.517097505668934	439.95700446074346	0.46153653
11.528707482993198	439.95700446074346	0.44715014
11.54031746031746	439.95700446074346	0.41812563
11.551927437641723	439.95700446074346	0.37271157
11.563537414965987	439.95700446074346	0.35935655
11.57514739229025	439.95700446074346	0.37051842
11.586757369614512	439.95700446074346	0.34402788
11.598367346938776	439.95700446074346	0.32245073
11.609977324263038	439.95700446074346	0.35087427
11.6215873015873	439.95700446074346	0.39810422
11.633197278911565	439.95700446074346	0.29343817
11.644807256235827	587.2721436754641	0.17939915
11.656417233560092	587.2721436754641	0.25339535
11.668027210884354	587.2721436754641	0.33650544
11.679637188208616	587.2721436754641	0.47115684
11.69124716553288	587.2721436754641	0.58167106
11.702857142857143	587.2721436754641	0.6132933
11.714467120181405	587.2721436754641	0.61561716
11.72607709750567	587.2721436754641	0.63120973
11.737687074829932	587.2721436754641	0.6549534
11.749297052154194	587.2721436754641	0.65148395
11.760907029478458	587.2721436754641	0.6226077
11.77251700680272	587.2721436754641	0.61513144
11.784126984126985	587.2721436754641	0.637537
11.795736961451247	587.2721436754641	0.63878894
11.80734693877551	587.2721436754641	0.6365563
11.818956916099774	587.2721436754641	0.6598258
11.830566893424036	587.2721436754641	0.6781445
11.842176870748299	587.2721436754641	0.6792015
11.853786848072563	587.2721436754641	0.6705615
11.865396825396825	580.5267477858968	0.6915055
11.877006802721088	580.5267477858968	0.68844366
11.888616780045352	580.5267477858968	0.6722406
11.900226757369614	580.5267477858968	0.6580799
11.911836734693878	580.5267477858968	0.6580022
11.92344671201814	580.5267477858968	0.6659204
11.935056689342403	580.5267477858968	0.6696969
11.946666666666667	580.5267477858968	0.6724172
11.95827664399093	580.5267477858968	0.6768691
11.969886621315192	580.5267477858968	0.6753992
11.981496598639456	580.5267477858968	0.67846763
11.993106575963719	580.5267477858968	0.6780334
12.004716553287983	587.2721436754641	0.6847938
12.016326530612245	587.2721436754641	0.6826731
12.027936507936507	587.2721436754641	0.65885276
12.039546485260772	587.2721436754641	0.6088282
12.051156462585034	587.2721436754641	0.5468251
12.062766439909296	580.5267477858968	0.5171301
12.07437641723356	580.5267477858968	0.5220106
12.085986394557823	580.5267477858968	0.53199774
12.097596371882085	587.2721436754641	0.5431884
12.10920634920635	587.2721436754641	0.5593357
12.120816326530612	587.2721436754641	0.54568005
12.132426303854876	587.2721436754641	0.49112502
12.144036281179138	587.2721436754641	0.4103223
12.1556462585034	587.2721436754641	0.35632563
12.167256235827665	587.2721436754641	0.32213315
12.178866213151927	580.5267477858968	0.31246907
12.19047619047619	580.5267477858968	0.3265829
12.202086167800454	580.5267477858968	0.35546
12.213696145124716	580.5267477858968	0.39930722
12.225306122448979	580.5267477858968	0.47990972
12.236916099773243	580.5267477858968	0.56919724
12.248526077097505	580.5267477858968	0.64476925
12.26013605442177	587.2721436754641	0.65806973
12.271746031746032	587.2721436754641	0.66734725
12.283356009070294	587.2721436754641	0.6159053
12.294965986394558	587.2721436754641	0.47325683
12.30657596371882	460.764385065505	0.33791766
12.318185941043083	460.764385065505	0.35040653
12.329795918367347	466.1182093310256	0.32564086
12.34140589569161	466.1182093310256	0.32370362
12.353015873015874	466.1182093310256	0.31875104
12.364625850340136	466.1182093310256	0.30371934
12.376235827664399	466.1182093310256	0.2862588
12.387845804988663	466.1182093310256	0.28498706
12.399455782312925	466.1182093310256	0.32354537
12.411065759637188	466.1182093310256	0.38207802
12.422675736961452	466.1182093310256	0.42800015
12.434285714285714	466.1182093310256	0.43939126
12.445895691609977	466.1182093310256	0.43604603
12.45750566893424	466.1182093310256	0.4339512
12.469115646258503	466.1182093310256	0.4471813
12.480725623582767	466.1182093310256	0.4795119
12.49233560090703	466.1182093310256	0.5278893
12.503945578231292	466.1182093310256	0.58047205
12.515555555555556	466.1182093310256	0.6005333
12.527165532879819	466.1182093310256	0.5819172
12.538775510204081	466.1182093310256	0.54575115
12.550385487528345	466.1182093310256	0.5012558
12.561995464852608	466.1182093310256	0.46038198
12.57360544217687	466.1182093310256	0.38730583
12.585215419501134	466.1182093310256	0.2902471
12.596825396825396	466.1182093310256	0.22343534
12.60843537414966	466.1182093310256	0.18548128
12.620045351473923	391.95713131094	0.19917966
12.631655328798185	391.95713131094	0.2224084
12.64326530612245	391.95713131094	0.22307703
12.654875283446712	391.95713131094	0.20414343
12.666485260770974	391.95713131094	0.1661798
12.678095238095239	391.95713131094	0.11290946
12.689705215419501	466.1182093310256	0.08363228
12.701315192743763	466.1182093310256	0.11330748
12.712925170068027	466.1182093310256	0.17089298
12.72453514739229	466.1182093310256	0.22965248
12.736145124716554	466.1182093310256	0.25116208
12.747755102040816	466.1182093310256	0.22107457
12.759365079365079	466.1182093310256	0.1643171
12.770975056689343	466.1182093310256	0.12174294
12.782585034013605	471.5342420379865	0.12744431
12.794195011337868	471.5342420379865	0.16887827
12.805804988662132	471.5342420379865	0.21472356
12.817414965986394	471.5342420379865	0.22729237
12.829024943310658	471.5342420379865	0.2209972
12.84063492063492	471.5342420379865	0.22362992
12.852244897959183	471.5342420379865	0.2471541
12.863854875283447	471.5342420379865	0.28500795
12.87546485260771	471.5342420379865	0.30162138
12.887074829931972	471.5342420379865	0.307849
12.898684807256236	466.1182093310256	0.33096862
12.910294784580499	466.1182093310256	0.35012195
12.921904761904761	466.1182093310256	0.34492838
12.933514739229025	466.1182093310256	0.30054402
12.945124716553288	466.1182093310256	0.1465171
12.956734693877552	523.2	0.12232986
12.968344671201814	523.2	0.16894501
12.979954648526077	325.80962120906815	0.26943934
12.99156462585034	325.80962120906815	0.37904313
13.003174603174603	329.59534665249885	0.26731807
13.014784580498866	329.59534665249885	0.23045862
13.02639455782313	523.2	0.2662984
13.038004535147392	523.2	0.3001187
13.049614512471654	329.59534665249885	0.3247471
13.061224489795919	329.59534665249885	0.37004083
13.072834467120181	329.59534665249885	0.36643744
13.084444444444445	523.2	0.34420586
13.096054421768708	523.2	0.34599867
13.10766439909297	523.2	0.35993877
13.119274376417234	66.15991139574574	0.38693953
13.130884353741497	66.15991139574574	0.44735086
13.142494331065759	66.15991139574574	0.4891804
13.154104308390023	66.15991139574574	0.51322085
13.165714285714285	66.15991139574574	0.5197322
13.177324263038548	66.15991139574574	0.51345116
13.188934240362812	66.15991139574574	0.4992469
13.200544217687074	66.15991139574574	0.4750554
13.212154195011339	66.15991139574574	0.443991
13.223764172335601	66.15991139574574	0.41717485
13.235374149659863	329.59534665249885	0.40665
13.246984126984128	329.59534665249885	0.39515656
13.25859410430839	329.59534665249885	0.3775537
13.270204081632652	329.59534665249885	0.39007056
13.281814058956916	329.59534665249885	0.37694323
13.293424036281179	523.2	0.33564755
13.305034013605443	523.2	0.35704172
13.316643990929705	523.2	0.35824004
13.328253968253968	523.2	0.3485678
13.339863945578232	523.2	0.33589533
13.351473922902494	523.2	0.31793833
13.363083900226757	523.2	0.3086092
13.374693877551021	523.2	0.31825784
13.386303854875283	523.2	0.33335423
13.397913832199546	523.2	0.35326403
13.40952380952381	523.2	0.37779403
13.421133786848072	523.2	0.40555874
13.432743764172336	523.2	0.41293964
13.444353741496599	523.2	0.40305012
13.455963718820861	523.2	0.381374
13.467573696145125	329.59534665249885	0.37443513
13.479183673469388	329.59534665249885	0.34700963
13.49079365079365	329.59534665249885	0.28142062
13.502403628117914	329.59534665249885	0.21378751
13.514013605442177	329.59534665249885	0.17260355
13.525623582766439	523.2	0.17608818
13.537233560090703	523.2	0.19851099
13.548843537414966	523.2	0.21202551
13.56045351473923	523.2	0.22070284
13.572063492063492	523.2	0.22581203
13.583673469387755	523.2	0.21966426
13.595283446712019	523.2	0.18012765
13.606893424036281	523.2	0.14486057
13.618503401360543	329.59534665249885	0.13458385
13.630113378684808	325.80962120906815	0.13799983
13.64172335600907	325.80962120906815	0.17250787
13.653333333333334	325.80962120906815	0.184217
13.664943310657597	325.80962120906815	0.12570797
13.676553287981859	391.95713131094	0.05941487
13.688163265306123	391.95713131094	0.047101755
13.699773242630386	391.95713131094	0.04552795
13.711383219954648	391.95713131094	0.0549677
13.722993197278912	391.95713131094	0.07985906
13.734603174603174	329.59534665249885	0.12716089
13.746213151927437	329.59534665249885	0.20975544
13.757823129251701	329.59534665249885	0.29028234
13.769433106575963	329.59534665249885	0.38418043
13.781043083900228	329.59534665249885	0.4494884
13.79265306122449	329.59534665249885	0.42631626
13.804263038548752	325.80962120906815	0.30372536
13.815873015873017	325.80962120906815	0.24429937
13.827482993197279	325.80962120906815	0.22529408
13.839092970521541	325.80962120906815	0.22000773
13.850702947845805	325.80962120906815	0.19319187
13.862312925170068	329.59534665249885	0.20078982
13.87392290249433	499.5731271659299	0.201934
13.885532879818594	499.5731271659299	0.2218529
13.897142857142857	499.5731271659299	0.21070348
13.908752834467121	499.5731271659299	0.17343892
13.920362811791383	505.3778872934793	0.15652986
13.931972789115646	505.3778872934793	0.16872352
13.94358276643991	499.5731271659299	0.18193018
13.955192743764172	499.5731271659299	0.18324046
13.966802721088435	499.5731271659299	0.18226703
13.978412698412699	499.5731271659299	0.17776951
13.990022675736961	499.5731271659299	0.15185338
14.001632653061224	505.3778872934793	0.12037718
14.013242630385488	505.3778872934793	0.088714205
14.02485260770975	505.3778872934793	0.066991046
14.036462585034014	415.264115194881	0.08748033
14.048072562358277	415.264115194881	0.14330226
14.05968253968254	415.264115194881	0.20791432
14.071292517006803	415.264115194881	0.28167456
14.082902494331066	415.264115194881	0.34333503
14.094512471655328	415.264115194881	0.3808448
14.106122448979592	415.264115194881	0.3672458
14.117732426303855	415.264115194881	0.34525272
14.129342403628119	415.264115194881	0.34193712
14.140952380952381	415.264115194881	0.33419955
14.152562358276644	415.264115194881	0.31591028
14.164172335600908	415.264115194881	0.2724991
14.17578231292517	415.264115194881	0.20856233
14.187392290249432	391.95713131094	0.2476995
14.199002267573697	391.95713131094	0.29332063
14.210612244897959	391.95713131094	0.2558813
14.222222222222221	391.95713131094	0.21077518
14.233832199546486	415.264115194881	0.17026983
14.245442176870748	415.264115194881	0.30155212
14.257052154195012	415.264115194881	0.40957364
14.268662131519275	415.264115194881	0.41226232
14.280272108843537	415.264115194881	0.33516905
14.291882086167801	329.59534665249885	0.32214937
14.303492063492063	329.59534665249885	0.3646212
14.315102040816326	329.59534665249885	0.2823901
14.32671201814059	329.59534665249885	0.18417713
14.338321995464852	329.59534665249885	0.18302983
14.349931972789115	329.59534665249885	0.22144444
14.361541950113379	329.59534665249885	0.2429241
14.373151927437641	329.59534665249885	0.17608435
14.384761904761906	329.59534665249885	0.10333603
14.396371882086168	439.95700446074346	0.11886547
14.40798185941043	345.18326945818916	0.13261542
14.419591836734694	345.18326945818916	0.14274569
14.431201814058957	345.18326945818916	0.12828755
14.44281179138322	345.18326945818916	0.13726035
14.454421768707483	345.18326945818916	0.19776244
14.466031746031746	345.18326945818916	0.25169048
14.477641723356008	349.194105850881	0.24249107
14.489251700680272	349.194105850881	0.1902361
14.500861678004535	349.194105850881	0.12112443
14.512471655328799	349.194105850881	0.08093228
14.524081632653061	88.31288647939964	0.07122001
14.535691609977324	88.31288647939964	0.06658377
14.547301587301588	345.18326945818916	0.073738076
14.55891156462585	349.194105850881	0.10741763
14.570521541950113	349.194105850881	0.15425026
14.582131519274377	349.194105850881	0.19962463
14.59374149659864	349.194105850881	0.21750936
14.605351473922903	353.2515459175985	0.24737734
14.616961451247166	349.194105850881	0.28596717
14.628571428571428	349.194105850881	0.33783585
14.640181405895692	349.194105850881	0.36567616
14.651791383219955	349.194105850881	0.36229697
14.663401360544217	349.194105850881	0.34579057
14.675011337868481	349.194105850881	0.33968356
14.686621315192744	349.194105850881	0.3453414
14.698231292517006	349.194105850881	0.35846925
14.70984126984127	353.2515459175985	0.3480758
14.721451247165533	353.2515459175985	0.30457935
14.733061224489797	349.194105850881	0.29108858
14.744671201814059	349.194105850881	0.2958839
14.756281179138321	349.194105850881	0.26119658
14.767891156462586	349.194105850881	0.19943155
14.779501133786848	349.194105850881	0.1402423
14.79111111111111	349.194105850881	0.10756034
14.802721088435375	349.194105850881	0.091872826
14.814331065759637	349.194105850881	0.08408851
14.8259410430839	349.194105850881	0.081456244
14.837551020408164	349.194105850881	0.07561245
14.849160997732426	261.6	0.07331023
14.86077097505669	261.6	0.070089854
14.872380952380952	261.6	0.06166662
14.883990929705215	261.6	0.050704356
14.895600907029479	439.95700446074346	0.041620784
14.907210884353741	88.31288647939964	0.045718446
14.918820861678004	88.31288647939964	0.052553505
14.930430839002268	174.5970529254405	0.05646559
14.94204081632653	174.5970529254405	0.09102726
14.953650793650795	174.5970529254405	0.14127082
14.965260770975057	174.5970529254405	0.2046404
14.97687074829932	174.5970529254405	0.2739634
14.988480725623583	174.5970529254405	0.35914978
15.000090702947846	174.5970529254405	0.3689093
15.011700680272108	174.5970529254405	0.26704857
15.023310657596372	174.5970529254405	0.2164114
15.034920634920635	174.5970529254405	0.25043464
15.046530612244897	174.5970529254405	0.15530235
