0.0	387.45511967816526	0.107306406
0.011609977324263039	1188.1918345797665	0.21335304
0.023219954648526078	1188.1918345797665	0.45396438
0.034829931972789115	1188.1918345797665	0.70315456
0.046439909297052155	1188.1918345797665	0.8010027
0.058049886621315196	1188.1918345797665	0.8412723
0.06965986394557823	1188.1918345797665	0.86253744
0.08126984126984127	1188.1918345797665	0.8817134
0.09287981859410431	1188.1918345797665	0.8989426
0.10448979591836735	1188.1918345797665	0.90220165
0.11609977324263039	1188.1918345797665	0.88246536
0.12770975056689343	1188.1918345797665	0.85603005
0.13931972789115646	1174.5442873509282	0.85301095
0.1509297052154195	1174.5442873509282	0.84426755
0.16253968253968254	1188.1918345797665	0.8305077
0.17414965986394557	1188.1918345797665	0.82937336
0.18575963718820862	1188.1918345797665	0.8305154
0.19736961451247165	1188.1918345797665	0.8309542
0.2089795918367347	1188.1918345797665	0.8443821
0.22058956916099773	1188.1918345797665	0.86911714
0.23219954648526078	1188.1918345797665	0.8882801
0.2438095238095238	1188.1918345797665	0.89465094
0.25541950113378686	1188.1918345797665	0.88211465
0.26702947845804986	1174.5442873509282	0.85298824
0.2786394557823129	1174.5442873509282	0.84154004
0.29024943310657597	1174.5442873509282	0.8376478
0.301859410430839	1174.5442873509282	0.83604914
0.313469387755102	1174.5442873509282	0.82908106
0.3250793650793651	1188.1918345797665	0.8223284
0.33668934240362813	1188.1918345797665	0.80989814
0.34829931972789113	1188.1918345797665	0.7176011
0.3599092970521542	1188.1918345797665	0.56971085
0.37151927437641724	1201.9979586688976	0.52602935
0.3831292517006803	1188.1918345797665	0.48923403
0.3947392290249433	1188.1918345797665	0.51467764
0.40634920634920635	1188.1918345797665	0.52656233
0.4179591836734694	1188.1918345797665	0.5656902
0.4295691609977324	1188.1918345797665	0.62527394
0.44117913832199546	1188.1918345797665	0.7177904
0.4527891156462585	1174.5442873509282	0.8027785
0.46439909297052157	1174.5442873509282	0.8670623
0.47600907029478456	1174.5442873509282	0.8835941
0.4876190476190476	1174.5442873509282	0.8867783
0.4992290249433107	1174.5442873509282	0.8836886
0.5108390022675737	1188.1918345797665	0.8734224
0.5224489795918368	1188.1918345797665	0.8823298
0.5340589569160997	1188.1918345797665	0.8766804
0.5456689342403628	1188.1918345797665	0.8513407
0.5572789115646258	1188.1918345797665	0.8170363
0.5688888888888889	1188.1918345797665	0.7940538
0.5804988662131519	1188.1918345797665	0.7515829
0.592108843537415	1188.1918345797665	0.7066651
0.603718820861678	1188.1918345797665	0.67931354
0.615328798185941	1188.1918345797665	0.6959345
0.626938775510204	1188.1918345797665	0.7442652
0.6385487528344671	1188.1918345797665	0.76819164
0.6501587301587302	1174.5442873509282	0.77629626
0.6617687074829932	1174.5442873509282	0.79999113
0.6733786848072563	1174.5442873509282	0.82433206
0.6849886621315193	1174.5442873509282	0.85238194
0.6965986394557823	1174.5442873509282	0.8758426
0.7082086167800453	1174.5442873509282	0.8847495
0.7198185941043084	1188.1918345797665	0.8868012
0.7314285714285714	1188.1918345797665	0.8773634
0.7430385487528345	1188.1918345797665	0.8440307
0.7546485260770975	1188.1918345797665	0.81376266
0.7662585034013606	1188.1918345797665	0.82809
0.7778684807256235	1188.1918345797665	0.865665
0.7894784580498866	1188.1918345797665	0.8749417
0.8010884353741496	1188.1918345797665	0.86534995
0.8126984126984127	1188.1918345797665	0.8649706
0.8243083900226758	1188.1918345797665	0.86124367
0.8359183673469388	1188.1918345797665	0.84155
0.8475283446712019	1188.1918345797665	0.82730955
0.8591383219954648	1188.1918345797665	0.80770415
0.8707482993197279	1188.1918345797665	0.7571137
0.8823582766439909	1188.1918345797665	0.6973818
0.893968253968254	1188.1918345797665	0.66893584
0.905578231292517	1188.1918345797665	0.67239016
0.9171882086167801	1188.1918345797665	0.6261501
0.9287981859410431	1188.1918345797665	0.5974471
0.9404081632653061	1188.1918345797665	0.61930007
0.9520181405895691	1188.1918345797665	0.67474425
0.9636281179138322	1188.1918345797665	0.7120994
0.9752380952380952	1188.1918345797665	0.76309985
0.9868480725623583	1188.1918345797665	0.8136138
0.9984580498866213	1188.1918345797665	0.8396542
1.0100680272108844	1188.1918345797665	0.82860243
1.0216780045351475	1188.1918345797665	0.7975394
1.0332879818594105	1188.1918345797665	0.7686532
1.0448979591836736	1174.5442873509282	0.7494163
1.0565079365079366	1174.5442873509282	0.7938261
1.0681179138321995	1174.5442873509282	0.81355983
1.0797278911564625	1174.5442873509282	0.7999547
1.0913378684807256	1174.5442873509282	0.7713468
1.1029478458049886	1174.5442873509282	0.798634
1.1145578231292517	1174.5442873509282	0.85197645
1.1261678004535147	1174.5442873509282	0.86857665
1.1377777777777778	1188.1918345797665	0.85955685
1.1493877551020408	1188.1918345797665	0.8591468
1.1609977324263039	1188.1918345797665	0.84240717
1.172607709750567	1188.1918345797665	0.82301474
1.18421768707483	1188.1918345797665	0.8071951
1.195827664399093	1188.1918345797665	0.7925632
1.207437641723356	1188.1918345797665	0.7771856
1.2190476190476192	1188.1918345797665	0.7689407
1.230657596371882	1188.1918345797665	0.77068645
1.242267573696145	1188.1918345797665	0.7882638
1.253877551020408	1188.1918345797665	0.8045646
1.2654875283446712	1188.1918345797665	0.8051444
1.2770975056689342	1188.1918345797665	0.8260847
1.2887074829931973	1174.5442873509282	0.8533407
1.3003174603174603	1174.5442873509282	0.87017256
1.3119274376417234	1174.5442873509282	0.85125864
1.3235374149659864	1174.5442873509282	0.84758687
1.3351473922902495	1188.1918345797665	0.855594
1.3467573696145125	1188.1918345797665	0.84969366
1.3583673469387756	1188.1918345797665	0.8419172
1.3699773242630386	1188.1918345797665	0.83359945
1.3815873015873017	1188.1918345797665	0.8241949
1.3931972789115645	1174.5442873509282	0.8320705
1.4048072562358276	1174.5442873509282	0.82215416
1.4164172335600906	1174.5442873509282	0.8104583
1.4280272108843537	1174.5442873509282	0.79813904
1.4396371882086167	1174.5442873509282	0.70926744
1.4512471655328798	1174.5442873509282	0.5693389
1.4628571428571429	1046.4	0.48598924
1.474467120181406	1046.4	0.7188085
1.486077097505669	1058.5585823319318	0.81343365
1.497687074829932	1058.5585823319318	0.8320926
1.509297052154195	1058.5585823319318	0.8233418
1.5209070294784581	1046.4	0.84508365
1.5325170068027212	1046.4	0.8882135
1.5441269841269842	1046.4	0.9021261
1.555736961451247	1046.4	0.8681873
1.5673469387755101	1046.4	0.8071898
1.5789569160997732	1058.5585823319318	0.77798545
1.5905668934240362	1058.5585823319318	0.7732243
1.6021768707482993	1058.5585823319318	0.7429835
1.6137868480725623	1058.5585823319318	0.7350744
1.6253968253968254	1058.5585823319318	0.7580391
1.6370068027210884	1058.5585823319318	0.7837626
1.6486167800453515	1058.5585823319318	0.8142403
1.6602267573696146	1058.5585823319318	0.8347686
1.6718367346938776	1046.4	0.86380374
1.6834467120181407	1046.4	0.8449204
1.6950566893424037	1058.5585823319318	0.81374764
1.7066666666666668	1058.5585823319318	0.74328136
1.7182766439909296	1046.4	0.7175929
1.7298866213151927	1034.3810708972705	0.6749538
1.7414965986394557	1022.5001909695951	0.629881
1.7531065759637188	999.1462543318602	0.78151286
1.7647165532879818	999.1462543318602	0.87485224
1.7763265306122449	987.6700807901243	0.8945473
1.787936507936508	987.6700807901243	0.89533544
1.799546485260771	987.6700807901243	0.86890286
1.811156462585034	987.6700807901243	0.81889254
1.822766439909297	987.6700807901243	0.73186904
1.8343764172335602	987.6700807901243	0.69639206
1.8459863945578232	987.6700807901243	0.7331956
1.8575963718820863	999.1462543318602	0.6841311
1.8692063492063493	999.1462543318602	0.53926176
1.8808163265306121	999.1462543318602	0.2793181
1.8924263038548752	999.1462543318602	0.25812572
1.9040362811791383	987.6700807901243	0.38565448
1.9156462585034013	987.6700807901243	0.4691972
1.9272562358276644	987.6700807901243	0.5064879
1.9388662131519274	987.6700807901243	0.45403215
1.9504761904761905	879.9140089214869	0.3988895
1.9620861678004535	879.9140089214869	0.45876807
1.9736961451247166	879.9140089214869	0.49179924
1.9853061224489796	879.9140089214869	0.52750295
1.9969160997732427	879.9140089214869	0.5187982
2.0085260770975055	879.9140089214869	0.46001422
2.020136054421769	879.9140089214869	0.41641682
2.0317460317460316	879.9140089214869	0.4440086
2.043356009070295	879.9140089214869	0.49114987
2.0549659863945577	879.9140089214869	0.47681487
2.066575963718821	890.1381172189755	0.38782868
2.078185941043084	890.1381172189755	0.23512131
2.089795918367347	987.6700807901243	0.19731426
2.10140589569161	987.6700807901243	0.20101996
2.1130158730158732	493.83504039506204	0.3302847
2.124625850340136	493.83504039506204	0.3987325
2.136235827664399	493.83504039506204	0.41128054
2.147845804988662	493.83504039506204	0.38322583
2.159455782312925	999.1462543318602	0.43978173
2.1710657596371883	999.1462543318602	0.5824376
2.182675736961451	999.1462543318602	0.67419547
2.1942857142857144	999.1462543318602	0.7045008
2.2058956916099772	999.1462543318602	0.7039522
2.2175056689342405	987.6700807901243	0.64483887
2.2291156462585033	987.6700807901243	0.5718768
2.2407256235827666	987.6700807901243	0.44315678
2.2523356009070294	987.6700807901243	0.35872748
2.2639455782312927	499.5731271659299	0.33247906
2.2755555555555556	493.83504039506204	0.4733816
2.2871655328798184	493.83504039506204	0.63866585
2.2987755102040817	493.83504039506204	0.65670997
2.3103854875283445	1046.4	0.6375638
2.3219954648526078	1046.4	0.67755204
2.3336054421768706	1046.4	0.68415135
2.345215419501134	1058.5585823319318	0.6986569
2.3568253968253967	1058.5585823319318	0.7140216
2.36843537414966	1058.5585823319318	0.66203547
2.380045351473923	1058.5585823319318	0.59919894
2.391655328798186	1058.5585823319318	0.49928096
2.403265306122449	1058.5585823319318	0.4901128
2.414875283446712	1058.5585823319318	0.5288324
2.426485260770975	1058.5585823319318	0.49264494
2.4380952380952383	1058.5585823319318	0.417735
2.449705215419501	1058.5585823319318	0.46628973
2.461315192743764	1058.5585823319318	0.48466998
2.4729251700680273	1058.5585823319318	0.43474266
2.48453514739229	1046.4	0.32727367
2.4961451247165534	1174.5442873509282	0.28092623
2.507755102040816	1174.5442873509282	0.59037745
2.5193650793650795	1174.5442873509282	0.7151612
2.5309750566893423	1174.5442873509282	0.7509843
2.5425850340136056	1188.1918345797665	0.7465308
2.5541950113378684	1188.1918345797665	0.79817873
2.5658049886621317	1188.1918345797665	0.83409685
2.5774149659863945	1188.1918345797665	0.8363635
2.589024943310658	1188.1918345797665	0.8246567
2.6006349206349206	1188.1918345797665	0.8181022
2.6122448979591835	1188.1918345797665	0.8222287
2.6238548752834467	1188.1918345797665	0.8432717
2.6354648526077096	1188.1918345797665	0.8630256
2.647074829931973	1174.5442873509282	0.8616509
2.6586848072562357	1174.5442873509282	0.87772673
2.670294784580499	1188.1918345797665	0.8901641
2.681904761904762	1188.1918345797665	0.88810223
2.693514739229025	1188.1918345797665	0.87747157
2.705124716553288	1188.1918345797665	0.83400375
2.716734693877551	1174.5442873509282	0.7544073
2.728344671201814	1188.1918345797665	0.6392513
2.7399546485260773	1188.1918345797665	0.50232035
2.75156462585034	1046.4	0.55321336
2.7631746031746034	1046.4	0.6316474
2.7747845804988662	1046.4	0.6617735
2.786394557823129	1046.4	0.6677447
2.7980045351473923	1046.4	0.6691349
2.809614512471655	1046.4	0.6771609
2.8212244897959184	1046.4	0.6703315
2.8328344671201813	1046.4	0.6251824
2.8444444444444446	1058.5585823319318	0.5747856
2.8560544217687074	1058.5585823319318	0.6044566
2.8676643990929707	1058.5585823319318	0.6305283
2.8792743764172335	1058.5585823319318	0.6731166
2.8908843537414968	1046.4	0.699667
2.9024943310657596	1046.4	0.66983193
2.914104308390023	1046.4	0.6014243
2.9257142857142857	1046.4	0.53098893
2.9373242630385485	1046.4	0.4667933
2.948934240362812	1046.4	0.38655618
2.9605442176870747	1046.4	0.31081596
2.972154195011338	999.1462543318602	0.24331461
2.9837641723356008	987.6700807901243	0.2662201
2.995374149659864	987.6700807901243	0.30118468
3.006984126984127	987.6700807901243	0.36327833
3.01859410430839	493.83504039506204	0.40375945
3.030204081632653	493.83504039506204	0.6072442
3.0418140589569163	493.83504039506204	0.74118257
3.053424036281179	493.83504039506204	0.74996406
3.0650340136054424	493.83504039506204	0.7331742
3.076643990929705	493.83504039506204	0.72965914
3.0882539682539685	493.83504039506204	0.73099154
3.0998639455782313	493.83504039506204	0.73273915
3.111473922902494	493.83504039506204	0.73596907
3.1230839002267574	493.83504039506204	0.7373169
3.1346938775510202	493.83504039506204	0.7220332
3.1463038548752835	493.83504039506204	0.65546453
3.1579138321995464	493.83504039506204	0.54953974
3.1695238095238096	499.5731271659299	0.51903784
3.1811337868480725	499.5731271659299	0.56062424
3.1927437641723357	499.5731271659299	0.6044142
3.2043537414965986	493.83504039506204	0.6876252
3.215963718820862	493.83504039506204	0.74883944
3.2275736961451247	493.83504039506204	0.7751225
3.239183673469388	493.83504039506204	0.81091434
3.250793650793651	493.83504039506204	0.84536093
3.2624036281179136	493.83504039506204	0.8601332
3.274013605442177	493.83504039506204	0.84876555
3.2856235827664397	493.83504039506204	0.8248927
3.297233560090703	493.83504039506204	0.8139862
3.308843537414966	493.83504039506204	0.8032042
3.320453514739229	493.83504039506204	0.7589701
3.332063492063492	493.83504039506204	0.71035266
3.3436734693877552	493.83504039506204	0.7210343
3.355283446712018	493.83504039506204	0.72115207
3.3668934240362813	499.5731271659299	0.5848625
3.378503401360544	499.5731271659299	0.38082406
3.3901133786848074	499.5731271659299	0.3903241
3.4017233560090703	499.5731271659299	0.48887625
3.4133333333333336	493.83504039506204	0.46625778
3.4249433106575964	493.83504039506204	0.49614564
3.436553287981859	493.83504039506204	0.4609352
3.4481632653061225	493.83504039506204	0.459459
3.4597732426303853	493.83504039506204	0.51540613
3.4713832199546486	493.83504039506204	0.6075569
3.4829931972789114	493.83504039506204	0.71424997
3.4946031746031747	493.83504039506204	0.7938717
3.5062131519274375	493.83504039506204	0.7834958
3.517823129251701	499.5731271659299	0.65363675
3.5294331065759637	499.5731271659299	0.5363105
3.541043083900227	499.5731271659299	0.44075987
3.5526530612244898	1046.4	0.32438263
3.564263038548753	1046.4	0.6939218
3.575873015873016	1058.5585823319318	0.80300564
3.5874829931972787	1058.5585823319318	0.84819233
3.599092970521542	1058.5585823319318	0.85872597
3.610702947845805	1058.5585823319318	0.8487057
3.622312925170068	1058.5585823319318	0.83292043
3.633922902494331	1058.5585823319318	0.81722176
3.645532879818594	1058.5585823319318	0.7619143
3.657142857142857	1058.5585823319318	0.6859199
3.6687528344671203	1058.5585823319318	0.66932887
3.680362811791383	1046.4	0.7177219
3.6919727891156464	1046.4	0.76139355
3.7035827664399092	1046.4	0.78564894
3.7151927437641725	1046.4	0.79867804
3.7268027210884354	1046.4	0.8018443
3.7384126984126986	1046.4	0.804039
3.7500226757369615	1046.4	0.7976107
3.7616326530612243	1046.4	0.72663474
3.7732426303854876	1046.4	0.6473684
3.7848526077097504	1046.4	0.6240907
3.7964625850340137	1046.4	0.5712555
3.8080725623582765	1046.4	0.43054885
3.81968253968254	999.1462543318602	0.47686878
3.8312925170068026	999.1462543318602	0.46113104
3.842902494331066	1046.4	0.36347765
3.8545124716553287	1046.4	0.44094503
3.866122448979592	1046.4	0.51577306
3.877732426303855	1046.4	0.54080856
3.889342403628118	1046.4	0.47022295
3.900952380952381	1046.4	0.38411033
3.912562358276644	1046.4	0.26317915
3.924172335600907	987.6700807901243	0.38087523
3.93578231292517	987.6700807901243	0.4642603
3.947392290249433	987.6700807901243	0.5096831
3.959002267573696	987.6700807901243	0.41350675
3.9706122448979593	987.6700807901243	0.35393286
3.982222222222222	987.6700807901243	0.3947251
3.9938321995464854	879.9140089214869	0.41451794
4.005442176870749	879.9140089214869	0.50354326
4.017052154195011	879.9140089214869	0.47808656
4.028662131519274	879.9140089214869	0.4364533
4.040272108843538	879.9140089214869	0.42321283
4.051882086167801	879.9140089214869	0.37705812
4.063492063492063	879.9140089214869	0.29135013
4.0751020408163265	879.9140089214869	0.21176334
4.08671201814059	987.6700807901243	0.21188863
4.098321995464852	987.6700807901243	0.21980947
4.1099319727891155	987.6700807901243	0.1673982
4.121541950113379	439.95700446074346	0.14100343
4.133151927437642	439.95700446074346	0.11224391
4.144761904761904	879.9140089214869	0.09830336
4.156371882086168	879.9140089214869	0.079369165
4.167981859410431	987.6700807901243	0.081148155
4.179591836734694	987.6700807901243	0.13996474
4.191201814058957	999.1462543318602	0.13130854
4.20281179138322	1034.3810708972705	0.4311736
4.214421768707483	1046.4	0.68234384
4.2260317460317465	1046.4	0.7491937
4.237641723356009	1046.4	0.7514915
4.249251700680272	1046.4	0.7694173
4.260861678004535	1046.4	0.7619817
4.272471655328798	1046.4	0.7621073
4.284081632653061	1046.4	0.77879876
4.295691609977324	1058.5585823319318	0.814111
4.307301587301588	1058.5585823319318	0.7983123
4.31891156462585	1058.5585823319318	0.79601514
4.330521541950113	1058.5585823319318	0.8260812
4.342131519274377	1058.5585823319318	0.8152169
4.35374149659864	1058.5585823319318	0.7803661
4.365351473922902	1046.4	0.78982973
4.3769614512471655	1046.4	0.7442219
4.388571428571429	1046.4	0.5900424
4.400181405895691	999.1462543318602	0.62929463
4.4117913832199545	999.1462543318602	0.78965205
4.423401360544218	999.1462543318602	0.74971235
4.435011337868481	999.1462543318602	0.653335
4.446621315192743	999.1462543318602	0.5825867
4.458231292517007	999.1462543318602	0.5773996
4.46984126984127	999.1462543318602	0.5877042
4.481451247165533	999.1462543318602	0.58233106
4.493061224489796	999.1462543318602	0.63025326
4.504671201814059	999.1462543318602	0.6602921
4.516281179138322	987.6700807901243	0.64593303
4.527891156462585	987.6700807901243	0.69055325
4.539501133786848	987.6700807901243	0.60947925
4.551111111111111	987.6700807901243	0.5457018
4.562721088435374	987.6700807901243	0.54255426
4.574331065759637	987.6700807901243	0.41853324
4.5859410430839	879.9140089214869	0.2717212
4.597551020408163	879.9140089214869	0.44026205
4.609160997732427	879.9140089214869	0.4825172
4.620770975056689	879.9140089214869	0.47465602
4.632380952380952	879.9140089214869	0.49088666
4.6439909297052155	879.9140089214869	0.4966297
4.655600907029479	879.9140089214869	0.48033023
4.667210884353741	879.9140089214869	0.4962497
4.6788208616780045	879.9140089214869	0.53673506
4.690430839002268	879.9140089214869	0.5680455
4.702040816326531	879.9140089214869	0.5926481
4.713650793650793	879.9140089214869	0.60813135
4.725260770975057	879.9140089214869	0.6177106
4.73687074829932	879.9140089214869	0.6303122
4.748480725623582	879.9140089214869	0.6443539
4.760090702947846	879.9140089214869	0.62301314
4.771700680272109	879.9140089214869	0.50072145
4.783310657596372	879.9140089214869	0.39385688
4.794920634920635	879.9140089214869	0.37749115
4.806530612244898	879.9140089214869	0.39424253
4.818140589569161	879.9140089214869	0.3544575
4.829750566893424	879.9140089214869	0.2705866
4.841360544217687	869.8073345238132	0.20438571
4.85297052154195	869.8073345238132	0.17102894
4.864580498866213	391.95713131094	0.18188047
4.876190476190477	698.3882117017622	0.2838541
4.887800453514739	698.3882117017622	0.51589125
4.899410430839002	698.3882117017622	0.5979565
4.911020408163266	698.3882117017622	0.6333681
4.922630385487528	698.3882117017622	0.6728861
4.934240362811791	698.3882117017622	0.65409094
4.9458503401360545	698.3882117017622	0.559243
4.957460317460318	706.5030918351972	0.5846384
4.96907029478458	706.5030918351972	0.6136307
4.9806802721088435	706.5030918351972	0.6150863
4.992290249433107	698.3882117017622	0.6111069
5.00390022675737	698.3882117017622	0.6200784
5.015510204081632	698.3882117017622	0.6028052
5.027120181405896	698.3882117017622	0.58246213
5.038730158730159	698.3882117017622	0.58008534
5.050340136054421	698.3882117017622	0.5785714
5.061950113378685	698.3882117017622	0.57336384
5.073560090702948	698.3882117017622	0.5695913
5.085170068027211	698.3882117017622	0.56370455
5.0967800453514736	698.3882117017622	0.52933866
5.108390022675737	698.3882117017622	0.4516136
5.12	698.3882117017622	0.35246477
5.131609977324263	698.3882117017622	0.30655172
5.143219954648526	698.3882117017622	0.2863499
5.154829931972789	698.3882117017622	0.2826783
5.166439909297052	698.3882117017622	0.2719859
5.178049886621316	698.3882117017622	0.26338655
5.189659863945578	698.3882117017622	0.32094896
5.201269841269841	698.3882117017622	0.41341317
5.2128798185941045	698.3882117017622	0.4950234
5.224489795918367	698.3882117017622	0.5323927
5.23609977324263	698.3882117017622	0.5398351
5.2477097505668935	698.3882117017622	0.5442091
5.259319727891157	698.3882117017622	0.54814655
5.270929705215419	698.3882117017622	0.5249424
5.282539682539682	698.3882117017622	0.47590888
5.294149659863946	698.3882117017622	0.39290896
5.305759637188209	698.3882117017622	0.35697377
5.317369614512471	698.3882117017622	0.35952234
5.328979591836735	391.95713131094	0.39496288
5.340589569160998	391.95713131094	0.47717416
5.352199546485261	391.95713131094	0.5119806
5.363809523809524	391.95713131094	0.46720272
5.375419501133787	698.3882117017622	0.4385581
5.38702947845805	698.3882117017622	0.48628208
5.3986394557823125	698.3882117017622	0.5237017
5.410249433106576	698.3882117017622	0.4788126
5.421859410430839	698.3882117017622	0.37726408
5.433469387755102	698.3882117017622	0.41738474
5.445079365079365	698.3882117017622	0.5259235
5.456689342403628	698.3882117017622	0.619995
5.468299319727891	698.3882117017622	0.71244
5.479909297052155	698.3882117017622	0.7569388
5.491519274376417	698.3882117017622	0.7739223
5.50312925170068	698.3882117017622	0.7861735
5.5147392290249435	698.3882117017622	0.79411685
5.526349206349207	698.3882117017622	0.794712
5.537959183673469	698.3882117017622	0.789973
5.5495691609977325	698.3882117017622	0.77321315
5.561179138321996	698.3882117017622	0.75823647
5.572789115646258	698.3882117017622	0.76866055
5.584399092970521	698.3882117017622	0.7518903
5.596009070294785	698.3882117017622	0.7031419
5.607619047619048	698.3882117017622	0.6537431
5.61922902494331	698.3882117017622	0.6030539
5.630839002267574	698.3882117017622	0.5566082
5.642448979591837	698.3882117017622	0.50272995
5.6540589569161	698.3882117017622	0.41272986
5.6656689342403626	698.3882117017622	0.3318324
5.677278911564626	698.3882117017622	0.30504352
5.688888888888889	698.3882117017622	0.33247128
5.7004988662131515	698.3882117017622	0.39761803
5.712108843537415	698.3882117017622	0.4449909
5.723718820861678	698.3882117017622	0.47362065
5.735328798185941	698.3882117017622	0.50170356
5.746938775510204	698.3882117017622	0.5331421
5.758548752834467	698.3882117017622	0.5414976
5.77015873015873	698.3882117017622	0.526055
5.7817687074829935	698.3882117017622	0.5058776
5.793378684807256	698.3882117017622	0.48079318
5.804988662131519	698.3882117017622	0.46093604
5.8165986394557825	698.3882117017622	0.47303772
5.828208616780046	698.3882117017622	0.47167107
5.839818594104308	698.3882117017622	0.3907198
5.851428571428571	698.3882117017622	0.38379896
5.863038548752835	690.3665389163785	0.43287194
5.874648526077097	698.3882117017622	0.494059
5.88625850340136	698.3882117017622	0.54549235
5.897868480725624	698.3882117017622	0.5599667
5.909478458049887	698.3882117017622	0.61007035
5.921088435374149	698.3882117017622	0.68209225
5.932698412698413	698.3882117017622	0.7090461
5.944308390022676	698.3882117017622	0.67517066
5.955918367346939	698.3882117017622	0.59962064
5.9675283446712015	698.3882117017622	0.52208257
5.979138321995465	698.3882117017622	0.4446711
5.990748299319728	698.3882117017622	0.38437086
6.002358276643991	698.3882117017622	0.3707828
6.013968253968254	698.3882117017622	0.39969063
6.025578231292517	698.3882117017622	0.43693087
6.03718820861678	698.3882117017622	0.48072693
6.048798185941043	698.3882117017622	0.5439357
6.060408163265306	698.3882117017622	0.6116168
6.072018140589569	698.3882117017622	0.6311352
6.0836281179138325	698.3882117017622	0.5592479
6.095238095238095	698.3882117017622	0.4940081
6.106848072562358	698.3882117017622	0.48162532
6.1184580498866215	698.3882117017622	0.47000447
6.130068027210885	698.3882117017622	0.47354364
6.141678004535147	698.3882117017622	0.48405427
6.15328798185941	698.3882117017622	0.47600347
6.164897959183674	698.3882117017622	0.4506955
6.176507936507937	698.3882117017622	0.40214
6.188117913832199	698.3882117017622	0.3438306
6.199727891156463	698.3882117017622	0.26352096
6.211337868480726	698.3882117017622	0.26688322
6.222947845804988	698.3882117017622	0.2981792
6.2345578231292516	698.3882117017622	0.30899993
6.246167800453515	698.3882117017622	0.28926465
6.257777777777778	698.3882117017622	0.24891593
6.2693877551020405	698.3882117017622	0.17904843
6.280997732426304	198.2557268995601	0.12645283
6.292607709750567	439.95700446074346	0.2081817
6.30421768707483	439.95700446074346	0.5415661
6.315827664399093	439.95700446074346	0.67502767
6.327437641723356	439.95700446074346	0.7452743
6.339047619047619	439.95700446074346	0.7701333
6.350657596371882	439.95700446074346	0.6778538
6.362267573696145	445.06905860948774	0.63333625
6.373877551020408	879.9140089214869	0.5726189
6.3854875283446715	879.9140089214869	0.6075925
6.397097505668934	879.9140089214869	0.57647496
6.408707482993197	879.9140089214869	0.50203097
6.42031746031746	879.9140089214869	0.46657336
6.431927437641724	879.9140089214869	0.4865114
6.443537414965986	879.9140089214869	0.5643492
6.455147392290249	879.9140089214869	0.6602398
6.466757369614513	879.9140089214869	0.7319255
6.478367346938776	879.9140089214869	0.7587527
6.489977324263038	879.9140089214869	0.71965563
6.501587301587302	879.9140089214869	0.66101485
6.513197278911565	879.9140089214869	0.6131609
6.524807256235827	879.9140089214869	0.58011985
6.5364172335600905	879.9140089214869	0.5450645
6.548027210884354	879.9140089214869	0.47556743
6.559637188208617	879.9140089214869	0.39002478
6.5712471655328795	879.9140089214869	0.31683895
6.582857142857143	869.8073345238132	0.28808177
6.594467120181406	879.9140089214869	0.2891688
6.606077097505669	879.9140089214869	0.3008669
6.617687074829932	879.9140089214869	0.30397764
6.629297052154195	879.9140089214869	0.2907823
6.640907029478458	879.9140089214869	0.25075775
6.6525170068027215	879.9140089214869	0.19757494
6.664126984126984	396.5114537991202	0.16637301
6.675736961451247	396.5114537991202	0.17348577
6.6873469387755105	391.95713131094	0.19042496
6.698956916099773	391.95713131094	0.15446405
6.710566893424036	1046.4	0.5128623
6.722176870748299	1046.4	0.7058591
6.733786848072563	1046.4	0.7675825
6.745396825396825	1046.4	0.7911329
6.757006802721088	1046.4	0.80449873
6.768616780045352	1058.5585823319318	0.7631739
6.780226757369615	1058.5585823319318	0.7760756
6.791836734693877	1058.5585823319318	0.74822295
6.8034467120181406	1058.5585823319318	0.7439274
6.815056689342404	1058.5585823319318	0.77561224
6.826666666666667	1058.5585823319318	0.8038971
6.8382766439909295	1058.5585823319318	0.7995728
6.849886621315193	1046.4	0.75178635
6.861496598639456	1046.4	0.6760667
6.873106575963718	1046.4	0.5916739
6.884716553287982	1058.5585823319318	0.60949695
6.896326530612245	1058.5585823319318	0.61030734
6.907936507936508	1058.5585823319318	0.49263707
6.919546485260771	1046.4	0.42310762
6.931156462585034	1046.4	0.2672345
6.942766439909297	879.9140089214869	0.41207308
6.9543764172335605	879.9140089214869	0.5345761
6.965986394557823	879.9140089214869	0.58854085
6.977596371882086	879.9140089214869	0.60690224
6.989206349206349	879.9140089214869	0.6713387
7.000816326530612	879.9140089214869	0.7606255
7.012426303854875	879.9140089214869	0.8012773
7.024036281179138	879.9140089214869	0.7716387
7.035646258503402	879.9140089214869	0.7028417
7.047256235827664	879.9140089214869	0.64461654
7.058866213151927	879.9140089214869	0.57463294
7.070476190476191	879.9140089214869	0.44689962
7.082086167800454	879.9140089214869	0.2668672
7.093696145124716	987.6700807901243	0.34950966
7.1053061224489795	987.6700807901243	0.51568025
7.116916099773243	987.6700807901243	0.61554664
7.128526077097506	987.6700807901243	0.60688835
7.1401360544217685	987.6700807901243	0.4866985
7.151746031746032	987.6700807901243	0.39953443
7.163356009070295	493.83504039506204	0.4221952
7.174965986394557	987.6700807901243	0.41505045
7.186575963718821	987.6700807901243	0.45349744
7.198185941043084	987.6700807901243	0.5539263
7.209795918367347	987.6700807901243	0.66612756
7.22140589569161	987.6700807901243	0.72652215
7.233015873015873	987.6700807901243	0.73385656
7.244625850340136	987.6700807901243	0.7117399
7.2562358276643995	987.6700807901243	0.6391819
7.267845804988662	987.6700807901243	0.5180212
7.279455782312925	987.6700807901243	0.33370808
7.291065759637188	493.83504039506204	0.25020513
7.302675736961452	493.83504039506204	0.253444
7.314285714285714	493.83504039506204	0.25172555
7.325895691609977	493.83504039506204	0.2593965
7.337505668934241	493.83504039506204	0.22943385
7.349115646258503	493.83504039506204	0.13935326
7.360725623582766	793.0229075982402	0.12053834
7.3723356009070296	793.0229075982402	0.11377156
7.383945578231293	793.0229075982402	0.11713182
7.395555555555555	987.6700807901243	0.12174338
7.4071655328798185	987.6700807901243	0.12545316
7.418775510204082	987.6700807901243	0.12245028
7.430385487528345	987.6700807901243	0.09455465
7.441995464852607	783.9142626218797	0.0771374
7.453605442176871	391.95713131094	0.06647414
7.465215419501134	391.95713131094	0.084514536
7.476825396825397	493.83504039506204	0.10524799
7.48843537414966	493.83504039506204	0.1317218
7.500045351473923	793.0229075982402	0.13957381
7.511655328798186	793.0229075982402	0.12554823
7.523265306122449	783.9142626218797	0.123485774
7.534875283446712	783.9142626218797	0.13193521
7.546485260770975	387.45511967816526	0.11438862
7.558095238095238	387.45511967816526	0.17505702
7.569705215419501	387.45511967816526	0.2747057
7.581315192743764	387.45511967816526	0.35069016
7.592925170068027	387.45511967816526	0.35294446
7.604535147392291	391.95713131094	0.37673244
7.616145124716553	391.95713131094	0.4959792
7.627755102040816	391.95713131094	0.5123142
7.63936507936508	391.95713131094	0.48410282
7.650975056689342	698.3882117017622	0.51623
7.662585034013605	698.3882117017622	0.5409459
7.6741950113378685	698.3882117017622	0.5112115
7.685804988662132	698.3882117017622	0.40105626
7.697414965986394	706.5030918351972	0.33127686
7.7090249433106575	706.5030918351972	0.34613007
7.720634920634921	698.3882117017622	0.40977126
7.732244897959184	698.3882117017622	0.45688856
7.743854875283446	698.3882117017622	0.44661638
7.75546485260771	706.5030918351972	0.44053233
7.767074829931973	706.5030918351972	0.45074627
7.778684807256236	706.5030918351972	0.4735874
7.790294784580499	698.3882117017622	0.5154546
7.801904761904762	698.3882117017622	0.5211136
7.813514739229025	698.3882117017622	0.5089834
7.825124716553288	698.3882117017622	0.5187453
7.836734693877551	698.3882117017622	0.51678383
7.848344671201814	698.3882117017622	0.4926758
7.859954648526077	698.3882117017622	0.4738183
7.87156462585034	698.3882117017622	0.46505505
7.883174603174603	698.3882117017622	0.46350542
7.894784580498866	698.3882117017622	0.4679236
7.90639455782313	698.3882117017622	0.5124415
7.918004535147392	698.3882117017622	0.5969335
7.929614512471655	698.3882117017622	0.6810338
7.9412244897959186	698.3882117017622	0.74311185
7.952834467120182	698.3882117017622	0.7682078
7.964444444444444	698.3882117017622	0.7513558
7.9760544217687075	698.3882117017622	0.716158
7.987664399092971	698.3882117017622	0.67395616
7.999274376417233	698.3882117017622	0.6353617
8.010884353741497	698.3882117017622	0.6077094
8.02249433106576	698.3882117017622	0.5970812
8.034104308390022	698.3882117017622	0.60439354
8.045714285714286	698.3882117017622	0.60048807
8.057324263038549	706.5030918351972	0.5921861
8.068934240362811	698.3882117017622	0.6311771
8.080544217687075	698.3882117017622	0.68361765
8.092154195011338	698.3882117017622	0.6885668
8.103764172335602	698.3882117017622	0.6763766
8.115374149659864	698.3882117017622	0.67955005
8.126984126984127	698.3882117017622	0.67490596
8.13859410430839	698.3882117017622	0.64497524
8.150204081632653	698.3882117017622	0.6076839
8.161814058956915	698.3882117017622	0.5738885
8.17342403628118	698.3882117017622	0.54524845
8.185034013605442	698.3882117017622	0.5334138
8.196643990929704	698.3882117017622	0.5427023
8.208253968253969	698.3882117017622	0.5471161
8.219863945578231	698.3882117017622	0.55731577
8.231473922902495	698.3882117017622	0.5932806
8.243083900226758	698.3882117017622	0.63182014
8.25469387755102	698.3882117017622	0.67104864
8.266303854875284	698.3882117017622	0.71792614
8.277913832199546	698.3882117017622	0.76352
8.289523809523809	698.3882117017622	0.78955764
8.301133786848073	698.3882117017622	0.7895599
8.312743764172335	698.3882117017622	0.77568936
8.324353741496598	698.3882117017622	0.76284164
8.335963718820862	698.3882117017622	0.7643814
8.347573696145124	698.3882117017622	0.78481394
8.359183673469389	698.3882117017622	0.79818803
8.370793650793651	698.3882117017622	0.7720391
8.382403628117913	698.3882117017622	0.6947628
8.394013605442177	698.3882117017622	0.60778
8.40562358276644	698.3882117017622	0.53984636
8.417233560090702	698.3882117017622	0.49077016
8.428843537414966	698.3882117017622	0.42798144
8.440453514739229	387.45511967816526	0.41133517
8.452063492063493	387.45511967816526	0.39136505
8.463673469387755	698.3882117017622	0.4149712
8.475283446712018	698.3882117017622	0.46108836
8.486893424036282	698.3882117017622	0.40710694
8.498503401360544	698.3882117017622	0.3163087
8.510113378684807	698.3882117017622	0.22171696
8.52172335600907	698.3882117017622	0.19120136
8.533333333333333	698.3882117017622	0.22151132
8.544943310657596	698.3882117017622	0.30541092
8.55655328798186	698.3882117017622	0.39341962
8.568163265306122	698.3882117017622	0.3832706
8.579773242630386	698.3882117017622	0.40402645
8.591383219954649	698.3882117017622	0.4628455
8.602993197278911	698.3882117017622	0.51392657
8.614603174603175	698.3882117017622	0.53058946
8.626213151927438	698.3882117017622	0.5091623
8.6378231292517	698.3882117017622	0.4688325
8.649433106575964	698.3882117017622	0.41596738
8.661043083900227	698.3882117017622	0.3633482
8.672653061224489	698.3882117017622	0.34575754
8.684263038548753	698.3882117017622	0.361534
8.695873015873016	198.2557268995601	0.48656115
8.70748299319728	198.2557268995601	0.52931434
8.719092970521542	198.2557268995601	0.5417391
8.730702947845804	198.2557268995601	0.5238659
8.742312925170069	195.97856565547	0.43380326
8.753922902494331	195.97856565547	0.35954934
8.765532879818593	195.97856565547	0.33714056
8.777142857142858	195.97856565547	0.34636137
8.78875283446712	195.97856565547	0.32465506
8.800362811791382	198.2557268995601	0.25562623
8.811972789115647	879.9140089214869	0.20702548
8.823582766439909	879.9140089214869	0.24700402
8.835192743764173	879.9140089214869	0.2719452
8.846802721088435	879.9140089214869	0.31411213
8.858412698412698	879.9140089214869	0.367039
8.870022675736962	869.8073345238132	0.43865252
8.881632653061224	869.8073345238132	0.49456444
8.893242630385487	869.8073345238132	0.48225766
8.904852607709751	879.9140089214869	0.4296868
8.916462585034013	879.9140089214869	0.3422657
8.928072562358278	879.9140089214869	0.25793186
8.93968253968254	879.9140089214869	0.21310714
8.951292517006802	890.1381172189755	0.22607842
8.962902494331066	879.9140089214869	0.31241897
8.974512471655329	879.9140089214869	0.43525574
8.986122448979591	879.9140089214869	0.50343335
8.997732426303855	879.9140089214869	0.4929679
9.009342403628118	879.9140089214869	0.45434225
9.02095238095238	879.9140089214869	0.4015524
9.032562358276644	879.9140089214869	0.30783927
9.044172335600907	391.95713131094	0.31139535
9.05578231292517	396.5114537991202	0.36258188
9.067392290249433	396.5114537991202	0.41052395
9.079002267573696	396.5114537991202	0.4484102
9.09061224489796	391.95713131094	0.50454545
9.102222222222222	391.95713131094	0.5765398
9.113832199546485	391.95713131094	0.5803357
9.125442176870749	391.95713131094	0.55488783
9.137052154195011	391.95713131094	0.5346219
9.148662131519274	391.95713131094	0.47845063
9.160272108843538	391.95713131094	0.42271927
9.1718820861678	391.95713131094	0.37495133
9.183492063492064	396.5114537991202	0.32370585
9.195102040816327	396.5114537991202	0.27483204
9.206712018140589	396.5114537991202	0.24121678
9.218321995464853	391.95713131094	0.17318937
9.229931972789116	999.1462543318602	0.14813416
9.241541950113378	999.1462543318602	0.33843052
9.253151927437642	999.1462543318602	0.4523179
9.264761904761905	999.1462543318602	0.45713836
9.276371882086167	999.1462543318602	0.49477643
9.287981859410431	999.1462543318602	0.6029342
9.299591836734693	999.1462543318602	0.6927846
9.311201814058958	999.1462543318602	0.7231926
9.32281179138322	999.1462543318602	0.7524525
9.334421768707482	999.1462543318602	0.7801902
9.346031746031747	999.1462543318602	0.7477107
9.357641723356009	999.1462543318602	0.6726231
9.369251700680271	999.1462543318602	0.63068104
9.380861678004536	999.1462543318602	0.6219421
9.392471655328798	999.1462543318602	0.60340434
9.404081632653062	999.1462543318602	0.5776729
9.415691609977324	999.1462543318602	0.52311236
9.427301587301587	999.1462543318602	0.5108893
9.438911564625851	999.1462543318602	0.49202552
9.450521541950113	999.1462543318602	0.37210828
9.462131519274376	999.1462543318602	0.23917136
9.47374149659864	793.0229075982402	0.20652607
9.485351473922902	793.0229075982402	0.18897857
9.496961451247165	793.0229075982402	0.15471503
9.508571428571429	391.95713131094	0.17474099
9.520181405895691	391.95713131094	0.20748354
9.531791383219955	391.95713131094	0.24822347
9.543401360544218	391.95713131094	0.27621165
9.55501133786848	391.95713131094	0.26104602
9.566621315192744	783.9142626218797	0.2321048
9.578231292517007	783.9142626218797	0.26653644
9.58984126984127	783.9142626218797	0.25784123
9.601451247165533	793.0229075982402	0.17331007
9.613061224489796	396.5114537991202	0.139432
9.624671201814058	391.95713131094	0.13960263
9.636281179138322	391.95713131094	0.15761818
9.647891156462585	391.95713131094	0.19484745
9.659501133786849	391.95713131094	0.22037065
9.671111111111111	391.95713131094	0.21035977
9.682721088435374	391.95713131094	0.17746347
9.694331065759638	879.9140089214869	0.15361238
9.7059410430839	879.9140089214869	0.20240259
9.717551020408163	879.9140089214869	0.22442988
9.729160997732427	879.9140089214869	0.20595649
9.740770975056689	879.9140089214869	0.22140531
9.752380952380953	879.9140089214869	0.26986074
9.763990929705216	879.9140089214869	0.3426793
9.775600907029478	879.9140089214869	0.3528604
9.787210884353742	879.9140089214869	0.2687315
9.798820861678005	879.9140089214869	0.21292558
9.810430839002267	396.5114537991202	0.2479976
9.822040816326531	391.95713131094	0.3245918
9.833650793650794	391.95713131094	0.41701272
9.845260770975056	391.95713131094	0.38534045
9.85687074829932	396.5114537991202	0.30958644
9.868480725623582	698.3882117017622	0.3499062
9.880090702947847	698.3882117017622	0.46277633
9.891700680272109	698.3882117017622	0.47846034
9.903310657596371	698.3882117017622	0.454295
9.914920634920636	698.3882117017622	0.45461595
9.926530612244898	698.3882117017622	0.48617503
9.93814058956916	698.3882117017622	0.5212429
9.949750566893425	698.3882117017622	0.5340956
9.961360544217687	698.3882117017622	0.54697967
9.97297052154195	698.3882117017622	0.5987037
9.984580498866213	698.3882117017622	0.5521511
9.996190476190476	698.3882117017622	0.45288026
10.00780045351474	698.3882117017622	0.35986742
10.019410430839002	698.3882117017622	0.2613543
10.031020408163265	387.45511967816526	0.19573496
10.042630385487529	387.45511967816526	0.21431395
10.054240362811791	387.45511967816526	0.21209587
10.065850340136054	387.45511967816526	0.21271111
10.077460317460318	391.95713131094	0.22234778
10.08907029478458	391.95713131094	0.21674328
10.100680272108843	396.5114537991202	0.23607309
10.112290249433107	391.95713131094	0.23088306
10.12390022675737	391.95713131094	0.25812465
10.135510204081633	391.95713131094	0.26746976
10.147120181405896	391.95713131094	0.29412654
10.158730158730158	391.95713131094	0.35407072
10.170340136054422	391.95713131094	0.3751849
10.181950113378685	391.95713131094	0.3753974
10.193560090702947	391.95713131094	0.339509
10.205170068027211	391.95713131094	0.2639544
10.216780045351474	600.9989793344488	0.24470226
10.228390022675738	594.0959172898832	0.23360386
10.24	594.0959172898832	0.21619111
10.251609977324263	587.2721436754641	0.21505722
10.263219954648527	587.2721436754641	0.28323588
10.27482993197279	587.2721436754641	0.34679157
10.286439909297052	587.2721436754641	0.3752219
10.298049886621316	587.2721436754641	0.36560193
10.309659863945578	587.2721436754641	0.3199437
10.32126984126984	587.2721436754641	0.25118047
10.332879818594105	587.2721436754641	0.21792555
10.344489795918367	587.2721436754641	0.21629465
10.356099773242631	587.2721436754641	0.20448086
10.367709750566894	587.2721436754641	0.19722773
10.379319727891156	594.0959172898832	0.15694946
10.39092970521542	130.8	0.134436
10.402539682539683	198.2557268995601	0.1409167
10.414149659863945	198.2557268995601	0.16966225
10.425759637188209	195.97856565547	0.20491831
10.437369614512471	195.97856565547	0.15861301
10.448979591836734	293.63607183773195	0.19843696
10.460589569160998	293.63607183773195	0.28441635
10.47219954648526	293.63607183773195	0.29910463
10.483809523809525	293.63607183773195	0.25569677
10.495419501133787	293.63607183773195	0.24583027
10.50702947845805	594.0959172898832	0.21746843
10.518639455782314	594.0959172898832	0.39442554
10.530249433106576	594.0959172898832	0.5204717
10.541859410430838	594.0959172898832	0.5975158
10.553469387755102	594.0959172898832	0.6148017
10.565079365079365	594.0959172898832	0.57716
10.576689342403627	587.2721436754641	0.5285402
10.588299319727891	587.2721436754641	0.5235224
10.599909297052154	587.2721436754641	0.48386496
10.611519274376418	587.2721436754641	0.394921
10.62312925170068	594.0959172898832	0.3204161
10.634739229024943	594.0959172898832	0.2829666
10.646349206349207	594.0959172898832	0.24027906
10.65795918367347	594.0959172898832	0.21151097
10.669569160997732	594.0959172898832	0.24231298
10.681179138321996	587.2721436754641	0.32392633
10.692789115646258	587.2721436754641	0.38853052
10.704399092970522	587.2721436754641	0.34471366
10.716009070294785	587.2721436754641	0.264686
10.727619047619047	523.2	0.28418714
10.739229024943311	523.2	0.3348288
10.750839002267574	523.2	0.29630142
10.762448979591836	523.2	0.2579994
10.7740589569161	523.2	0.26266715
10.785668934240363	523.2	0.29674226
10.797278911564625	523.2	0.3020902
10.80888888888889	523.2	0.2671605
10.820498866213152	523.2	0.21104057
10.832108843537416	523.2	0.13767548
10.843718820861678	523.2	0.0890325
10.85532879818594	523.2	0.07803459
10.866938775510205	523.2	0.08075593
10.878548752834467	396.5114537991202	0.08461812
10.89015873015873	391.95713131094	0.093698286
10.901768707482994	391.95713131094	0.112206765
10.913378684807256	391.95713131094	0.13368076
10.924988662131518	391.95713131094	0.112015985
10.936598639455783	396.5114537991202	0.10676401
10.948208616780045	783.9142626218797	0.12888862
10.95981859410431	391.95713131094	0.12674159
10.971428571428572	391.95713131094	0.14863741
10.983038548752834	391.95713131094	0.17220725
10.994648526077098	396.5114537991202	0.19638833
11.00625850340136	396.5114537991202	0.22690041
11.017868480725623	396.5114537991202	0.2510553
11.029478458049887	396.5114537991202	0.24620642
11.04108843537415	391.95713131094	0.20101687
11.052698412698414	391.95713131094	0.16193615
11.064308390022676	391.95713131094	0.14031576
11.075918367346938	290.2633738929482	0.12152218
11.087528344671203	290.2633738929482	0.14509481
11.099138321995465	290.2633738929482	0.18825367
11.110748299319727	293.63607183773195	0.23419222
11.122358276643991	293.63607183773195	0.29431567
11.133968253968254	293.63607183773195	0.3746209
11.145578231292516	293.63607183773195	0.46446338
11.15718820861678	293.63607183773195	0.5224738
11.168798185941043	293.63607183773195	0.5449242
11.180408163265307	293.63607183773195	0.5191406
11.19201814058957	293.63607183773195	0.46673533
11.203628117913832	290.2633738929482	0.45044866
11.215238095238096	290.2633738929482	0.5291281
11.226848072562358	290.2633738929482	0.6048593
11.23845804988662	290.2633738929482	0.660359
11.250068027210885	290.2633738929482	0.73441255
11.261678004535147	290.2633738929482	0.8077446
11.27328798185941	290.2633738929482	0.837081
11.284897959183674	290.2633738929482	0.8466453
11.296507936507936	290.2633738929482	0.819695
11.3081179138322	293.63607183773195	0.7714494
11.319727891156463	293.63607183773195	0.7619554
11.331337868480725	293.63607183773195	0.6965308
11.34294784580499	293.63607183773195	0.57591325
11.354557823129252	293.63607183773195	0.4677523
11.366167800453514	293.63607183773195	0.41880593
11.377777777777778	293.63607183773195	0.39405885
11.38938775510204	293.63607183773195	0.3148411
11.400997732426303	391.95713131094	0.32653403
11.412607709750567	396.5114537991202	0.37898362
11.42421768707483	396.5114537991202	0.36959225
11.435827664399094	391.95713131094	0.31162158
11.447437641723356	293.63607183773195	0.25186446
11.459047619047618	293.63607183773195	0.34968123
11.470657596371883	293.63607183773195	0.422659
11.482267573696145	293.63607183773195	0.49302447
11.493877551020407	293.63607183773195	0.5652431
11.505487528344672	293.63607183773195	0.5955107
11.517097505668934	293.63607183773195	0.58967906
11.528707482993198	293.63607183773195	0.60327244
11.54031746031746	293.63607183773195	0.64216715
11.551927437641723	293.63607183773195	0.65493846
11.563537414965987	293.63607183773195	0.6387129
11.57514739229025	293.63607183773195	0.60609293
11.586757369614512	293.63607183773195	0.5723891
11.598367346938776	293.63607183773195	0.54793996
11.609977324263038	293.63607183773195	0.5134621
11.6215873015873	293.63607183773195	0.40610442
11.633197278911565	290.2633738929482	0.32167724
11.644807256235827	290.2633738929482	0.26004097
11.656417233560092	290.2633738929482	0.18225974
11.668027210884354	290.2633738929482	0.12641393
11.679637188208616	587.2721436754641	0.10974019
11.69124716553288	587.2721436754641	0.10160388
11.702857142857143	587.2721436754641	0.115611374
11.714467120181405	587.2721436754641	0.13770704
11.72607709750567	587.2721436754641	0.15678467
11.737687074829932	587.2721436754641	0.13114406
11.749297052154194	286.92941468811415	0.11130199
11.760907029478458	391.95713131094	0.09029809
11.77251700680272	391.95713131094	0.21192768
11.784126984126985	391.95713131094	0.4532142
11.795736961451247	391.95713131094	0.58594483
11.80734693877551	391.95713131094	0.6290455
11.818956916099774	391.95713131094	0.6206061
11.830566893424036	396.5114537991202	0.58930296
11.842176870748299	396.5114537991202	0.4579259
11.853786848072563	396.5114537991202	0.26142403
11.865396825396825	246.91752019753102	0.18217473
11.877006802721088	244.08143058602883	0.17112315
11.888616780045352	396.5114537991202	0.13529815
11.900226757369614	396.5114537991202	0.08798744
11.911836734693878	244.08143058602883	0.09008211
11.92344671201814	244.08143058602883	0.10572685
11.935056689342403	244.08143058602883	0.09725957
11.946666666666667	244.08143058602883	0.08924523
11.95827664399093	244.08143058602883	0.087867655
11.969886621315192	244.08143058602883	0.09440313
11.981496598639456	244.08143058602883	0.09694106
11.993106575963719	244.08143058602883	0.07639954
12.004716553287983	244.08143058602883	0.060840745
12.016326530612245	396.5114537991202	0.058571663
12.027936507936507	396.5114537991202	0.079210155
12.039546485260772	396.5114537991202	0.11733634
12.051156462585034	391.95713131094	0.16289057
12.062766439909296	391.95713131094	0.18403645
12.07437641723356	391.95713131094	0.15734872
12.085986394557823	391.95713131094	0.1306091
12.097596371882085	587.2721436754641	0.15757327
12.10920634920635	587.2721436754641	0.2031243
12.120816326530612	587.2721436754641	0.23123361
12.132426303854876	587.2721436754641	0.2681721
12.144036281179138	587.2721436754641	0.29997712
12.1556462585034	587.2721436754641	0.31293076
12.167256235827665	594.0959172898832	0.4056267
12.178866213151927	594.0959172898832	0.4759207
12.19047619047619	594.0959172898832	0.52401274
12.202086167800454	587.2721436754641	0.6103193
12.213696145124716	587.2721436754641	0.68880117
12.225306122448979	587.2721436754641	0.71347857
12.236916099773243	587.2721436754641	0.7151839
12.248526077097505	587.2721436754641	0.7015851
12.26013605442177	587.2721436754641	0.62138575
12.271746031746032	587.2721436754641	0.54458165
12.283356009070294	587.2721436754641	0.57611877
12.294965986394558	587.2721436754641	0.6290028
12.30657596371882	587.2721436754641	0.6740502
12.318185941043083	587.2721436754641	0.6511652
12.329795918367347	587.2721436754641	0.616078
12.34140589569161	587.2721436754641	0.59459716
12.353015873015874	587.2721436754641	0.5650269
12.364625850340136	587.2721436754641	0.5252739
12.376235827664399	587.2721436754641	0.52542955
12.387845804988663	587.2721436754641	0.54827625
12.399455782312925	587.2721436754641	0.46455386
12.411065759637188	587.2721436754641	0.43070513
12.422675736961452	587.2721436754641	0.54342073
12.434285714285714	587.2721436754641	0.67633456
12.445895691609977	587.2721436754641	0.77256614
12.45750566893424	587.2721436754641	0.80769724
12.469115646258503	587.2721436754641	0.78760785
12.480725623582767	587.2721436754641	0.7836397
12.49233560090703	587.2721436754641	0.8297707
12.503945578231292	587.2721436754641	0.8562244
12.515555555555556	587.2721436754641	0.79791665
12.527165532879819	580.5267477858968	0.6843763
12.538775510204081	580.5267477858968	0.65676343
12.550385487528345	580.5267477858968	0.6261209
12.561995464852608	587.2721436754641	0.54301256
12.57360544217687	594.0959172898832	0.52696407
12.585215419501134	594.0959172898832	0.55600244
12.596825396825396	594.0959172898832	0.53213173
12.60843537414966	587.2721436754641	0.50631607
12.620045351473923	587.2721436754641	0.53401697
12.631655328798185	587.2721436754641	0.5776036
12.64326530612245	587.2721436754641	0.57049626
12.654875283446712	587.2721436754641	0.53552556
12.666485260770974	587.2721436754641	0.5167308
12.678095238095239	587.2721436754641	0.4971833
12.689705215419501	587.2721436754641	0.42490482
12.701315192743763	587.2721436754641	0.3220391
12.712925170068027	594.0959172898832	0.30175224
12.72453514739229	594.0959172898832	0.3645615
12.736145124716554	594.0959172898832	0.4143883
12.747755102040816	594.0959172898832	0.44830894
12.759365079365079	594.0959172898832	0.5045445
12.770975056689343	594.0959172898832	0.501994
12.782585034013605	594.0959172898832	0.39685968
12.794195011337868	594.0959172898832	0.2710634
12.805804988662132	594.0959172898832	0.1767658
12.817414965986394	293.63607183773195	0.19120425
12.829024943310658	293.63607183773195	0.23285171
12.84063492063492	293.63607183773195	0.26319984
12.852244897959183	293.63607183773195	0.28436843
12.863854875283447	293.63607183773195	0.30575764
12.87546485260771	293.63607183773195	0.34577596
12.887074829931972	293.63607183773195	0.37026155
12.898684807256236	293.63607183773195	0.36284563
12.910294784580499	293.63607183773195	0.33899188
12.921904761904761	293.63607183773195	0.31418824
12.933514739229025	293.63607183773195	0.25188223
12.945124716553288	293.63607183773195	0.21001491
12.956734693877552	293.63607183773195	0.20440906
12.968344671201814	293.63607183773195	0.17397922
12.979954648526077	293.63607183773195	0.09971711
12.99156462585034	698.3882117017622	0.20599198
13.003174603174603	698.3882117017622	0.4951457
13.014784580498866	698.3882117017622	0.6465965
13.02639455782313	698.3882117017622	0.7083661
13.038004535147392	698.3882117017622	0.68214905
13.049614512471654	698.3882117017622	0.61419356
13.061224489795919	698.3882117017622	0.56195396
13.072834467120181	698.3882117017622	0.5090093
13.084444444444445	698.3882117017622	0.4583218
13.096054421768708	698.3882117017622	0.4371547
13.10766439909297	698.3882117017622	0.4088575
13.119274376417234	698.3882117017622	0.38290733
13.130884353741497	698.3882117017622	0.36754417
13.142494331065759	698.3882117017622	0.39548504
13.154104308390023	698.3882117017622	0.4627977
13.165714285714285	698.3882117017622	0.5221529
13.177324263038548	698.3882117017622	0.5536158
13.188934240362812	698.3882117017622	0.5363368
13.200544217687074	698.3882117017622	0.47347116
13.212154195011339	698.3882117017622	0.41642907
13.223764172335601	698.3882117017622	0.37604544
13.235374149659863	396.5114537991202	0.3345706
13.246984126984128	396.5114537991202	0.47553906
13.25859410430839	396.5114537991202	0.61992794
13.270204081632652	396.5114537991202	0.6332101
13.281814058956916	396.5114537991202	0.589458
13.293424036281179	396.5114537991202	0.56332576
13.305034013605443	396.5114537991202	0.50101095
13.316643990929705	391.95713131094	0.48620012
13.328253968253968	391.95713131094	0.55921185
13.339863945578232	396.5114537991202	0.6439494
13.351473922902494	396.5114537991202	0.67644465
13.363083900226757	396.5114537991202	0.6548135
13.374693877551021	396.5114537991202	0.646808
13.386303854875283	396.5114537991202	0.5575098
13.397913832199546	879.9140089214869	0.40735468
13.40952380952381	879.9140089214869	0.2493575
13.421133786848072	391.95713131094	0.22718456
13.432743764172336	439.95700446074346	0.26547983
13.444353741496599	439.95700446074346	0.3341919
13.455963718820861	439.95700446074346	0.28369582
13.467573696145125	439.95700446074346	0.1896458
13.479183673469388	391.95713131094	0.19314694
13.49079365079365	391.95713131094	0.24146561
13.502403628117914	391.95713131094	0.38895017
13.514013605442177	391.95713131094	0.51122236
13.525623582766439	396.5114537991202	0.5420859
13.537233560090703	879.9140089214869	0.49206755
13.548843537414966	879.9140089214869	0.6236758
13.56045351473923	879.9140089214869	0.67321473
13.572063492063492	879.9140089214869	0.65359193
13.583673469387755	879.9140089214869	0.567654
13.595283446712019	879.9140089214869	0.41387573
13.606893424036281	879.9140089214869	0.3456103
13.618503401360543	879.9140089214869	0.3237396
13.630113378684808	879.9140089214869	0.28471574
13.64172335600907	879.9140089214869	0.25746796
13.653333333333334	879.9140089214869	0.2708371
13.664943310657597	879.9140089214869	0.30442327
13.676553287981859	879.9140089214869	0.32010534
13.688163265306123	879.9140089214869	0.3521783
13.699773242630386	879.9140089214869	0.37218285
13.711383219954648	879.9140089214869	0.40254685
13.722993197278912	879.9140089214869	0.42816192
13.734603174603174	879.9140089214869	0.44243833
13.746213151927437	879.9140089214869	0.4249873
13.757823129251701	879.9140089214869	0.36817807
13.769433106575963	879.9140089214869	0.29168946
13.781043083900228	698.3882117017622	0.23251265
13.79265306122449	706.5030918351972	0.12188361
13.804263038548752	783.9142626218797	0.13371223
13.815873015873017	783.9142626218797	0.2799667
13.827482993197279	783.9142626218797	0.3984867
13.839092970521541	783.9142626218797	0.49156293
13.850702947845805	783.9142626218797	0.5399239
13.862312925170068	783.9142626218797	0.54001564
13.87392290249433	783.9142626218797	0.5381801
13.885532879818594	783.9142626218797	0.5493601
13.897142857142857	783.9142626218797	0.5890116
13.908752834467121	783.9142626218797	0.63505685
13.920362811791383	783.9142626218797	0.6561172
13.931972789115646	783.9142626218797	0.63851106
13.94358276643991	783.9142626218797	0.57897973
13.955192743764172	783.9142626218797	0.45380867
13.966802721088435	783.9142626218797	0.3003273
13.978412698412699	793.0229075982402	0.20685865
13.990022675736961	793.0229075982402	0.12463699
14.001632653061224	659.1906933049976	0.30017835
14.013242630385488	659.1906933049976	0.3793216
14.02485260770975	659.1906933049976	0.3812646
14.036462585034014	659.1906933049976	0.34154797
14.048072562358277	659.1906933049976	0.32434842
14.05968253968254	659.1906933049976	0.332965
14.071292517006803	659.1906933049976	0.3528003
14.082902494331066	659.1906933049976	0.36479238
14.094512471655328	659.1906933049976	0.36619666
14.106122448979592	659.1906933049976	0.3271787
14.117732426303855	391.95713131094	0.2689616
14.129342403628119	391.95713131094	0.27244845
14.140952380952381	391.95713131094	0.2663598
14.152562358276644	391.95713131094	0.27440634
14.164172335600908	391.95713131094	0.31460094
14.17578231292517	396.5114537991202	0.33301643
14.187392290249432	396.5114537991202	0.30887452
14.199002267573697	396.5114537991202	0.18192787
14.210612244897959	396.5114537991202	0.08603624
14.222222222222221	264.63964558298295	0.11030674
14.233832199546486	293.63607183773195	0.07892585
14.245442176870748	587.2721436754641	0.08100111
14.257052154195012	594.0959172898832	0.06654285
14.268662131519275	594.0959172898832	0.04921328
14.280272108843537	391.95713131094	0.046908937
14.291882086167801	391.95713131094	0.06702151
14.303492063492063	391.95713131094	0.07849197
14.315102040816326	391.95713131094	0.097524986
14.32671201814059	391.95713131094	0.120206736
14.338321995464852	391.95713131094	0.11311504
14.349931972789115	391.95713131094	0.08743432
14.361541950113379	594.0959172898832	0.10124592
14.373151927437641	594.0959172898832	0.138349
14.384761904761906	594.0959172898832	0.17627801
14.396371882086168	594.0959172898832	0.17836322
14.40798185941043	594.0959172898832	0.15030886
14.419591836734694	600.9989793344488	0.12954469
14.431201814058957	391.95713131094	0.15021133
14.44281179138322	391.95713131094	0.19320306
14.454421768707483	396.5114537991202	0.18400773
14.466031746031746	396.5114537991202	0.1133704
14.477641723356008	401.11869496556756	0.06579202
14.489251700680272	387.45511967816526	0.06523537
14.500861678004535	387.45511967816526	0.090623274
14.512471655328799	387.45511967816526	0.16270086
14.524081632653061	391.95713131094	0.28638175
14.535691609977324	391.95713131094	0.3964315
14.547301587301588	391.95713131094	0.5223702
14.55891156462585	391.95713131094	0.5489145
14.570521541950113	396.5114537991202	0.56261325
14.582131519274377	396.5114537991202	0.49944973
14.59374149659864	396.5114537991202	0.45325482
14.605351473922903	396.5114537991202	0.40062276
14.616961451247166	391.95713131094	0.43381986
14.628571428571428	391.95713131094	0.45564076
14.640181405895692	391.95713131094	0.47864315
14.651791383219955	391.95713131094	0.53997654
14.663401360544217	387.45511967816526	0.64801943
14.675011337868481	391.95713131094	0.6932004
14.686621315192744	391.95713131094	0.70144606
14.698231292517006	391.95713131094	0.6761721
14.70984126984127	396.5114537991202	0.6698348
14.721451247165533	396.5114537991202	0.61022085
14.733061224489797	396.5114537991202	0.4735567
14.744671201814059	391.95713131094	0.33418944
14.756281179138321	391.95713131094	0.20346275
14.767891156462586	387.45511967816526	0.14642414
14.779501133786848	587.2721436754641	0.1972254
14.79111111111111	587.2721436754641	0.28210625
14.802721088435375	587.2721436754641	0.29435867
14.814331065759637	587.2721436754641	0.26032764
14.8259410430839	587.2721436754641	0.24177252
14.837551020408164	587.2721436754641	0.24029931
14.849160997732426	587.2721436754641	0.19312769
14.86077097505669	396.5114537991202	0.18486236
14.872380952380952	391.95713131094	0.20735393
14.883990929705215	391.95713131094	0.18935324
14.895600907029479	391.95713131094	0.18591054
14.907210884353741	391.95713131094	0.20152085
14.918820861678004	523.2	0.2131313
14.930430839002268	523.2	0.3514844
14.94204081632653	523.2	0.41949895
14.953650793650795	523.2	0.39270726
14.965260770975057	523.2	0.32260427
14.97687074829932	523.2	0.2694224
14.988480725623583	391.95713131094	0.25188214
15.000090702947846	396.5114537991202	0.2950145
15.011700680272108	396.5114537991202	0.2362099
15.023310657596372	396.5114537991202	0.14299609
15.034920634920635	401.11869496556756	0.113208495
15.046530612244897	523.2	0.11386681
15.058140589569161	523.2	0.20501797
15.069750566893424	523.2	0.22464862
15.081360544217688	523.2	0.2079469
15.09297052154195	297.0479586449415	0.19196191
15.104580498866213	297.0479586449415	0.22085471
15.116190476190477	297.0479586449415	0.23559347
15.12780045351474	297.0479586449415	0.20506679
15.139410430839002	297.0479586449415	0.15273659
15.151020408163266	297.0479586449415	0.13037427
15.162630385487528	297.0479586449415	0.1411221
15.17424036281179	293.63607183773195	0.16424982
15.185850340136055	293.63607183773195	0.17781821
15.197460317460317	587.2721436754641	0.16673042
15.209070294784581	587.2721436754641	0.18355119
15.220680272108844	587.2721436754641	0.19674884
15.232290249433106	587.2721436754641	0.191238
15.24390022675737	587.2721436754641	0.16816038
15.255510204081633	587.2721436754641	0.15565011
15.267120181405895	587.2721436754641	0.16006732
15.27873015873016	587.2721436754641	0.1763928
15.290340136054422	587.2721436754641	0.21357164
15.301950113378684	587.2721436754641	0.30224267
15.313560090702948	587.2721436754641	0.4431177
15.32517006802721	587.2721436754641	0.55745876
15.336780045351475	587.2721436754641	0.5697737
15.348390022675737	587.2721436754641	0.5176143
15.36	587.2721436754641	0.45725223
15.371609977324264	587.2721436754641	0.41636276
15.383219954648526	587.2721436754641	0.35146424
15.394829931972788	587.2721436754641	0.27834675
15.406439909297053	293.63607183773195	0.30987135
15.418049886621315	293.63607183773195	0.33953622
15.429659863945579	290.2633738929482	0.3343744
15.441269841269841	587.2721436754641	0.4120422
15.452879818594104	587.2721436754641	0.5061197
15.464489795918368	587.2721436754641	0.57856876
15.47609977324263	587.2721436754641	0.6283482
15.487709750566893	587.2721436754641	0.6489493
15.499319727891157	587.2721436754641	0.62126905
15.51092970521542	587.2721436754641	0.54745984
15.522539682539682	587.2721436754641	0.4643087
15.534149659863946	587.2721436754641	0.3321203
15.545759637188208	293.63607183773195	0.30013552
15.557369614512472	293.63607183773195	0.3349659
15.568979591836735	293.63607183773195	0.3467254
15.580589569160997	293.63607183773195	0.3071369
15.592199546485261	293.63607183773195	0.2410935
15.603809523809524	391.95713131094	0.30632466
15.615419501133786	396.5114537991202	0.39216775
15.62702947845805	396.5114537991202	0.4319445
15.638639455782313	396.5114537991202	0.4399876
15.650249433106575	396.5114537991202	0.38734287
15.66185941043084	396.5114537991202	0.28101337
15.673469387755102	293.63607183773195	0.27744946
15.685079365079366	293.63607183773195	0.2985311
15.696689342403628	293.63607183773195	0.29629937
15.70829931972789	293.63607183773195	0.27675912
15.719909297052155	594.0959172898832	0.32666653
15.731519274376417	391.95713131094	0.35799763
15.74312925170068	391.95713131094	0.4137724
15.754739229024944	391.95713131094	0.37504894
15.766349206349206	396.5114537991202	0.30399072
15.777959183673469	587.2721436754641	0.25499213
15.789569160997733	587.2721436754641	0.31568262
15.801179138321995	587.2721436754641	0.28632194
15.81278911564626	391.95713131094	0.26782873
15.824399092970522	391.95713131094	0.32667124
15.836009070294784	396.5114537991202	0.40456542
15.847619047619048	396.5114537991202	0.41540027
15.85922902494331	396.5114537991202	0.3120719
15.870839002267573	391.95713131094	0.2627283
15.882448979591837	391.95713131094	0.34687492
15.8940589569161	391.95713131094	0.35482946
15.905668934240364	396.5114537991202	0.32817316
15.917278911564626	396.5114537991202	0.3378235
15.928888888888888	396.5114537991202	0.3089986
15.940498866213153	391.95713131094	0.27373916
15.952108843537415	391.95713131094	0.27219868
15.963718820861677	391.95713131094	0.2688143
15.975328798185942	391.95713131094	0.2564727
15.986938775510204	391.95713131094	0.22670163
15.998548752834466	391.95713131094	0.19822739
16.01015873015873	391.95713131094	0.18866861
16.021768707482995	391.95713131094	0.18498157
16.033378684807257	391.95713131094	0.18307729
16.04498866213152	391.95713131094	0.20284678
16.056598639455782	391.95713131094	0.22940546
16.068208616780044	391.95713131094	0.24385434
16.07981859410431	391.95713131094	0.21878442
16.091428571428573	391.95713131094	0.15489481
16.103038548752835	387.45511967816526	0.12360327
16.114648526077097	387.45511967816526	0.109668896
16.12625850340136	293.63607183773195	0.110699095
16.137868480725622	293.63607183773195	0.114343986
16.149478458049888	293.63607183773195	0.12132979
16.16108843537415	293.63607183773195	0.12895112
16.172698412698413	293.63607183773195	0.12950927
16.184308390022675	293.63607183773195	0.13249573
16.195918367346938	293.63607183773195	0.15164945
16.207528344671204	293.63607183773195	0.18877241
16.219138321995466	293.63607183773195	0.20002495
16.23074829931973	290.2633738929482	0.14822963
16.24235827664399	195.97856565547	0.16074462
16.253968253968253	195.97856565547	0.119693734
16.265578231292515	293.63607183773195	0.11944066
16.27718820861678	198.2557268995601	0.107862465
16.288798185941044	198.2557268995601	0.118499234
16.300408163265306	198.2557268995601	0.10423791
16.31201814058957	594.0959172898832	0.12948658
16.32362811791383	594.0959172898832	0.18850762
16.335238095238097	594.0959172898832	0.25572133
16.34684807256236	594.0959172898832	0.36154
16.35845804988662	594.0959172898832	0.49586806
16.370068027210884	594.0959172898832	0.5444096
16.381678004535146	594.0959172898832	0.57523006
16.39328798185941	594.0959172898832	0.59719926
16.404897959183675	587.2721436754641	0.6313951
16.416507936507937	587.2721436754641	0.633643
16.4281179138322	587.2721436754641	0.6100557
16.439727891156462	587.2721436754641	0.6027974
16.451337868480724	587.2721436754641	0.60763615
16.46294784580499	587.2721436754641	0.58228475
16.474557823129253	594.0959172898832	0.5407618
16.486167800453515	594.0959172898832	0.4971038
16.497777777777777	587.2721436754641	0.52435625
16.50938775510204	587.2721436754641	0.6067232
16.520997732426302	587.2721436754641	0.61881727
16.532607709750568	587.2721436754641	0.5655238
16.54421768707483	290.2633738929482	0.42442745
16.555827664399093	290.2633738929482	0.35704795
16.567437641723355	587.2721436754641	0.21418586
16.579047619047618	523.2	0.21793646
16.590657596371884	523.2	0.33413726
16.602267573696146	523.2	0.38644278
16.61387755102041	523.2	0.4308447
16.62548752834467	523.2	0.5420418
16.637097505668933	523.2	0.6501159
16.648707482993196	523.2	0.69430035
16.66031746031746	523.2	0.6258715
16.671927437641724	523.2	0.4713576
16.683537414965986	523.2	0.41626528
16.69514739229025	523.2	0.2991093
16.70675736961451	523.2	0.17191854
16.718367346938777	523.2	0.112632364
16.72997732426304	587.2721436754641	0.13626242
16.741587301587302	587.2721436754641	0.17532043
16.753197278911564	587.2721436754641	0.21763532
16.764807256235827	587.2721436754641	0.23737569
16.77641723356009	594.0959172898832	0.22694215
16.788027210884355	594.0959172898832	0.23410302
16.799637188208617	594.0959172898832	0.19189595
16.81124716553288	594.0959172898832	0.1362087
16.822857142857142	594.0959172898832	0.09577402
16.834467120181404	293.63607183773195	0.071518466
16.84607709750567	293.63607183773195	0.07069328
16.857687074829933	293.63607183773195	0.071522266
16.869297052154195	293.63607183773195	0.093972415
16.880907029478458	293.63607183773195	0.12876508
16.89251700680272	293.63607183773195	0.151948
16.904126984126986	293.63607183773195	0.13804281
16.91573696145125	594.0959172898832	0.14549951
16.92734693877551	594.0959172898832	0.19249095
16.938956916099773	594.0959172898832	0.24988195
16.950566893424035	587.2721436754641	0.3397201
16.962176870748298	587.2721436754641	0.48817965
16.973786848072564	587.2721436754641	0.54512924
16.985396825396826	594.0959172898832	0.4505823
16.99700680272109	594.0959172898832	0.3416325
17.00861678004535	594.0959172898832	0.27567473
17.020226757369613	594.0959172898832	0.30104077
17.03183673469388	594.0959172898832	0.2900865
17.04344671201814	594.0959172898832	0.27171534
17.055056689342404	594.0959172898832	0.22331592
17.066666666666666	594.0959172898832	0.18338439
17.07827664399093	594.0959172898832	0.16368768
17.08988662131519	594.0959172898832	0.15748225
17.101496598639457	594.0959172898832	0.13219993
17.11310657596372	293.63607183773195	0.15936619
17.124716553287982	293.63607183773195	0.19297677
17.136326530612244	293.63607183773195	0.20749898
17.147936507936507	293.63607183773195	0.17650855
17.159546485260773	293.63607183773195	0.10945584
17.171156462585035	666.8501202134378	0.25059056
17.182766439909297	666.8501202134378	0.34654853
17.19437641723356	666.8501202134378	0.38605428
17.205986394557822	666.8501202134378	0.43782517
17.217596371882085	666.8501202134378	0.51332164
17.22920634920635	666.8501202134378	0.5771676
17.240816326530613	666.8501202134378	0.6011443
17.252426303854875	659.1906933049976	0.6194053
17.264036281179138	659.1906933049976	0.6724336
17.2756462585034	659.1906933049976	0.72139853
17.287256235827666	659.1906933049976	0.76030004
17.29886621315193	659.1906933049976	0.7846468
17.31047619047619	659.1906933049976	0.7989084
17.322086167800453	659.1906933049976	0.79147255
17.333696145124716	651.6192424181361	0.78832793
17.345306122448978	659.1906933049976	0.775305
17.356916099773244	659.1906933049976	0.7049254
17.368526077097506	659.1906933049976	0.5985897
17.38013605442177	659.1906933049976	0.6142515
17.39174603174603	659.1906933049976	0.6717667
17.403356009070293	659.1906933049976	0.6664137
17.41496598639456	659.1906933049976	0.61587065
17.426575963718822	666.8501202134378	0.5423821
17.438185941043084	666.8501202134378	0.3764965
17.449795918367347	698.3882117017622	0.46138924
17.46140589569161	698.3882117017622	0.54845625
17.47301587301587	698.3882117017622	0.54921424
17.484625850340137	698.3882117017622	0.47842285
17.4962358276644	698.3882117017622	0.41264606
17.507845804988662	698.3882117017622	0.4187521
17.519455782312924	698.3882117017622	0.4707793
17.531065759637187	698.3882117017622	0.5047269
17.542675736961453	698.3882117017622	0.5014429
17.554285714285715	698.3882117017622	0.43984705
17.565895691609978	698.3882117017622	0.4161568
17.57750566893424	698.3882117017622	0.3266739
17.589115646258502	698.3882117017622	0.16879931
17.600725623582765	698.3882117017622	0.09539418
17.61233560090703	783.9142626218797	0.1846533
17.623945578231293	783.9142626218797	0.2587518
17.635555555555555	783.9142626218797	0.23984092
17.647165532879818	783.9142626218797	0.1637437
17.65877551020408	783.9142626218797	0.10513189
17.670385487528346	783.9142626218797	0.08297824
17.68199546485261	774.9102393563303	0.0953617
17.69360544217687	774.9102393563303	0.11785477
17.705215419501133	783.9142626218797	0.14899397
17.716825396825396	783.9142626218797	0.2097523
17.728435374149658	783.9142626218797	0.3091912
17.740045351473924	783.9142626218797	0.4179641
17.751655328798186	783.9142626218797	0.48560226
17.76326530612245	783.9142626218797	0.49737155
17.77487528344671	783.9142626218797	0.5037333
17.786485260770974	783.9142626218797	0.50807846
17.79809523809524	783.9142626218797	0.5108215
17.809705215419502	783.9142626218797	0.51255506
17.821315192743764	783.9142626218797	0.5176738
17.832925170068027	783.9142626218797	0.5004455
17.84453514739229	783.9142626218797	0.4654992
17.856145124716555	783.9142626218797	0.4074162
17.867755102040817	783.9142626218797	0.32857227
17.87936507936508	783.9142626218797	0.3100859
17.890975056689342	783.9142626218797	0.32916272
17.902585034013605	783.9142626218797	0.37443125
17.914195011337867	783.9142626218797	0.45620102
17.925804988662133	783.9142626218797	0.53987575
17.937414965986395	783.9142626218797	0.56635123
17.949024943310658	783.9142626218797	0.54869837
17.96063492063492	391.95713131094	0.5788914
17.972244897959182	391.95713131094	0.5826514
17.98385487528345	391.95713131094	0.5979758
17.99546485260771	391.95713131094	0.6310502
18.007074829931973	391.95713131094	0.5785406
18.018684807256236	391.95713131094	0.48225403
18.030294784580498	391.95713131094	0.51765895
18.04190476190476	391.95713131094	0.6004333
18.053514739229026	391.95713131094	0.60149395
18.06512471655329	391.95713131094	0.6160796
18.07673469387755	391.95713131094	0.6926967
18.088344671201813	391.95713131094	0.77520204
18.099954648526076	391.95713131094	0.7902474
18.11156462585034	391.95713131094	0.77735084
18.123174603174604	391.95713131094	0.777296
18.134784580498867	391.95713131094	0.7827223
18.14639455782313	391.95713131094	0.7786667
18.15800453514739	391.95713131094	0.7206361
18.169614512471654	391.95713131094	0.59090483
18.18122448979592	396.5114537991202	0.51122236
18.192834467120182	396.5114537991202	0.5418667
18.204444444444444	396.5114537991202	0.60353404
18.216054421768707	396.5114537991202	0.6416791
18.22766439909297	391.95713131094	0.6623431
18.239274376417235	391.95713131094	0.6833957
18.250884353741498	391.95713131094	0.68631196
18.26249433106576	391.95713131094	0.69566786
18.274104308390022	391.95713131094	0.68811303
18.285714285714285	391.95713131094	0.64012104
18.297324263038547	396.5114537991202	0.5226165
18.308934240362813	396.5114537991202	0.45672238
18.320544217687075	396.5114537991202	0.50600994
18.332154195011338	396.5114537991202	0.60865617
18.3437641723356	391.95713131094	0.6785939
18.355374149659863	391.95713131094	0.7287587
18.36698412698413	391.95713131094	0.73632985
18.37859410430839	396.5114537991202	0.74872446
18.390204081632653	396.5114537991202	0.74605155
18.401814058956916	396.5114537991202	0.7534936
18.413424036281178	396.5114537991202	0.6706271
18.42503401360544	391.95713131094	0.5610203
18.436643990929706	391.95713131094	0.3965977
18.44825396825397	391.95713131094	0.3413746
18.45986394557823	391.95713131094	0.30547202
18.471473922902494	391.95713131094	0.33506194
18.483083900226756	391.95713131094	0.38583177
18.494693877551022	391.95713131094	0.3911449
18.506303854875284	391.95713131094	0.36969036
18.517913832199547	391.95713131094	0.3711204
18.52952380952381	396.5114537991202	0.39739245
18.54113378684807	396.5114537991202	0.4630145
18.552743764172334	396.5114537991202	0.53296334
18.5643537414966	396.5114537991202	0.61368376
18.575963718820862	396.5114537991202	0.686677
18.587573696145125	396.5114537991202	0.74168724
18.599183673469387	396.5114537991202	0.7413836
18.61079365079365	391.95713131094	0.72755706
18.622403628117915	391.95713131094	0.65139717
18.634013605442178	793.0229075982402	0.5639583
18.64562358276644	793.0229075982402	0.5528802
18.657233560090702	793.0229075982402	0.5780425
18.668843537414965	793.0229075982402	0.61868364
18.68045351473923	793.0229075982402	0.65870225
18.692063492063493	793.0229075982402	0.68676406
18.703673469387756	793.0229075982402	0.6765354
18.715283446712018	793.0229075982402	0.6366073
18.72689342403628	793.0229075982402	0.61043084
18.738503401360543	783.9142626218797	0.6337928
18.75011337868481	783.9142626218797	0.6783383
18.76172335600907	783.9142626218797	0.706568
18.773333333333333	783.9142626218797	0.74761826
18.784943310657596	783.9142626218797	0.7831665
18.796553287981858	783.9142626218797	0.79149944
18.808163265306124	783.9142626218797	0.77578557
18.819773242630387	783.9142626218797	0.7484586
18.83138321995465	783.9142626218797	0.6561631
18.84299319727891	793.0229075982402	0.6600214
18.854603174603174	793.0229075982402	0.6193038
18.866213151927436	793.0229075982402	0.65541923
18.877823129251702	793.0229075982402	0.6575408
18.889433106575964	793.0229075982402	0.6123469
18.901043083900227	793.0229075982402	0.5071136
18.91265306122449	783.9142626218797	0.48402175
18.92426303854875	783.9142626218797	0.542565
18.935873015873018	783.9142626218797	0.5924629
18.94748299319728	783.9142626218797	0.56197554
18.959092970521542	783.9142626218797	0.50144583
18.970702947845805	783.9142626218797	0.45738593
18.982312925170067	391.95713131094	0.4419855
18.99392290249433	391.95713131094	0.54716516
19.005532879818595	391.95713131094	0.6109899
19.017142857142858	391.95713131094	0.63353217
19.02875283446712	391.95713131094	0.6763938
19.040362811791383	391.95713131094	0.68429834
19.051972789115645	396.5114537991202	0.69096005
19.06358276643991	391.95713131094	0.7297529
19.075192743764173	391.95713131094	0.77258646
19.086802721088436	391.95713131094	0.7871153
19.098412698412698	391.95713131094	0.7806894
19.11002267573696	391.95713131094	0.7526555
19.121632653061223	391.95713131094	0.7153129
19.13324263038549	391.95713131094	0.66273165
19.14485260770975	391.95713131094	0.51513386
19.156462585034014	793.0229075982402	0.541819
19.168072562358276	793.0229075982402	0.6150764
19.17968253968254	793.0229075982402	0.6477526
19.191292517006804	793.0229075982402	0.65535545
19.202902494331067	783.9142626218797	0.7013267
19.21451247165533	783.9142626218797	0.67860454
19.22612244897959	783.9142626218797	0.6248443
19.237732426303854	783.9142626218797	0.54461616
19.249342403628116	783.9142626218797	0.5259358
19.260952380952382	783.9142626218797	0.4279425
19.272562358276645	783.9142626218797	0.31289774
19.284172335600907	783.9142626218797	0.29470545
19.29578231292517	783.9142626218797	0.34942374
19.30739229024943	783.9142626218797	0.42404452
19.319002267573698	783.9142626218797	0.48947757
19.33061224489796	783.9142626218797	0.537844
19.342222222222222	783.9142626218797	0.5703178
19.353832199546485	783.9142626218797	0.59784466
19.365442176870747	783.9142626218797	0.49582464
19.37705215419501	396.5114537991202	0.3243151
19.388662131519276	391.95713131094	0.40599066
19.400272108843538	391.95713131094	0.5343793
19.4118820861678	391.95713131094	0.63028246
19.423492063492063	391.95713131094	0.679415
19.435102040816325	387.45511967816526	0.74020624
19.44671201814059	387.45511967816526	0.747812
19.458321995464853	387.45511967816526	0.7088071
19.469931972789116	391.95713131094	0.6876351
19.481541950113378	391.95713131094	0.6649792
19.49315192743764	391.95713131094	0.5426196
19.504761904761907	396.5114537991202	0.42640537
19.51637188208617	698.3882117017622	0.37147623
19.52798185941043	698.3882117017622	0.40547553
19.539591836734694	698.3882117017622	0.42727765
19.551201814058956	698.3882117017622	0.4477662
19.56281179138322	698.3882117017622	0.4798932
19.574421768707484	698.3882117017622	0.54421544
19.586031746031747	698.3882117017622	0.6429826
19.59764172335601	698.3882117017622	0.72557795
19.60925170068027	698.3882117017622	0.7487355
19.620861678004534	698.3882117017622	0.7934324
19.6324716553288	698.3882117017622	0.7683941
19.644081632653062	690.3665389163785	0.6602629
19.655691609977325	698.3882117017622	0.5129955
19.667301587301587	698.3882117017622	0.38237357
19.67891156462585	659.1906933049976	0.35981113
19.690521541950112	659.1906933049976	0.4703081
19.702131519274378	659.1906933049976	0.48750207
19.71374149659864	659.1906933049976	0.47651175
19.725351473922903	659.1906933049976	0.41176543
19.736961451247165	659.1906933049976	0.32239798
19.748571428571427	659.1906933049976	0.26765835
19.760181405895693	659.1906933049976	0.30015138
19.771791383219956	659.1906933049976	0.4216281
19.783401360544218	659.1906933049976	0.5036931
19.79501133786848	659.1906933049976	0.5701816
19.806621315192743	659.1906933049976	0.619043
19.818231292517005	659.1906933049976	0.6296945
19.82984126984127	659.1906933049976	0.6408031
19.841451247165534	659.1906933049976	0.64820665
19.853061224489796	659.1906933049976	0.5902897
19.86467120181406	659.1906933049976	0.48699814
19.87628117913832	659.1906933049976	0.39213508
19.887891156462587	659.1906933049976	0.30237326
19.89950113378685	396.5114537991202	0.25885135
19.91111111111111	396.5114537991202	0.32317707
19.922721088435374	396.5114537991202	0.35120413
19.934331065759636	396.5114537991202	0.2881092
19.9459410430839	401.11869496556756	0.19201167
19.957551020408165	587.2721436754641	0.18407369
19.969160997732427	587.2721436754641	0.19369604
19.98077097505669	587.2721436754641	0.2234348
19.99238095238095	594.0959172898832	0.2984652
20.003990929705214	594.0959172898832	0.35429126
20.01560090702948	594.0959172898832	0.31350538
20.027210884353742	594.0959172898832	0.21436928
20.038820861678005	587.2721436754641	0.1543945
20.050430839002267	587.2721436754641	0.15334356
20.06204081632653	587.2721436754641	0.1319761
20.073650793650792	587.2721436754641	0.09690537
20.085260770975058	587.2721436754641	0.08473354
20.09687074829932	587.2721436754641	0.08828998
20.108480725623583	587.2721436754641	0.11323875
20.120090702947845	587.2721436754641	0.15078194
20.131700680272107	523.2	0.30669296
20.143310657596373	523.2	0.46732342
20.154920634920636	523.2	0.561749
20.166530612244898	523.2	0.6033457
20.17814058956916	523.2	0.6315328
20.189750566893423	523.2	0.68255526
20.201360544217685	523.2	0.71804994
20.21297052154195	523.2	0.7127426
20.224580498866214	523.2	0.68604976
20.236190476190476	523.2	0.67766976
20.24780045351474	523.2	0.6788355
20.259410430839	523.2	0.6837382
20.271020408163267	523.2	0.70704025
20.28263038548753	523.2	0.7360786
20.29424036281179	523.2	0.7561769
20.305850340136054	523.2	0.7720495
20.317460317460316	523.2	0.75877446
20.329070294784582	523.2	0.712738
20.340680272108845	523.2	0.68908775
20.352290249433107	523.2	0.70869696
20.36390022675737	523.2	0.74954194
20.375510204081632	523.2	0.78737307
20.387120181405894	523.2	0.80714685
20.39873015873016	523.2	0.8161633
20.410340136054423	523.2	0.81735903
20.421950113378685	523.2	0.8009192
20.433560090702947	523.2	0.7654299
20.44517006802721	523.2	0.73097163
20.456780045351476	523.2	0.68438184
20.468390022675738	523.2	0.61420053
20.48	523.2	0.53899324
20.491609977324263	523.2	0.48670095
20.503219954648525	523.2	0.44629446
20.514829931972788	261.6	0.44233486
20.526439909297054	261.6	0.5603368
20.538049886621316	261.6	0.60754627
20.54965986394558	261.6	0.66483986
20.56126984126984	261.6	0.72094595
20.572879818594103	261.6	0.76050127
20.58448979591837	261.6	0.7500989
20.59609977324263	258.59526772431764	0.65724266
20.607709750566894	258.59526772431764	0.5773647
20.619319727891156	258.59526772431764	0.45272154
20.63092970521542	258.59526772431764	0.3568514
20.64253968253968	258.59526772431764	0.24225627
20.654149659863947	193.72755983908263	0.1855111
20.66575963718821	193.72755983908263	0.13820843
20.67736961451247	195.97856565547	0.11609778
20.688979591836734	195.97856565547	0.12399768
20.700589569160996	195.97856565547	0.15883704
20.712199546485262	195.97856565547	0.1798514
20.723809523809525	195.97856565547	0.19046551
20.735419501133787	195.97856565547	0.20761348
20.74702947845805	195.97856565547	0.2012809
20.758639455782312	193.72755983908263	0.20448941
20.770249433106574	193.72755983908263	0.32546812
20.78185941043084	193.72755983908263	0.4164407
20.793469387755103	195.97856565547	0.4940998
20.805079365079365	198.2557268995601	0.57646114
20.816689342403627	198.2557268995601	0.626535
20.82829931972789	198.2557268995601	0.64037603
20.839909297052156	195.97856565547	0.6231293
20.851519274376418	195.97856565547	0.5500037
20.86312925170068	195.97856565547	0.4515563
20.874739229024943	195.97856565547	0.41787356
20.886349206349205	195.97856565547	0.18543051
