0.0	439.95700446074346	0.3132112
0.011609977324263039	439.95700446074346	0.51695865
0.023219954648526078	439.95700446074346	0.4839525
0.034829931972789115	439.95700446074346	0.38301578
0.046439909297052155	445.06905860948774	0.35552898
0.058049886621315196	445.06905860948774	0.34496525
0.06965986394557823	445.06905860948774	0.31243956
0.08126984126984127	445.06905860948774	0.30145723
0.09287981859410431	445.06905860948774	0.32591376
0.10448979591836735	439.95700446074346	0.38388073
0.11609977324263039	439.95700446074346	0.47319084
0.12770975056689343	439.95700446074346	0.56527066
0.13931972789115646	439.95700446074346	0.60371405
0.1509297052154195	439.95700446074346	0.5779492
0.16253968253968254	439.95700446074346	0.4963664
0.17414965986394557	439.95700446074346	0.4380972
0.18575963718820862	439.95700446074346	0.49059722
0.19736961451247165	439.95700446074346	0.61419684
0.2089795918367347	439.95700446074346	0.6949141
0.22058956916099773	439.95700446074346	0.74610966
0.23219954648526078	439.95700446074346	0.77691174
0.2438095238095238	439.95700446074346	0.7914117
0.25541950113378686	439.95700446074346	0.7911727
0.26702947845804986	439.95700446074346	0.7548292
0.2786394557823129	439.95700446074346	0.6793316
0.29024943310657597	439.95700446074346	0.5974475
0.301859410430839	439.95700446074346	0.51384246
0.313469387755102	439.95700446074346	0.42277578
0.3250793650793651	434.9036672619066	0.33783084
0.33668934240362813	434.9036672619066	0.30197328
0.34829931972789113	439.95700446074346	0.3147779
0.3599092970521542	439.95700446074346	0.36772645
0.37151927437641724	439.95700446074346	0.45313817
0.3831292517006803	439.95700446074346	0.49866235
0.3947392290249433	439.95700446074346	0.47685885
0.40634920634920635	434.9036672619066	0.45644885
0.4179591836734694	434.9036672619066	0.45090443
0.4295691609977324	434.9036672619066	0.46251008
0.44117913832199546	434.9036672619066	0.5072632
0.4527891156462585	434.9036672619066	0.55213493
0.46439909297052157	439.95700446074346	0.5984407
0.47600907029478456	439.95700446074346	0.64258146
0.4876190476190476	439.95700446074346	0.65819615
0.4992290249433107	439.95700446074346	0.66537166
0.5108390022675737	439.95700446074346	0.64114636
0.5224489795918368	439.95700446074346	0.5711018
0.5340589569160997	439.95700446074346	0.4898578
0.5456689342403628	439.95700446074346	0.4054656
0.5572789115646258	439.95700446074346	0.315628
0.5688888888888889	439.95700446074346	0.20434788
0.5804988662131519	439.95700446074346	0.14145772
0.592108843537415	396.5114537991202	0.14564395
0.603718820861678	396.5114537991202	0.20583072
0.615328798185941	391.95713131094	0.2575303
0.626938775510204	391.95713131094	0.29355386
0.6385487528344671	391.95713131094	0.3486398
0.6501587301587302	391.95713131094	0.40816712
0.6617687074829932	391.95713131094	0.48363262
0.6733786848072563	391.95713131094	0.58096975
0.6849886621315193	391.95713131094	0.6739909
0.6965986394557823	391.95713131094	0.7521598
0.7082086167800453	391.95713131094	0.79773545
0.7198185941043084	391.95713131094	0.7854905
0.7314285714285714	391.95713131094	0.72996926
0.7430385487528345	391.95713131094	0.6885298
0.7546485260770975	391.95713131094	0.6729715
0.7662585034013606	391.95713131094	0.66246086
0.7778684807256235	391.95713131094	0.6607221
0.7894784580498866	391.95713131094	0.6389343
0.8010884353741496	396.5114537991202	0.606604
0.8126984126984127	396.5114537991202	0.53265357
0.8243083900226758	391.95713131094	0.47688797
0.8359183673469388	391.95713131094	0.45464
0.8475283446712019	391.95713131094	0.4247745
0.8591383219954648	391.95713131094	0.37299997
0.8707482993197279	391.95713131094	0.33377782
0.8823582766439909	391.95713131094	0.3196204
0.893968253968254	391.95713131094	0.27809063
0.905578231292517	391.95713131094	0.21097338
0.9171882086167801	391.95713131094	0.18138142
0.9287981859410431	277.15554548439167	0.1804817
0.9404081632653061	277.15554548439167	0.19314845
0.9520181405895691	280.3759377994943	0.1964834
0.9636281179138322	280.3759377994943	0.19970408
0.9752380952380952	280.3759377994943	0.17013533
0.9868480725623583	280.3759377994943	0.12542005
0.9984580498866213	277.15554548439167	0.11035507
1.0100680272108844	277.15554548439167	0.13012362
1.0216780045351475	277.15554548439167	0.17205215
1.0332879818594105	277.15554548439167	0.2055003
1.0448979591836736	277.15554548439167	0.22955497
1.0565079365079366	277.15554548439167	0.23111807
1.0681179138321995	277.15554548439167	0.19854234
1.0797278911564625	439.95700446074346	0.21091425
1.0913378684807256	439.95700446074346	0.33038056
1.1029478458049886	439.95700446074346	0.42541414
1.1145578231292517	439.95700446074346	0.484256
1.1261678004535147	439.95700446074346	0.5453031
1.1377777777777778	439.95700446074346	0.63692635
1.1493877551020408	439.95700446074346	0.74132186
1.1609977324263039	439.95700446074346	0.775268
1.172607709750567	439.95700446074346	0.7673244
1.18421768707483	439.95700446074346	0.76325005
1.195827664399093	439.95700446074346	0.7623046
1.207437641723356	439.95700446074346	0.6996431
1.2190476190476192	439.95700446074346	0.59560007
1.230657596371882	439.95700446074346	0.4973324
1.242267573696145	439.95700446074346	0.4530351
1.253877551020408	439.95700446074346	0.43016526
1.2654875283446712	439.95700446074346	0.39765453
1.2770975056689342	439.95700446074346	0.37189013
1.2887074829931973	439.95700446074346	0.3698242
1.3003174603174603	439.95700446074346	0.39538285
1.3119274376417234	439.95700446074346	0.43771064
1.3235374149659864	439.95700446074346	0.50226414
1.3351473922902495	439.95700446074346	0.6034565
1.3467573696145125	439.95700446074346	0.7056558
1.3583673469387756	439.95700446074346	0.75462383
1.3699773242630386	439.95700446074346	0.7488635
1.3815873015873017	439.95700446074346	0.71362746
1.3931972789115645	439.95700446074346	0.66921145
1.4048072562358276	439.95700446074346	0.6320009
1.4164172335600906	439.95700446074346	0.58646715
1.4280272108843537	439.95700446074346	0.5418356
1.4396371882086167	439.95700446074346	0.50135183
1.4512471655328798	439.95700446074346	0.46231216
1.4628571428571429	439.95700446074346	0.40797314
1.474467120181406	439.95700446074346	0.335827
1.486077097505669	391.95713131094	0.36974594
1.497687074829932	391.95713131094	0.37845144
1.509297052154195	391.95713131094	0.37394768
1.5209070294784581	391.95713131094	0.3789274
1.5325170068027212	391.95713131094	0.34509796
1.5441269841269842	391.95713131094	0.27887863
1.555736961451247	391.95713131094	0.2324931
1.5673469387755101	391.95713131094	0.21001387
1.5789569160997732	391.95713131094	0.18962704
1.5905668934240362	391.95713131094	0.18217279
1.6021768707482993	391.95713131094	0.189809
1.6137868480725623	391.95713131094	0.2128464
1.6253968253968254	391.95713131094	0.2523703
1.6370068027210884	391.95713131094	0.31037912
1.6486167800453515	391.95713131094	0.35590348
1.6602267573696146	391.95713131094	0.39928314
1.6718367346938776	391.95713131094	0.42117554
1.6834467120181407	195.97856565547	0.3912936
1.6950566893424037	195.97856565547	0.5245169
1.7066666666666668	195.97856565547	0.6578779
1.7182766439909296	198.2557268995601	0.6823697
1.7298866213151927	198.2557268995601	0.7392316
1.7414965986394557	198.2557268995601	0.7024261
1.7531065759637188	198.2557268995601	0.6131664
1.7647165532879818	195.97856565547	0.4668966
1.7763265306122449	195.97856565547	0.29053313
1.787936507936508	195.97856565547	0.16072838
1.799546485260771	195.97856565547	0.11052416
1.811156462585034	195.97856565547	0.10192386
1.822766439909297	439.95700446074346	0.1194393
1.8343764172335602	277.15554548439167	0.14024064
1.8459863945578232	277.15554548439167	0.16226813
1.8575963718820863	277.15554548439167	0.2067146
1.8692063492063493	277.15554548439167	0.28032443
1.8808163265306121	277.15554548439167	0.31176862
1.8924263038548752	277.15554548439167	0.3203531
1.9040362811791383	277.15554548439167	0.31957942
1.9156462585034013	277.15554548439167	0.32654077
1.9272562358276644	277.15554548439167	0.3539962
1.9388662131519274	277.15554548439167	0.37843442
1.9504761904761905	277.15554548439167	0.36445436
1.9620861678004535	277.15554548439167	0.29819775
1.9736961451247166	277.15554548439167	0.23587915
1.9853061224489796	277.15554548439167	0.16967353
1.9969160997732427	439.95700446074346	0.20070677
2.0085260770975055	439.95700446074346	0.25568184
2.020136054421769	439.95700446074346	0.31611678
2.0317460317460316	439.95700446074346	0.460997
2.043356009070295	439.95700446074346	0.6047392
2.0549659863945577	439.95700446074346	0.68646544
2.066575963718821	439.95700446074346	0.7139298
2.078185941043084	439.95700446074346	0.73489237
2.089795918367347	439.95700446074346	0.75002706
2.10140589569161	439.95700446074346	0.7566896
2.1130158730158732	439.95700446074346	0.7670157
2.124625850340136	439.95700446074346	0.7702997
2.136235827664399	439.95700446074346	0.76298577
2.147845804988662	445.06905860948774	0.78037477
2.159455782312925	445.06905860948774	0.8081272
2.1710657596371883	439.95700446074346	0.8115929
2.182675736961451	439.95700446074346	0.8117699
2.1942857142857144	439.95700446074346	0.7776083
2.2058956916099772	439.95700446074346	0.6905086
2.2175056689342405	439.95700446074346	0.5843678
2.2291156462585033	439.95700446074346	0.48883963
2.2407256235827666	439.95700446074346	0.42879584
2.2523356009070294	439.95700446074346	0.40997946
2.2639455782312927	439.95700446074346	0.44288862
2.2755555555555556	439.95700446074346	0.47026384
2.2871655328798184	439.95700446074346	0.4223254
2.2987755102040817	439.95700446074346	0.38584718
2.3103854875283445	439.95700446074346	0.35425603
2.3219954648526078	439.95700446074346	0.2938917
2.3336054421768706	439.95700446074346	0.21050383
2.345215419501134	445.06905860948774	0.115494706
2.3568253968253967	450.2405119662335	0.04761236
2.36843537414966	450.2405119662335	0.029528465
2.380045351473923	450.2405119662335	0.01571353
2.391655328798186	219.97850223037173	0.014488981
2.403265306122449	739.9165358336035	0.023724467
2.414875283446712	383.00481805937557	0.042522583
2.426485260770975	387.45511967816526	0.10585637
2.4380952380952383	387.45511967816526	0.21961999
2.449705215419501	387.45511967816526	0.2845863
2.461315192743764	387.45511967816526	0.29778114
2.4729251700680273	387.45511967816526	0.283294
2.48453514739229	387.45511967816526	0.25974393
2.4961451247165534	391.95713131094	0.21070552
2.507755102040816	739.9165358336035	0.14163174
2.5193650793650795	739.9165358336035	0.13023235
2.5309750566893423	369.95826791680173	0.15086968
2.5425850340136056	369.95826791680173	0.1789236
2.5541950113378684	369.95826791680173	0.20671651
2.5658049886621317	369.95826791680173	0.22663093
2.5774149659863945	369.95826791680173	0.2538967
2.589024943310658	369.95826791680173	0.30066198
2.6006349206349206	369.95826791680173	0.33456203
2.6122448979591835	369.95826791680173	0.36212477
2.6238548752834467	369.95826791680173	0.36902595
2.6354648526077096	369.95826791680173	0.38408634
2.647074829931973	369.95826791680173	0.43350035
2.6586848072562357	369.95826791680173	0.51489186
2.670294784580499	369.95826791680173	0.55483824
2.681904761904762	369.95826791680173	0.541687
2.693514739229025	369.95826791680173	0.5280147
2.705124716553288	369.95826791680173	0.5183492
2.716734693877551	369.95826791680173	0.45498067
2.728344671201814	369.95826791680173	0.3386017
2.7399546485260773	374.2569759250636	0.26531002
2.75156462585034	374.2569759250636	0.22283241
2.7631746031746034	369.95826791680173	0.2071482
2.7747845804988662	369.95826791680173	0.26431474
2.786394557823129	369.95826791680173	0.33437622
2.7980045351473923	369.95826791680173	0.38243583
2.809614512471655	369.95826791680173	0.37910596
2.8212244897959184	369.95826791680173	0.3296815
2.8328344671201813	374.2569759250636	0.25296235
2.8444444444444446	374.2569759250636	0.21206117
2.8560544217687074	374.2569759250636	0.16924325
2.8676643990929707	374.2569759250636	0.13511665
2.8792743764172335	374.2569759250636	0.11173783
2.8908843537414968	369.95826791680173	0.10757207
2.9024943310657596	369.95826791680173	0.11673663
2.914104308390023	369.95826791680173	0.12829706
2.9257142857142857	1497.0279037002545	0.14649807
2.9373242630385485	369.95826791680173	0.15916634
2.948934240362812	369.95826791680173	0.20022853
2.9605442176870747	369.95826791680173	0.24669652
2.972154195011338	369.95826791680173	0.26565164
2.9837641723356008	369.95826791680173	0.2313356
2.995374149659864	739.9165358336035	0.17254089
3.006984126984127	739.9165358336035	0.15446275
3.01859410430839	369.95826791680173	0.112581626
3.030204081632653	369.95826791680173	0.12708685
3.0418140589569163	369.95826791680173	0.1751826
3.053424036281179	369.95826791680173	0.25977513
3.0650340136054424	369.95826791680173	0.33519605
3.076643990929705	369.95826791680173	0.3547655
3.0882539682539685	369.95826791680173	0.33470768
3.0998639455782313	739.9165358336035	0.4744823
3.111473922902494	739.9165358336035	0.6262467
3.1230839002267574	739.9165358336035	0.691321
3.1346938775510202	739.9165358336035	0.7025092
3.1463038548752835	739.9165358336035	0.6738782
3.1579138321995464	748.5139518501272	0.6634755
3.1695238095238096	748.5139518501272	0.6600337
3.1811337868480725	748.5139518501272	0.6382317
3.1927437641723357	739.9165358336035	0.59615624
3.2043537414965986	739.9165358336035	0.39430928
3.215963718820862	369.95826791680173	0.2297296
3.2275736961451247	369.95826791680173	0.25734034
3.239183673469388	369.95826791680173	0.3168264
3.250793650793651	369.95826791680173	0.3791613
3.2624036281179136	1479.833071667207	0.42346177
3.274013605442177	1479.833071667207	0.48559844
3.2856235827664397	1497.0279037002545	0.5331301
3.297233560090703	1497.0279037002545	0.57037026
3.308843537414966	1497.0279037002545	0.58229935
3.320453514739229	1497.0279037002545	0.60002
3.332063492063492	1497.0279037002545	0.61664724
3.3436734693877552	1497.0279037002545	0.58123857
3.355283446712018	1497.0279037002545	0.49694484
3.3668934240362813	1497.0279037002545	0.41099212
3.378503401360544	1497.0279037002545	0.3378388
3.3901133786848074	1497.0279037002545	0.27539268
3.4017233560090703	1497.0279037002545	0.2008327
3.4133333333333336	739.9165358336035	0.19498718
3.4249433106575964	739.9165358336035	0.22827898
3.436553287981859	1497.0279037002545	0.3091281
3.4481632653061225	1497.0279037002545	0.40194538
3.4597732426303853	1497.0279037002545	0.48896596
3.4713832199546486	1497.0279037002545	0.5685003
3.4829931972789114	1497.0279037002545	0.62275034
3.4946031746031747	1497.0279037002545	0.634965
3.5062131519274375	1497.0279037002545	0.59433264
3.517823129251701	1497.0279037002545	0.5118639
3.5294331065759637	1497.0279037002545	0.40176895
3.541043083900227	1497.0279037002545	0.3071947
3.5526530612244898	374.2569759250636	0.2281076
3.564263038548753	1497.0279037002545	0.17862861
3.575873015873016	1497.0279037002545	0.15144582
3.5874829931972787	1497.0279037002545	0.122474894
3.599092970521542	739.9165358336035	0.09732321
3.610702947845805	739.9165358336035	0.1058862
3.622312925170068	739.9165358336035	0.121969365
3.633922902494331	739.9165358336035	0.13997483
3.645532879818594	739.9165358336035	0.15218346
3.657142857142857	739.9165358336035	0.15601076
3.6687528344671203	739.9165358336035	0.14673522
3.680362811791383	1333.7002404268756	0.15877952
3.6919727891156464	1333.7002404268756	0.23568477
3.7035827664399092	1333.7002404268756	0.30177093
3.7151927437641725	1333.7002404268756	0.33484602
3.7268027210884354	1333.7002404268756	0.32774213
3.7384126984126986	1333.7002404268756	0.3061239
3.7500226757369615	1333.7002404268756	0.28272477
3.7616326530612243	1333.7002404268756	0.24312587
3.7732426303854876	1333.7002404268756	0.21457498
3.7848526077097504	1333.7002404268756	0.20087151
3.7964625850340137	1333.7002404268756	0.17232533
3.8080725623582765	329.59534665249885	0.20520145
3.81968253968254	329.59534665249885	0.22865786
3.8312925170068026	329.59534665249885	0.24904205
3.842902494331066	329.59534665249885	0.273752
3.8545124716553287	325.80962120906815	0.2861504
3.866122448979592	325.80962120906815	0.28233525
3.877732426303855	329.59534665249885	0.21899694
3.889342403628118	329.59534665249885	0.15926199
3.900952380952381	439.95700446074346	0.13838626
3.912562358276644	439.95700446074346	0.22672144
3.924172335600907	439.95700446074346	0.31356242
3.93578231292517	439.95700446074346	0.38057297
3.947392290249433	439.95700446074346	0.45585334
3.959002267573696	439.95700446074346	0.5031876
3.9706122448979593	439.95700446074346	0.5280712
3.982222222222222	439.95700446074346	0.5148082
3.9938321995464854	439.95700446074346	0.5038245
4.005442176870749	439.95700446074346	0.49844262
4.017052154195011	439.95700446074346	0.50019103
4.028662131519274	439.95700446074346	0.5111131
4.040272108843538	439.95700446074346	0.53126216
4.051882086167801	439.95700446074346	0.5457038
4.063492063492063	439.95700446074346	0.51661366
4.0751020408163265	439.95700446074346	0.46528912
4.08671201814059	439.95700446074346	0.42565364
4.098321995464852	439.95700446074346	0.39900503
4.1099319727891155	439.95700446074346	0.3826433
4.121541950113379	439.95700446074346	0.36385536
4.133151927437642	439.95700446074346	0.32946128
4.144761904761904	439.95700446074346	0.28585488
4.156371882086168	439.95700446074346	0.28129664
4.167981859410431	439.95700446074346	0.30835474
4.179591836734694	445.06905860948774	0.3250236
4.191201814058957	439.95700446074346	0.28076804
4.20281179138322	439.95700446074346	0.2679084
4.214421768707483	439.95700446074346	0.22654025
4.2260317460317465	217.4518336309533	0.18458574
4.237641723356009	217.4518336309533	0.16409789
4.249251700680272	182.85446739061575	0.17159033
4.260861678004535	182.85446739061575	0.38393086
4.272471655328798	184.97913395840087	0.62250346
4.284081632653061	184.97913395840087	0.72385997
4.295691609977324	184.97913395840087	0.7372921
4.307301587301588	184.97913395840087	0.7488269
4.31891156462585	184.97913395840087	0.73045576
4.330521541950113	184.97913395840087	0.6424205
4.342131519274377	184.97913395840087	0.53082895
4.35374149659864	184.97913395840087	0.44043696
4.365351473922902	184.97913395840087	0.38001838
4.3769614512471655	184.97913395840087	0.3626051
4.388571428571429	184.97913395840087	0.36454558
4.400181405895691	187.1284879625318	0.35759887
4.4117913832199545	187.1284879625318	0.42229334
4.423401360544218	187.1284879625318	0.45216167
4.435011337868481	184.97913395840087	0.527469
4.446621315192743	184.97913395840087	0.5835582
4.458231292517007	184.97913395840087	0.6406638
4.46984126984127	184.97913395840087	0.67907953
4.481451247165533	184.97913395840087	0.61579925
4.493061224489796	184.97913395840087	0.49585763
4.504671201814059	184.97913395840087	0.42238897
4.516281179138322	184.97913395840087	0.4086514
4.527891156462585	184.97913395840087	0.3638337
4.539501133786848	184.97913395840087	0.26391056
4.551111111111111	184.97913395840087	0.17681219
4.562721088435374	439.95700446074346	0.18705723
4.574331065759637	439.95700446074346	0.22203402
4.5859410430839	439.95700446074346	0.22580303
4.597551020408163	439.95700446074346	0.19792183
4.609160997732427	439.95700446074346	0.17468113
4.620770975056689	890.1381172189755	0.20326717
4.632380952380952	890.1381172189755	0.32187808
4.6439909297052155	890.1381172189755	0.3666987
4.655600907029479	890.1381172189755	0.34854707
4.667210884353741	890.1381172189755	0.3030383
4.6788208616780045	890.1381172189755	0.27309993
4.690430839002268	890.1381172189755	0.22846921
4.702040816326531	879.9140089214869	0.21134236
4.713650793650793	439.95700446074346	0.24851348
4.725260770975057	439.95700446074346	0.27674395
4.73687074829932	879.9140089214869	0.27219978
4.748480725623582	879.9140089214869	0.2690774
4.760090702947846	879.9140089214869	0.22944584
4.771700680272109	879.9140089214869	0.17464374
4.783310657596372	439.95700446074346	0.1713732
4.794920634920635	439.95700446074346	0.2948159
4.806530612244898	439.95700446074346	0.5302401
4.818140589569161	439.95700446074346	0.63888425
4.829750566893424	439.95700446074346	0.6738257
4.841360544217687	439.95700446074346	0.734385
4.85297052154195	439.95700446074346	0.7945801
4.864580498866213	439.95700446074346	0.7890934
4.876190476190477	439.95700446074346	0.7250534
4.887800453514739	439.95700446074346	0.6145648
4.899410430839002	439.95700446074346	0.48358545
4.911020408163266	445.06905860948774	0.32181904
4.922630385487528	219.97850223037173	0.46827453
4.934240362811791	217.4518336309533	0.5741932
4.9458503401360545	217.4518336309533	0.59423643
4.957460317460318	217.4518336309533	0.5281361
4.96907029478458	217.4518336309533	0.402024
4.9806802721088435	217.4518336309533	0.31328365
4.992290249433107	217.4518336309533	0.34082422
5.00390022675737	217.4518336309533	0.43459296
5.015510204081632	217.4518336309533	0.5037035
5.027120181405896	217.4518336309533	0.5216656
5.038730158730159	217.4518336309533	0.49116224
5.050340136054421	217.4518336309533	0.41651782
5.061950113378685	439.95700446074346	0.34730232
5.073560090702948	439.95700446074346	0.42048302
5.085170068027211	439.95700446074346	0.3917864
5.0967800453514736	439.95700446074346	0.19646685
5.108390022675737	178.67806558347496	0.14832114
5.12	180.75420469978513	0.30768806
5.131609977324263	182.85446739061575	0.42359915
5.143219954648526	182.85446739061575	0.49085775
5.154829931972789	182.85446739061575	0.35836783
5.166439909297052	184.97913395840087	0.23857662
5.178049886621316	554.3110909687832	0.21717577
5.189659863945578	184.97913395840087	0.22365394
5.201269841269841	182.85446739061575	0.19826038
5.2128798185941045	184.97913395840087	0.14169915
5.224489795918367	184.97913395840087	0.12141805
5.23609977324263	184.97913395840087	0.1358011
5.2477097505668935	184.97913395840087	0.15602069
5.259319727891157	184.97913395840087	0.16674027
5.270929705215419	184.97913395840087	0.17180124
5.282539682539682	184.97913395840087	0.20451604
5.294149659863946	184.97913395840087	0.26325002
5.305759637188209	184.97913395840087	0.3076352
5.317369614512471	184.97913395840087	0.30523798
5.328979591836735	369.95826791680173	0.3723432
5.340589569160998	369.95826791680173	0.4885757
5.352199546485261	369.95826791680173	0.5508446
5.363809523809524	369.95826791680173	0.5484426
5.375419501133787	369.95826791680173	0.52083665
5.38702947845805	369.95826791680173	0.46902812
5.3986394557823125	369.95826791680173	0.4004744
5.410249433106576	439.95700446074346	0.35327405
5.421859410430839	439.95700446074346	0.43595016
5.433469387755102	439.95700446074346	0.43377814
5.445079365079365	439.95700446074346	0.3592516
5.456689342403628	369.95826791680173	0.31906018
5.468299319727891	369.95826791680173	0.38939193
5.479909297052155	369.95826791680173	0.4184593
5.491519274376417	369.95826791680173	0.38638195
5.50312925170068	369.95826791680173	0.33550346
5.5147392290249435	369.95826791680173	0.31838468
5.526349206349207	369.95826791680173	0.32665104
5.537959183673469	369.95826791680173	0.33828518
5.5495691609977325	369.95826791680173	0.3365509
5.561179138321996	369.95826791680173	0.32933256
5.572789115646258	369.95826791680173	0.32074186
5.584399092970521	369.95826791680173	0.30227253
5.596009070294785	369.95826791680173	0.28681502
5.607619047619048	439.95700446074346	0.31563118
5.61922902494331	439.95700446074346	0.3252697
5.630839002267574	439.95700446074346	0.31416345
5.642448979591837	439.95700446074346	0.31230175
5.6540589569161	439.95700446074346	0.31440315
5.6656689342403626	439.95700446074346	0.32774043
5.677278911564626	439.95700446074346	0.38397092
5.688888888888889	439.95700446074346	0.5103487
5.7004988662131515	439.95700446074346	0.63708436
5.712108843537415	445.06905860948774	0.68032575
5.723718820861678	445.06905860948774	0.7568644
5.735328798185941	445.06905860948774	0.8096101
5.746938775510204	445.06905860948774	0.8206462
5.758548752834467	439.95700446074346	0.81616616
5.77015873015873	439.95700446074346	0.79798895
5.7817687074829935	439.95700446074346	0.73389775
5.793378684807256	439.95700446074346	0.64313996
5.804988662131519	439.95700446074346	0.59353405
5.8165986394557825	439.95700446074346	0.6032686
5.828208616780046	439.95700446074346	0.61132824
5.839818594104308	439.95700446074346	0.65700537
5.851428571428571	439.95700446074346	0.745649
5.863038548752835	439.95700446074346	0.7928277
5.874648526077097	439.95700446074346	0.7676922
5.88625850340136	439.95700446074346	0.70229554
5.897868480725624	439.95700446074346	0.65612954
5.909478458049887	439.95700446074346	0.6345814
5.921088435374149	439.95700446074346	0.5962893
5.932698412698413	439.95700446074346	0.49245647
5.944308390022676	439.95700446074346	0.38847476
5.955918367346939	439.95700446074346	0.33407342
5.9675283446712015	439.95700446074346	0.3054404
5.979138321995465	445.06905860948774	0.3054076
5.990748299319728	445.06905860948774	0.3732776
6.002358276643991	445.06905860948774	0.37855497
6.013968253968254	445.06905860948774	0.334481
6.025578231292517	445.06905860948774	0.28823683
6.03718820861678	439.95700446074346	0.25964898
6.048798185941043	439.95700446074346	0.2272069
6.060408163265306	439.95700446074346	0.18100014
6.072018140589569	659.1906933049976	0.3189673
6.0836281179138325	659.1906933049976	0.4648551
6.095238095238095	659.1906933049976	0.555278
6.106848072562358	659.1906933049976	0.5636166
6.1184580498866215	659.1906933049976	0.51995295
6.130068027210885	659.1906933049976	0.47140518
6.141678004535147	659.1906933049976	0.44691533
6.15328798185941	659.1906933049976	0.44216937
6.164897959183674	659.1906933049976	0.37567696
6.176507936507937	659.1906933049976	0.29472792
6.188117913832199	659.1906933049976	0.22892497
6.199727891156463	659.1906933049976	0.20241807
6.211337868480726	659.1906933049976	0.2071678
6.222947845804988	659.1906933049976	0.2118777
6.2345578231292516	659.1906933049976	0.2062401
6.246167800453515	659.1906933049976	0.1808147
6.257777777777778	666.8501202134378	0.18114936
6.2693877551020405	666.8501202134378	0.15640615
6.280997732426304	329.59534665249885	0.11220339
6.292607709750567	1333.7002404268756	0.12533933
6.30421768707483	1333.7002404268756	0.15267158
6.315827664399093	1333.7002404268756	0.17815343
6.327437641723356	1333.7002404268756	0.19994447
6.339047619047619	1333.7002404268756	0.22036926
6.350657596371882	1333.7002404268756	0.22733474
6.362267573696145	329.59534665249885	0.2200353
6.373877551020408	329.59534665249885	0.26376075
6.3854875283446715	329.59534665249885	0.29718903
6.397097505668934	329.59534665249885	0.29157898
6.408707482993197	329.59534665249885	0.28881264
6.42031746031746	329.59534665249885	0.32132247
6.431927437641724	329.59534665249885	0.39158437
6.443537414965986	329.59534665249885	0.4763211
6.455147392290249	329.59534665249885	0.5204073
6.466757369614513	329.59534665249885	0.56662565
6.478367346938776	329.59534665249885	0.63487005
6.489977324263038	329.59534665249885	0.6965598
6.501587301587302	329.59534665249885	0.74484724
6.513197278911565	325.80962120906815	0.7706334
6.524807256235827	325.80962120906815	0.78571653
6.5364172335600905	325.80962120906815	0.7539531
6.548027210884354	329.59534665249885	0.7255333
6.559637188208617	329.59534665249885	0.7090988
6.5712471655328795	329.59534665249885	0.7059551
6.582857142857143	329.59534665249885	0.68100697
6.594467120181406	329.59534665249885	0.62711835
6.606077097505669	329.59534665249885	0.56412345
6.617687074829932	329.59534665249885	0.50657696
6.629297052154195	329.59534665249885	0.4523051
6.640907029478458	329.59534665249885	0.38725537
6.6525170068027215	329.59534665249885	0.32073244
6.664126984126984	325.80962120906815	0.34857437
6.675736961451247	325.80962120906815	0.35348004
6.6873469387755105	325.80962120906815	0.2974321
6.698956916099773	329.59534665249885	0.23230529
6.710566893424036	329.59534665249885	0.21633564
6.722176870748299	329.59534665249885	0.22565892
6.733786848072563	1318.3813866099952	0.25190893
6.745396825396825	1318.3813866099952	0.33083826
6.757006802721088	1318.3813866099952	0.39459434
6.768616780045352	1333.7002404268756	0.46878985
6.780226757369615	1333.7002404268756	0.5233151
6.791836734693877	1333.7002404268756	0.5110037
6.8034467120181406	329.59534665249885	0.47300598
6.815056689342404	325.80962120906815	0.49426645
6.826666666666667	325.80962120906815	0.46470565
6.8382766439909295	329.59534665249885	0.39554247
6.849886621315193	1333.7002404268756	0.36904147
6.861496598639456	1333.7002404268756	0.3642579
6.873106575963718	1333.7002404268756	0.377658
6.884716553287982	1333.7002404268756	0.41293794
6.896326530612245	1333.7002404268756	0.47024947
6.907936507936508	1333.7002404268756	0.5374488
6.919546485260771	1333.7002404268756	0.5947845
6.931156462585034	1333.7002404268756	0.6551763
6.942766439909297	1333.7002404268756	0.723375
6.9543764172335605	1333.7002404268756	0.79158825
6.965986394557823	1333.7002404268756	0.8497893
6.977596371882086	1333.7002404268756	0.884389
6.989206349206349	1333.7002404268756	0.90510476
7.000816326530612	1333.7002404268756	0.9180486
7.012426303854875	1333.7002404268756	0.9169666
7.024036281179138	1333.7002404268756	0.8995704
7.035646258503402	1333.7002404268756	0.87337464
7.047256235827664	1333.7002404268756	0.84964603
7.058866213151927	1333.7002404268756	0.8197672
7.070476190476191	1333.7002404268756	0.7833665
7.082086167800454	1333.7002404268756	0.7343388
7.093696145124716	1333.7002404268756	0.6557786
7.1053061224489795	1333.7002404268756	0.5577222
7.116916099773243	1333.7002404268756	0.46346822
7.128526077097506	666.8501202134378	0.40194234
7.1401360544217685	659.1906933049976	0.35420874
7.151746031746032	659.1906933049976	0.2917026
7.163356009070295	1333.7002404268756	0.26502928
7.174965986394557	1333.7002404268756	0.31198013
7.186575963718821	1333.7002404268756	0.35956365
7.198185941043084	1333.7002404268756	0.39165217
7.209795918367347	1333.7002404268756	0.40247586
7.22140589569161	1318.3813866099952	0.39365283
7.233015873015873	1318.3813866099952	0.35771608
7.244625850340136	1318.3813866099952	0.28364915
7.2562358276643995	1318.3813866099952	0.18033902
7.267845804988662	1333.7002404268756	0.10453051
7.279455782312925	329.59534665249885	0.0560254
7.291065759637188	666.8501202134378	0.04786118
7.302675736961452	666.8501202134378	0.0537778
7.314285714285714	594.0959172898832	0.13161479
7.325895691609977	594.0959172898832	0.21044125
7.337505668934241	1188.1918345797665	0.28277504
7.349115646258503	1188.1918345797665	0.40589505
7.360725623582766	1188.1918345797665	0.491401
7.3723356009070296	1188.1918345797665	0.5183425
7.383945578231293	1188.1918345797665	0.4969565
7.395555555555555	1188.1918345797665	0.47316682
7.4071655328798185	1188.1918345797665	0.47755152
7.418775510204082	1188.1918345797665	0.4688841
7.430385487528345	1188.1918345797665	0.40944022
7.441995464852607	1174.5442873509282	0.32535616
7.453605442176871	293.63607183773195	0.253189
7.465215419501134	594.0959172898832	0.24595243
7.476825396825397	594.0959172898832	0.25724602
7.48843537414966	594.0959172898832	0.2815412
7.500045351473923	1174.5442873509282	0.3325754
7.511655328798186	1174.5442873509282	0.41744968
7.523265306122449	1174.5442873509282	0.4586263
7.534875283446712	1174.5442873509282	0.4329462
7.546485260770975	594.0959172898832	0.42042884
7.558095238095238	587.2721436754641	0.38254732
7.569705215419501	587.2721436754641	0.37485427
7.581315192743764	587.2721436754641	0.36970136
7.592925170068027	587.2721436754641	0.3321748
7.604535147392291	587.2721436754641	0.3144254
7.616145124716553	594.0959172898832	0.38112316
7.627755102040816	594.0959172898832	0.3659527
7.63936507936508	594.0959172898832	0.3339181
7.650975056689342	587.2721436754641	0.31362838
7.662585034013605	594.0959172898832	0.2601308
7.6741950113378685	594.0959172898832	0.2241676
7.685804988662132	594.0959172898832	0.20078973
7.697414965986394	587.2721436754641	0.20359465
7.7090249433106575	587.2721436754641	0.249109
7.720634920634921	587.2721436754641	0.2867013
7.732244897959184	587.2721436754641	0.31001064
7.743854875283446	587.2721436754641	0.30100122
7.75546485260771	587.2721436754641	0.21721354
7.767074829931973	594.0959172898832	0.14310619
7.778684807256236	594.0959172898832	0.095872074
7.790294784580499	554.3110909687832	0.081632294
7.801904761904762	439.95700446074346	0.0610012
7.813514739229025	439.95700446074346	0.07459717
7.825124716553288	439.95700446074346	0.10116248
7.836734693877551	439.95700446074346	0.151986
7.848344671201814	439.95700446074346	0.20903936
7.859954648526077	439.95700446074346	0.21806912
7.87156462585034	439.95700446074346	0.19994779
7.883174603174603	445.06905860948774	0.22395305
7.894784580498866	439.95700446074346	0.32998252
7.90639455782313	439.95700446074346	0.4688613
7.918004535147392	439.95700446074346	0.4709213
7.929614512471655	439.95700446074346	0.38118538
7.9412244897959186	439.95700446074346	0.33350056
7.952834467120182	439.95700446074346	0.3503111
7.964444444444444	439.95700446074346	0.39484116
7.9760544217687075	439.95700446074346	0.40171003
7.987664399092971	439.95700446074346	0.2931143
7.999274376417233	193.72755983908263	0.24532765
8.010884353741497	193.72755983908263	0.31205735
8.02249433106576	391.95713131094	0.24744093
8.034104308390022	391.95713131094	0.33522478
8.045714285714286	391.95713131094	0.4173083
8.057324263038549	391.95713131094	0.451563
8.068934240362811	391.95713131094	0.4761437
8.080544217687075	391.95713131094	0.5416405
8.092154195011338	391.95713131094	0.6256896
8.103764172335602	391.95713131094	0.6718997
8.115374149659864	391.95713131094	0.7028228
8.126984126984127	391.95713131094	0.71643406
8.13859410430839	391.95713131094	0.73214626
8.150204081632653	391.95713131094	0.74473304
8.161814058956915	391.95713131094	0.7159943
8.17342403628118	391.95713131094	0.5883979
8.185034013605442	391.95713131094	0.4865592
8.196643990929704	391.95713131094	0.47711885
8.208253968253969	391.95713131094	0.45104194
8.219863945578231	391.95713131094	0.469612
8.231473922902495	391.95713131094	0.5106007
8.243083900226758	391.95713131094	0.5089522
8.25469387755102	391.95713131094	0.44405004
8.266303854875284	391.95713131094	0.3479555
8.277913832199546	439.95700446074346	0.2755866
8.289523809523809	439.95700446074346	0.26604658
8.301133786848073	439.95700446074346	0.25315192
8.312743764172335	439.95700446074346	0.21955799
8.324353741496598	439.95700446074346	0.17801417
8.335963718820862	277.15554548439167	0.18604092
8.347573696145124	277.15554548439167	0.19265224
8.359183673469389	879.9140089214869	0.22430535
8.370793650793651	879.9140089214869	0.2871904
8.382403628117913	879.9140089214869	0.30606627
8.394013605442177	879.9140089214869	0.27136317
8.40562358276644	879.9140089214869	0.20311718
8.417233560090702	439.95700446074346	0.19914542
8.428843537414966	439.95700446074346	0.28011498
8.440453514739229	439.95700446074346	0.35387182
8.452063492063493	439.95700446074346	0.41887036
8.463673469387755	445.06905860948774	0.49156997
8.475283446712018	445.06905860948774	0.5893382
8.486893424036282	445.06905860948774	0.68698794
8.498503401360544	439.95700446074346	0.7980018
8.510113378684807	439.95700446074346	0.8929954
8.52172335600907	439.95700446074346	0.9226532
8.533333333333333	439.95700446074346	0.91997
8.544943310657596	445.06905860948774	0.91501135
8.55655328798186	439.95700446074346	0.91587317
8.568163265306122	439.95700446074346	0.9281245
8.579773242630386	439.95700446074346	0.9325986
8.591383219954649	439.95700446074346	0.91743505
8.602993197278911	439.95700446074346	0.8905435
8.614603174603175	445.06905860948774	0.8593388
8.626213151927438	445.06905860948774	0.8609472
8.6378231292517	445.06905860948774	0.8456785
8.649433106575964	439.95700446074346	0.79742366
8.661043083900227	439.95700446074346	0.73944175
8.672653061224489	439.95700446074346	0.6618736
8.684263038548753	439.95700446074346	0.6087939
8.695873015873016	439.95700446074346	0.5521672
8.70748299319728	439.95700446074346	0.49522662
8.719092970521542	439.95700446074346	0.46373022
8.730702947845804	439.95700446074346	0.45569625
8.742312925170069	439.95700446074346	0.4766999
8.753922902494331	439.95700446074346	0.50156385
8.765532879818593	439.95700446074346	0.4764666
8.777142857142858	439.95700446074346	0.4124039
8.78875283446712	439.95700446074346	0.33818194
8.800362811791382	439.95700446074346	0.28519487
8.811972789115647	439.95700446074346	0.23833182
8.823582766439909	439.95700446074346	0.19509096
8.835192743764173	219.97850223037173	0.16229835
8.846802721088435	219.97850223037173	0.1074619
8.858412698412698	391.95713131094	0.107588306
8.870022675736962	391.95713131094	0.17009066
8.881632653061224	391.95713131094	0.21530265
8.893242630385487	391.95713131094	0.19053374
8.904852607709751	195.97856565547	0.19124943
8.916462585034013	195.97856565547	0.29542813
8.928072562358278	195.97856565547	0.33017972
8.93968253968254	198.2557268995601	0.289369
8.951292517006802	587.2721436754641	0.26091835
8.962902494331066	587.2721436754641	0.24881811
8.974512471655329	587.2721436754641	0.22157858
8.986122448979591	587.2721436754641	0.20359343
8.997732426303855	587.2721436754641	0.17283669
9.009342403628118	195.97856565547	0.1896251
9.02095238095238	195.97856565547	0.35829753
9.032562358276644	195.97856565547	0.43153718
9.044172335600907	198.2557268995601	0.3783133
9.05578231292517	198.2557268995601	0.27518466
9.067392290249433	387.45511967816526	0.21937677
9.079002267573696	439.95700446074346	0.24676116
9.09061224489796	439.95700446074346	0.27991736
9.102222222222222	445.06905860948774	0.29332277
9.113832199546485	445.06905860948774	0.31913665
9.125442176870749	445.06905860948774	0.31850612
9.137052154195011	445.06905860948774	0.2899904
9.148662131519274	198.2557268995601	0.22957274
9.160272108843538	195.97856565547	0.24533345
9.1718820861678	195.97856565547	0.27930897
9.183492063492064	195.97856565547	0.25931245
9.195102040816327	195.97856565547	0.22063625
9.206712018140589	195.97856565547	0.20002821
9.218321995464853	198.2557268995601	0.22162713
9.229931972789116	198.2557268995601	0.25094706
9.241541950113378	198.2557268995601	0.27249682
9.253151927437642	198.2557268995601	0.28984094
9.264761904761905	198.2557268995601	0.3187241
9.276371882086167	198.2557268995601	0.28325185
9.287981859410431	195.97856565547	0.22947422
9.299591836734693	195.97856565547	0.16317791
9.311201814058958	277.15554548439167	0.11272423
9.32281179138322	439.95700446074346	0.11853896
9.334421768707482	277.15554548439167	0.12782328
9.346031746031747	277.15554548439167	0.16152833
9.357641723356009	277.15554548439167	0.180601
9.369251700680271	439.95700446074346	0.22008727
9.380861678004536	439.95700446074346	0.3012298
9.392471655328798	439.95700446074346	0.37773305
9.404081632653062	439.95700446074346	0.44983464
9.415691609977324	439.95700446074346	0.48412544
9.427301587301587	439.95700446074346	0.49462825
9.438911564625851	439.95700446074346	0.5232857
9.450521541950113	439.95700446074346	0.5523821
9.462131519274376	434.9036672619066	0.5981358
9.47374149659864	439.95700446074346	0.62475425
9.485351473922902	439.95700446074346	0.63967746
9.496961451247165	439.95700446074346	0.630664
9.508571428571429	439.95700446074346	0.6097231
9.520181405895691	439.95700446074346	0.5487406
9.531791383219955	439.95700446074346	0.49989364
9.543401360544218	439.95700446074346	0.5250018
9.55501133786848	439.95700446074346	0.5851164
9.566621315192744	439.95700446074346	0.65967894
9.578231292517007	439.95700446074346	0.70538807
9.58984126984127	439.95700446074346	0.73409915
9.601451247165533	439.95700446074346	0.77410835
9.613061224489796	439.95700446074346	0.81749094
9.624671201814058	439.95700446074346	0.85572296
9.636281179138322	439.95700446074346	0.8867833
9.647891156462585	439.95700446074346	0.9090171
9.659501133786849	439.95700446074346	0.91689014
9.671111111111111	439.95700446074346	0.90824646
9.682721088435374	439.95700446074346	0.887314
9.694331065759638	439.95700446074346	0.86042255
9.7059410430839	439.95700446074346	0.8275646
9.717551020408163	439.95700446074346	0.78398526
9.729160997732427	439.95700446074346	0.68925285
9.740770975056689	439.95700446074346	0.4682168
9.752380952380953	439.95700446074346	0.22724831
9.763990929705216	445.06905860948774	0.07118009
9.775600907029478	739.9165358336035	0.12034184
9.787210884353742	739.9165358336035	0.2746355
9.798820861678005	739.9165358336035	0.36252213
9.810430839002267	739.9165358336035	0.37319985
9.822040816326531	739.9165358336035	0.37013403
9.833650793650794	739.9165358336035	0.32387474
9.845260770975056	739.9165358336035	0.2784632
9.85687074829932	739.9165358336035	0.27995315
9.868480725623582	739.9165358336035	0.31322217
9.880090702947847	739.9165358336035	0.363835
9.891700680272109	739.9165358336035	0.4544727
9.903310657596371	739.9165358336035	0.5333596
9.914920634920636	739.9165358336035	0.52276343
9.926530612244898	739.9165358336035	0.47731704
9.93814058956916	739.9165358336035	0.44820675
9.949750566893425	739.9165358336035	0.40572423
9.961360544217687	739.9165358336035	0.38372982
9.97297052154195	739.9165358336035	0.38611877
9.984580498866213	739.9165358336035	0.4020898
9.996190476190476	739.9165358336035	0.41938218
10.00780045351474	739.9165358336035	0.4391365
10.019410430839002	739.9165358336035	0.4716646
10.031020408163265	739.9165358336035	0.50959706
10.042630385487529	739.9165358336035	0.5410836
10.054240362811791	739.9165358336035	0.5620403
10.065850340136054	739.9165358336035	0.58524317
10.077460317460318	739.9165358336035	0.6092972
10.08907029478458	739.9165358336035	0.60839
10.100680272108843	739.9165358336035	0.5340393
10.112290249433107	739.9165358336035	0.44299603
10.12390022675737	739.9165358336035	0.34127685
10.135510204081633	748.5139518501272	0.2565243
10.147120181405896	739.9165358336035	0.2000855
10.158730158730158	739.9165358336035	0.16341609
10.170340136054422	739.9165358336035	0.14646153
10.181950113378685	369.95826791680173	0.15554391
10.193560090702947	369.95826791680173	0.18758966
10.205170068027211	369.95826791680173	0.2217996
10.216780045351474	369.95826791680173	0.24916767
10.228390022675738	369.95826791680173	0.25065205
10.24	739.9165358336035	0.2717512
10.251609977324263	739.9165358336035	0.29033014
10.263219954648527	739.9165358336035	0.3093834
10.27482993197279	739.9165358336035	0.32145497
10.286439909297052	739.9165358336035	0.31441075
10.298049886621316	739.9165358336035	0.31467777
10.309659863945578	739.9165358336035	0.31722423
10.32126984126984	748.5139518501272	0.31108117
10.332879818594105	748.5139518501272	0.31376746
10.344489795918367	748.5139518501272	0.32815072
10.356099773242631	739.9165358336035	0.3741413
10.367709750566894	739.9165358336035	0.46445012
10.379319727891156	739.9165358336035	0.5191865
10.39092970521542	739.9165358336035	0.5375024
10.402539682539683	739.9165358336035	0.52385396
10.414149659863945	739.9165358336035	0.5071599
10.425759637188209	739.9165358336035	0.511257
10.437369614512471	739.9165358336035	0.5563274
10.448979591836734	739.9165358336035	0.6103755
10.460589569160998	739.9165358336035	0.61043584
10.47219954648526	739.9165358336035	0.5797427
10.483809523809525	739.9165358336035	0.5492444
10.495419501133787	739.9165358336035	0.5402221
10.50702947845805	739.9165358336035	0.53928506
10.518639455782314	739.9165358336035	0.5420849
10.530249433106576	739.9165358336035	0.5434668
10.541859410430838	739.9165358336035	0.559602
10.553469387755102	739.9165358336035	0.5906255
10.565079365079365	739.9165358336035	0.64440274
10.576689342403627	739.9165358336035	0.71114933
10.588299319727891	739.9165358336035	0.7638316
10.599909297052154	739.9165358336035	0.79269075
10.611519274376418	739.9165358336035	0.8023573
10.62312925170068	739.9165358336035	0.803985
10.634739229024943	739.9165358336035	0.8061391
10.646349206349207	739.9165358336035	0.80301607
10.65795918367347	739.9165358336035	0.7867221
10.669569160997732	739.9165358336035	0.75670695
10.681179138321996	739.9165358336035	0.7241867
10.692789115646258	739.9165358336035	0.69600874
10.704399092970522	739.9165358336035	0.65710783
10.716009070294785	739.9165358336035	0.5961847
10.727619047619047	739.9165358336035	0.52857083
10.739229024943311	739.9165358336035	0.4953241
10.750839002267574	739.9165358336035	0.49113223
10.762448979591836	739.9165358336035	0.4530352
10.7740589569161	739.9165358336035	0.34780255
10.785668934240363	374.2569759250636	0.28311127
10.797278911564625	374.2569759250636	0.31386083
10.80888888888889	374.2569759250636	0.28465444
10.820498866213152	374.2569759250636	0.23902322
10.832108843537416	369.95826791680173	0.21376102
10.843718820861678	739.9165358336035	0.23308982
10.85532879818594	739.9165358336035	0.31722826
10.866938775510205	739.9165358336035	0.38805225
10.878548752834467	739.9165358336035	0.45156288
10.89015873015873	739.9165358336035	0.47719365
10.901768707482994	739.9165358336035	0.45935324
10.913378684807256	739.9165358336035	0.41263136
10.924988662131518	739.9165358336035	0.35756692
10.936598639455783	369.95826791680173	0.3161996
10.948208616780045	369.95826791680173	0.27838162
10.95981859410431	739.9165358336035	0.2365691
10.971428571428572	739.9165358336035	0.2099429
10.983038548752834	374.2569759250636	0.25790194
10.994648526077098	369.95826791680173	0.30653554
11.00625850340136	374.2569759250636	0.32317117
11.017868480725623	374.2569759250636	0.32947215
11.029478458049887	374.2569759250636	0.30513954
11.04108843537415	374.2569759250636	0.2576044
11.052698412698414	374.2569759250636	0.2105751
11.064308390022676	369.95826791680173	0.17678595
11.075918367346938	369.95826791680173	0.1694455
11.087528344671203	374.2569759250636	0.17137107
11.099138321995465	374.2569759250636	0.18684542
11.110748299319727	374.2569759250636	0.18596658
11.122358276643991	329.59534665249885	0.15850638
11.133968253968254	329.59534665249885	0.18463996
11.145578231292516	329.59534665249885	0.15765737
11.15718820861678	329.59534665249885	0.13474427
11.168798185941043	329.59534665249885	0.14758833
11.180408163265307	329.59534665249885	0.16686518
11.19201814058957	1318.3813866099952	0.1435242
11.203628117913832	1318.3813866099952	0.15037851
11.215238095238096	329.59534665249885	0.18080808
11.226848072562358	329.59534665249885	0.21631296
11.23845804988662	329.59534665249885	0.21711814
11.250068027210885	329.59534665249885	0.19975017
11.261678004535147	329.59534665249885	0.19154742
11.27328798185941	329.59534665249885	0.20856924
11.284897959183674	329.59534665249885	0.24778879
11.296507936507936	333.425060106719	0.28796795
11.3081179138322	333.425060106719	0.34809113
11.319727891156463	333.425060106719	0.31483945
11.331337868480725	434.9036672619066	0.25777748
11.34294784580499	434.9036672619066	0.3618701
11.354557823129252	434.9036672619066	0.44406372
11.366167800453514	439.95700446074346	0.4427665
11.377777777777778	439.95700446074346	0.37038684
11.38938775510204	439.95700446074346	0.3151406
11.400997732426303	439.95700446074346	0.2631475
11.412607709750567	439.95700446074346	0.19208117
11.42421768707483	439.95700446074346	0.14501424
11.435827664399094	439.95700446074346	0.10389317
11.447437641723356	439.95700446074346	0.092433855
11.459047619047618	439.95700446074346	0.10239945
11.470657596371883	439.95700446074346	0.11145874
11.482267573696145	439.95700446074346	0.11982704
11.493877551020407	439.95700446074346	0.14647327
11.505487528344672	439.95700446074346	0.19879398
11.517097505668934	439.95700446074346	0.26711687
11.528707482993198	439.95700446074346	0.2918794
11.54031746031746	219.97850223037173	0.28573897
11.551927437641723	219.97850223037173	0.2907435
11.563537414965987	439.95700446074346	0.26167995
11.57514739229025	439.95700446074346	0.25850672
11.586757369614512	439.95700446074346	0.21433698
11.598367346938776	219.97850223037173	0.17288698
11.609977324263038	439.95700446074346	0.17167269
11.6215873015873	439.95700446074346	0.19538951
11.633197278911565	439.95700446074346	0.2078295
11.644807256235827	439.95700446074346	0.20664121
11.656417233560092	594.0959172898832	0.23234248
11.668027210884354	594.0959172898832	0.31318152
11.679637188208616	594.0959172898832	0.32510668
11.69124716553288	587.2721436754641	0.35257435
11.702857142857143	587.2721436754641	0.38584784
11.714467120181405	587.2721436754641	0.4361232
11.72607709750567	587.2721436754641	0.5200746
11.737687074829932	587.2721436754641	0.61763227
11.749297052154194	587.2721436754641	0.6870379
11.760907029478458	587.2721436754641	0.70887095
11.77251700680272	587.2721436754641	0.6924409
11.784126984126985	587.2721436754641	0.6779618
11.795736961451247	587.2721436754641	0.6396956
11.80734693877551	587.2721436754641	0.5726033
11.818956916099774	587.2721436754641	0.4681156
11.830566893424036	587.2721436754641	0.3876825
11.842176870748299	587.2721436754641	0.35382268
11.853786848072563	594.0959172898832	0.35912725
11.865396825396825	594.0959172898832	0.3830784
11.877006802721088	594.0959172898832	0.39959478
11.888616780045352	587.2721436754641	0.40962255
11.900226757369614	587.2721436754641	0.31934628
11.911836734693878	293.63607183773195	0.2751102
11.92344671201814	293.63607183773195	0.27656212
11.935056689342403	297.0479586449415	0.2410951
11.946666666666667	297.0479586449415	0.24723224
11.95827664399093	297.0479586449415	0.25103804
11.969886621315192	297.0479586449415	0.24108326
11.981496598639456	297.0479586449415	0.23691356
11.993106575963719	293.63607183773195	0.25278187
12.004716553287983	293.63607183773195	0.26273862
12.016326530612245	293.63607183773195	0.21594417
12.027936507936507	293.63607183773195	0.17417456
12.039546485260772	659.1906933049976	0.12851748
12.051156462585034	659.1906933049976	0.14606129
12.062766439909296	659.1906933049976	0.1759675
12.07437641723356	659.1906933049976	0.20061767
12.085986394557823	659.1906933049976	0.20240583
12.097596371882085	659.1906933049976	0.18300462
12.10920634920635	659.1906933049976	0.15374291
12.120816326530612	659.1906933049976	0.12089324
12.132426303854876	280.3759377994943	0.15479979
12.144036281179138	277.15554548439167	0.18151923
12.1556462585034	277.15554548439167	0.19087835
12.167256235827665	277.15554548439167	0.17858365
12.178866213151927	277.15554548439167	0.14942315
12.19047619047619	329.59534665249885	0.14138198
12.202086167800454	659.1906933049976	0.1650992
12.213696145124716	659.1906933049976	0.19776286
12.225306122448979	659.1906933049976	0.15345116
12.236916099773243	329.59534665249885	0.11558866
12.248526077097505	293.63607183773195	0.10808197
12.26013605442177	290.2633738929482	0.11569823
12.271746031746032	290.2633738929482	0.1331246
12.283356009070294	739.9165358336035	0.31344783
12.294965986394558	739.9165358336035	0.5362127
12.30657596371882	739.9165358336035	0.645436
12.318185941043083	739.9165358336035	0.6749508
12.329795918367347	748.5139518501272	0.64959097
12.34140589569161	748.5139518501272	0.6403456
12.353015873015874	748.5139518501272	0.6034069
12.364625850340136	739.9165358336035	0.60485303
12.376235827664399	739.9165358336035	0.67828906
12.387845804988663	739.9165358336035	0.7380248
12.399455782312925	739.9165358336035	0.73671424
12.411065759637188	739.9165358336035	0.6332003
12.422675736961452	739.9165358336035	0.5693722
12.434285714285714	739.9165358336035	0.5818129
12.445895691609977	739.9165358336035	0.6041016
12.45750566893424	739.9165358336035	0.6098989
12.469115646258503	739.9165358336035	0.6293084
12.480725623582767	739.9165358336035	0.63624394
12.49233560090703	739.9165358336035	0.6557424
12.503945578231292	739.9165358336035	0.6673272
12.515555555555556	739.9165358336035	0.6679573
12.527165532879819	739.9165358336035	0.67882013
12.538775510204081	739.9165358336035	0.67450154
12.550385487528345	739.9165358336035	0.6446502
12.561995464852608	739.9165358336035	0.6222642
12.57360544217687	739.9165358336035	0.5946471
12.585215419501134	739.9165358336035	0.5481719
12.596825396825396	739.9165358336035	0.45846733
12.60843537414966	739.9165358336035	0.40134495
12.620045351473923	739.9165358336035	0.363771
12.631655328798185	739.9165358336035	0.24705595
12.64326530612245	890.1381172189755	0.2314591
12.654875283446712	879.9140089214869	0.40402848
12.666485260770974	879.9140089214869	0.53303474
12.678095238095239	879.9140089214869	0.5523544
12.689705215419501	879.9140089214869	0.5460634
12.701315192743763	879.9140089214869	0.60198915
12.712925170068027	879.9140089214869	0.68052703
12.72453514739229	879.9140089214869	0.7190818
12.736145124716554	879.9140089214869	0.7030201
12.747755102040816	879.9140089214869	0.60487354
12.759365079365079	879.9140089214869	0.36121124
12.770975056689343	879.9140089214869	0.16593304
12.782585034013605	488.16286117205766	0.1757095
12.794195011337868	488.16286117205766	0.14597958
12.805804988662132	488.16286117205766	0.10383281
12.817414965986394	387.45511967816526	0.12279565
12.829024943310658	879.9140089214869	0.15091045
12.84063492063492	879.9140089214869	0.30163318
12.852244897959183	879.9140089214869	0.40724695
12.863854875283447	879.9140089214869	0.49509123
12.87546485260771	879.9140089214869	0.53300816
12.887074829931972	879.9140089214869	0.5999664
12.898684807256236	879.9140089214869	0.6895108
12.910294784580499	879.9140089214869	0.75356156
12.921904761904761	879.9140089214869	0.7681549
12.933514739229025	879.9140089214869	0.7462416
12.945124716553288	879.9140089214869	0.67108923
12.956734693877552	890.1381172189755	0.5575844
12.968344671201814	890.1381172189755	0.4466744
12.979954648526077	890.1381172189755	0.34550545
12.99156462585034	890.1381172189755	0.33923906
13.003174603174603	890.1381172189755	0.40262732
13.014784580498866	879.9140089214869	0.51717806
13.02639455782313	879.9140089214869	0.60891545
13.038004535147392	879.9140089214869	0.6124701
13.049614512471654	879.9140089214869	0.5804109
13.061224489795919	890.1381172189755	0.57748187
13.072834467120181	890.1381172189755	0.59118974
13.084444444444445	879.9140089214869	0.63202316
13.096054421768708	879.9140089214869	0.6214936
13.10766439909297	879.9140089214869	0.5751795
13.119274376417234	879.9140089214869	0.46262658
13.130884353741497	879.9140089214869	0.37115267
13.142494331065759	879.9140089214869	0.31452522
13.154104308390023	879.9140089214869	0.28429243
13.165714285714285	879.9140089214869	0.28691718
13.177324263038548	879.9140089214869	0.3308364
13.188934240362812	879.9140089214869	0.3831697
13.200544217687074	879.9140089214869	0.33657515
13.212154195011339	879.9140089214869	0.31179067
13.223764172335601	890.1381172189755	0.2654248
13.235374149659863	890.1381172189755	0.24115485
13.246984126984128	890.1381172189755	0.22034319
13.25859410430839	890.1381172189755	0.20852931
13.270204081632652	890.1381172189755	0.20808977
13.281814058956916	890.1381172189755	0.1936285
13.293424036281179	161.03368926551505	0.22624622
13.305034013605443	161.03368926551505	0.25346664
13.316643990929705	161.03368926551505	0.2098924
13.328253968253968	162.90481060453408	0.15196776
13.339863945578232	793.0229075982402	0.13377865
13.351473922902494	793.0229075982402	0.2100009
13.363083900226757	793.0229075982402	0.2810436
13.374693877551021	793.0229075982402	0.28899515
13.386303854875283	793.0229075982402	0.28020713
13.397913832199546	783.9142626218797	0.31280166
13.40952380952381	793.0229075982402	0.38747108
13.421133786848072	793.0229075982402	0.43707985
13.432743764172336	793.0229075982402	0.4772941
13.444353741496599	783.9142626218797	0.5119382
13.455963718820861	783.9142626218797	0.55726135
13.467573696145125	793.0229075982402	0.6069955
13.479183673469388	793.0229075982402	0.6404559
13.49079365079365	793.0229075982402	0.58727896
13.502403628117914	793.0229075982402	0.50499934
13.514013605442177	793.0229075982402	0.5109923
13.525623582766439	793.0229075982402	0.5380579
13.537233560090703	793.0229075982402	0.5444046
13.548843537414966	793.0229075982402	0.5210392
13.56045351473923	793.0229075982402	0.4518137
13.572063492063492	793.0229075982402	0.31007275
13.583673469387755	793.0229075982402	0.1665828
13.595283446712019	793.0229075982402	0.08468371
13.606893424036281	783.9142626218797	0.08056371
13.618503401360543	783.9142626218797	0.11107886
13.630113378684808	783.9142626218797	0.07632518
13.64172335600907	1497.0279037002545	0.09727726
13.653333333333334	739.9165358336035	0.1555018
13.664943310657597	739.9165358336035	0.17354155
13.676553287981859	739.9165358336035	0.15972404
13.688163265306123	739.9165358336035	0.12553062
13.699773242630386	739.9165358336035	0.13001494
13.711383219954648	739.9165358336035	0.15172264
13.722993197278912	739.9165358336035	0.18327118
13.734603174603174	739.9165358336035	0.2735685
13.746213151927437	739.9165358336035	0.3794472
13.757823129251701	739.9165358336035	0.40800893
13.769433106575963	739.9165358336035	0.42383152
13.781043083900228	739.9165358336035	0.46766415
13.79265306122449	739.9165358336035	0.45594493
13.804263038548752	739.9165358336035	0.40761834
13.815873015873017	739.9165358336035	0.33059454
13.827482993197279	739.9165358336035	0.2654614
13.839092970521541	434.9036672619066	0.2340026
13.850702947845805	434.9036672619066	0.23283513
13.862312925170068	748.5139518501272	0.238302
13.87392290249433	748.5139518501272	0.29820544
13.885532879818594	748.5139518501272	0.35477227
13.897142857142857	748.5139518501272	0.36129245
13.908752834467121	748.5139518501272	0.30206808
13.920362811791383	748.5139518501272	0.22190788
13.931972789115646	748.5139518501272	0.1475774
13.94358276643991	369.95826791680173	0.10686951
13.955192743764172	369.95826791680173	0.12312438
13.966802721088435	369.95826791680173	0.14076933
13.978412698412699	369.95826791680173	0.15541625
13.990022675736961	369.95826791680173	0.14751866
14.001632653061224	369.95826791680173	0.14941388
14.013242630385488	369.95826791680173	0.18003666
14.02485260770975	369.95826791680173	0.21190573
14.036462585034014	369.95826791680173	0.22502877
14.048072562358277	369.95826791680173	0.23643564
14.05968253968254	369.95826791680173	0.26238984
14.071292517006803	369.95826791680173	0.3061859
14.082902494331066	369.95826791680173	0.3164168
14.094512471655328	369.95826791680173	0.292913
14.106122448979592	369.95826791680173	0.28229967
14.117732426303855	369.95826791680173	0.26998895
14.129342403628119	369.95826791680173	0.24576358
14.140952380952381	369.95826791680173	0.21270585
14.152562358276644	369.95826791680173	0.16689491
14.164172335600908	369.95826791680173	0.1354476
14.17578231292517	369.95826791680173	0.09806553
14.187392290249432	293.63607183773195	0.056011353
14.199002267573697	445.06905860948774	0.1186796
14.210612244897959	445.06905860948774	0.16306104
14.222222222222221	445.06905860948774	0.19950065
14.233832199546486	445.06905860948774	0.22572623
14.245442176870748	445.06905860948774	0.25322047
14.257052154195012	445.06905860948774	0.25379977
14.268662131519275	439.95700446074346	0.21255484
14.280272108843537	439.95700446074346	0.1699496
14.291882086167801	439.95700446074346	0.13709821
14.303492063492063	434.9036672619066	0.10875887
14.315102040816326	434.9036672619066	0.094583966
14.32671201814059	434.9036672619066	0.09664004
14.338321995464852	434.9036672619066	0.10240124
14.349931972789115	434.9036672619066	0.09772459
14.361541950113379	434.9036672619066	0.095878236
14.373151927437641	434.9036672619066	0.0905982
14.384761904761906	434.9036672619066	0.08778892
14.396371882086168	439.95700446074346	0.09131517
14.40798185941043	439.95700446074346	0.12831701
14.419591836734694	439.95700446074346	0.18756756
14.431201814058957	439.95700446074346	0.2436815
14.44281179138322	439.95700446074346	0.28202996
14.454421768707483	439.95700446074346	0.34744757
14.466031746031746	439.95700446074346	0.43001673
14.477641723356008	439.95700446074346	0.49029326
14.489251700680272	439.95700446074346	0.5044648
14.500861678004535	439.95700446074346	0.44361073
14.512471655328799	439.95700446074346	0.32981807
14.524081632653061	329.59534665249885	0.2590502
14.535691609977324	329.59534665249885	0.2887497
14.547301587301588	329.59534665249885	0.3021215
14.55891156462585	329.59534665249885	0.29480323
14.570521541950113	329.59534665249885	0.2462831
14.582131519274377	329.59534665249885	0.19713894
14.59374149659864	329.59534665249885	0.1346909
14.605351473922903	1188.1918345797665	0.15149115
14.616961451247166	1188.1918345797665	0.17339733
14.628571428571428	1188.1918345797665	0.17927232
14.640181405895692	594.0959172898832	0.15881939
14.651791383219955	594.0959172898832	0.17125294
14.663401360544217	594.0959172898832	0.16200691
14.675011337868481	594.0959172898832	0.1461983
14.686621315192744	594.0959172898832	0.14247142
14.698231292517006	594.0959172898832	0.16468382
14.70984126984127	594.0959172898832	0.20245868
14.721451247165533	594.0959172898832	0.23548625
14.733061224489797	594.0959172898832	0.23167026
14.744671201814059	594.0959172898832	0.18826877
14.756281179138321	594.0959172898832	0.14214242
14.767891156462586	594.0959172898832	0.10969548
14.779501133786848	594.0959172898832	0.092476524
14.79111111111111	594.0959172898832	0.078023404
14.802721088435375	594.0959172898832	0.060588557
14.814331065759637	219.97850223037173	0.03831034
14.8259410430839	219.97850223037173	0.0531323
14.837551020408164	219.97850223037173	0.06916065
14.849160997732426	217.4518336309533	0.087494984
14.86077097505669	217.4518336309533	0.08946851
14.872380952380952	297.0479586449415	0.13304979
14.883990929705215	297.0479586449415	0.19974265
14.895600907029479	297.0479586449415	0.23902236
14.907210884353741	297.0479586449415	0.21637788
14.918820861678004	297.0479586449415	0.14480883
14.930430839002268	297.0479586449415	0.10196475
14.94204081632653	293.63607183773195	0.10256655
14.953650793650795	293.63607183773195	0.12658256
